-- phpMyAdmin SQL Dump
-- version 5.2.1
-- https://www.phpmyadmin.net/
--
-- Host: 127.0.0.1
-- Generation Time: Nov 25, 2025 at 07:12 AM
-- Server version: 10.4.32-MariaDB
-- PHP Version: 8.1.25

SET SQL_MODE = "NO_AUTO_VALUE_ON_ZERO";
START TRANSACTION;
SET time_zone = "+00:00";


/*!40101 SET @OLD_CHARACTER_SET_CLIENT=@@CHARACTER_SET_CLIENT */;
/*!40101 SET @OLD_CHARACTER_SET_RESULTS=@@CHARACTER_SET_RESULTS */;
/*!40101 SET @OLD_COLLATION_CONNECTION=@@COLLATION_CONNECTION */;
/*!40101 SET NAMES utf8mb4 */;

--
-- Database: `cbt`
--

-- --------------------------------------------------------

--
-- Table structure for table `api_setting`
--

CREATE TABLE `api_setting` (
  `id` int(11) NOT NULL,
  `auto_sync` int(11) NOT NULL DEFAULT 0,
  `edit_profile_siswa` int(11) NOT NULL DEFAULT 0,
  `edit_profile_guru` int(11) NOT NULL DEFAULT 0
) ENGINE=InnoDB DEFAULT CHARSET=utf8mb4 COLLATE=utf8mb4_general_ci ROW_FORMAT=COMPACT;

-- --------------------------------------------------------

--
-- Table structure for table `api_token`
--

CREATE TABLE `api_token` (
  `id_api` int(11) NOT NULL,
  `timestamp` datetime NOT NULL DEFAULT current_timestamp(),
  `id_user` int(11) NOT NULL,
  `address` mediumtext NOT NULL,
  `agent` mediumtext NOT NULL,
  `device` mediumtext NOT NULL,
  `token` mediumtext NOT NULL
) ENGINE=InnoDB DEFAULT CHARSET=utf8mb4 COLLATE=utf8mb4_general_ci ROW_FORMAT=COMPACT;

-- --------------------------------------------------------

--
-- Table structure for table `buku_induk`
--

CREATE TABLE `buku_induk` (
  `id_siswa` int(11) NOT NULL,
  `uid` varchar(50) NOT NULL,
  `rombel_awal` varchar(50) DEFAULT NULL,
  `nama_panggilan` varchar(50) DEFAULT NULL,
  `bahasa` varchar(50) DEFAULT NULL,
  `jml_saudara_kandung` int(11) NOT NULL DEFAULT 0,
  `jml_saudara_tiri` int(11) NOT NULL DEFAULT 0,
  `jml_saudara_angkat` int(11) NOT NULL DEFAULT 0,
  `yatim` int(11) NOT NULL DEFAULT 0 COMMENT '0=ada orang-tua, 1=yatim, 2=yatim piatu',
  `tinggal_bersama` varchar(1) NOT NULL DEFAULT '1' COMMENT '1=orang-tua, 2=saudara, 3=wali, 4=asrama/pesantren, 5=kost, 6=lainnya',
  `jarak` varchar(10) DEFAULT NULL,
  `gol_darah` varchar(4) DEFAULT NULL,
  `penyakit` longtext DEFAULT NULL,
  `kelainan_fisik` varchar(100) DEFAULT NULL,
  `kegemaran` longtext DEFAULT NULL,
  `beasiswa` longtext DEFAULT NULL,
  `no_ijazah_sebelumnya` varchar(50) DEFAULT NULL,
  `tahun_lulus_sebelumnya` varchar(10) DEFAULT NULL,
  `pindahan_dari` varchar(100) DEFAULT NULL,
  `alasan_kepindahan` varchar(200) DEFAULT NULL,
  `agama_ayah` varchar(20) DEFAULT NULL,
  `tempat_lahir_ayah` varchar(50) DEFAULT NULL,
  `wn_ayah` varchar(50) DEFAULT NULL,
  `penghasilan_ayah` varchar(50) DEFAULT NULL,
  `hidup_meninggal_ayah` varchar(50) DEFAULT NULL,
  `agama_ibu` varchar(50) DEFAULT NULL,
  `tempat_lahir_ibu` varchar(50) DEFAULT NULL,
  `wn_ibu` varchar(50) DEFAULT NULL,
  `penghasilan_ibu` varchar(50) DEFAULT NULL,
  `hidup_meninggal_ibu` varchar(50) DEFAULT NULL,
  `tempat_lahir_wali` varchar(50) DEFAULT NULL,
  `agama_wali` varchar(20) DEFAULT NULL,
  `wn_wali` varchar(50) DEFAULT NULL,
  `penghasilan_wali` varchar(10) DEFAULT NULL,
  `status` int(11) DEFAULT 1 COMMENT '1= aktif, 2=lulus, 3=pindah, 4=keluar',
  `tahun_lulus` int(11) DEFAULT NULL,
  `no_ijazah` varchar(50) DEFAULT NULL,
  `kelas_akhir` varchar(50) DEFAULT NULL,
  `lanjut_ke` varchar(50) DEFAULT NULL,
  `pindah_ke` varchar(100) DEFAULT NULL,
  `alasan_pindah` varchar(100) DEFAULT NULL,
  `tgl_pindah` varchar(20) DEFAULT NULL,
  `bekerja_di` varchar(100) DEFAULT NULL,
  `catatan_penting` longtext DEFAULT NULL
) ENGINE=InnoDB DEFAULT CHARSET=utf8mb4 COLLATE=utf8mb4_general_ci ROW_FORMAT=DYNAMIC;

--
-- Dumping data for table `buku_induk`
--

INSERT INTO `buku_induk` (`id_siswa`, `uid`, `rombel_awal`, `nama_panggilan`, `bahasa`, `jml_saudara_kandung`, `jml_saudara_tiri`, `jml_saudara_angkat`, `yatim`, `tinggal_bersama`, `jarak`, `gol_darah`, `penyakit`, `kelainan_fisik`, `kegemaran`, `beasiswa`, `no_ijazah_sebelumnya`, `tahun_lulus_sebelumnya`, `pindahan_dari`, `alasan_kepindahan`, `agama_ayah`, `tempat_lahir_ayah`, `wn_ayah`, `penghasilan_ayah`, `hidup_meninggal_ayah`, `agama_ibu`, `tempat_lahir_ibu`, `wn_ibu`, `penghasilan_ibu`, `hidup_meninggal_ibu`, `tempat_lahir_wali`, `agama_wali`, `wn_wali`, `penghasilan_wali`, `status`, `tahun_lulus`, `no_ijazah`, `kelas_akhir`, `lanjut_ke`, `pindah_ke`, `alasan_pindah`, `tgl_pindah`, `bekerja_di`, `catatan_penting`) VALUES
(5, '41f1f98a-c820-11f0-88d3-86b703ea8bfb', NULL, NULL, NULL, 0, 0, 0, 0, '1', NULL, NULL, NULL, NULL, NULL, NULL, NULL, NULL, NULL, NULL, NULL, NULL, NULL, NULL, NULL, NULL, NULL, NULL, NULL, NULL, NULL, NULL, NULL, NULL, 1, NULL, NULL, NULL, NULL, NULL, NULL, NULL, NULL, NULL),
(6, '41f2ad6c-c820-11f0-88d3-86b703ea8bfb', NULL, NULL, NULL, 0, 0, 0, 0, '1', NULL, NULL, NULL, NULL, NULL, NULL, NULL, NULL, NULL, NULL, NULL, NULL, NULL, NULL, NULL, NULL, NULL, NULL, NULL, NULL, NULL, NULL, NULL, NULL, 1, NULL, NULL, NULL, NULL, NULL, NULL, NULL, NULL, NULL),
(7, '41f32702-c820-11f0-88d3-86b703ea8bfb', NULL, NULL, NULL, 0, 0, 0, 0, '1', NULL, NULL, NULL, NULL, NULL, NULL, NULL, NULL, NULL, NULL, NULL, NULL, NULL, NULL, NULL, NULL, NULL, NULL, NULL, NULL, NULL, NULL, NULL, NULL, 1, NULL, NULL, NULL, NULL, NULL, NULL, NULL, NULL, NULL),
(8, '41f34cee-c820-11f0-88d3-86b703ea8bfb', NULL, NULL, NULL, 0, 0, 0, 0, '1', NULL, NULL, NULL, NULL, NULL, NULL, NULL, NULL, NULL, NULL, NULL, NULL, NULL, NULL, NULL, NULL, NULL, NULL, NULL, NULL, NULL, NULL, NULL, NULL, 1, NULL, NULL, NULL, NULL, NULL, NULL, NULL, NULL, NULL),
(9, '41f3758c-c820-11f0-88d3-86b703ea8bfb', NULL, NULL, NULL, 0, 0, 0, 0, '1', NULL, NULL, NULL, NULL, NULL, NULL, NULL, NULL, NULL, NULL, NULL, NULL, NULL, NULL, NULL, NULL, NULL, NULL, NULL, NULL, NULL, NULL, NULL, NULL, 1, NULL, NULL, NULL, NULL, NULL, NULL, NULL, NULL, NULL),
(10, '41f39ebd-c820-11f0-88d3-86b703ea8bfb', NULL, NULL, NULL, 0, 0, 0, 0, '1', NULL, NULL, NULL, NULL, NULL, NULL, NULL, NULL, NULL, NULL, NULL, NULL, NULL, NULL, NULL, NULL, NULL, NULL, NULL, NULL, NULL, NULL, NULL, NULL, 1, NULL, NULL, NULL, NULL, NULL, NULL, NULL, NULL, NULL),
(11, '41f3c0f1-c820-11f0-88d3-86b703ea8bfb', NULL, NULL, NULL, 0, 0, 0, 0, '1', NULL, NULL, NULL, NULL, NULL, NULL, NULL, NULL, NULL, NULL, NULL, NULL, NULL, NULL, NULL, NULL, NULL, NULL, NULL, NULL, NULL, NULL, NULL, NULL, 1, NULL, NULL, NULL, NULL, NULL, NULL, NULL, NULL, NULL),
(12, '41f3e367-c820-11f0-88d3-86b703ea8bfb', NULL, NULL, NULL, 0, 0, 0, 0, '1', NULL, NULL, NULL, NULL, NULL, NULL, NULL, NULL, NULL, NULL, NULL, NULL, NULL, NULL, NULL, NULL, NULL, NULL, NULL, NULL, NULL, NULL, NULL, NULL, 1, NULL, NULL, NULL, NULL, NULL, NULL, NULL, NULL, NULL),
(13, '41f3fd85-c820-11f0-88d3-86b703ea8bfb', NULL, NULL, NULL, 0, 0, 0, 0, '1', NULL, NULL, NULL, NULL, NULL, NULL, NULL, NULL, NULL, NULL, NULL, NULL, NULL, NULL, NULL, NULL, NULL, NULL, NULL, NULL, NULL, NULL, NULL, NULL, 1, NULL, NULL, NULL, NULL, NULL, NULL, NULL, NULL, NULL),
(14, '41f40f53-c820-11f0-88d3-86b703ea8bfb', NULL, NULL, NULL, 0, 0, 0, 0, '1', NULL, NULL, NULL, NULL, NULL, NULL, NULL, NULL, NULL, NULL, NULL, NULL, NULL, NULL, NULL, NULL, NULL, NULL, NULL, NULL, NULL, NULL, NULL, NULL, 1, NULL, NULL, NULL, NULL, NULL, NULL, NULL, NULL, NULL),
(15, '41f429ad-c820-11f0-88d3-86b703ea8bfb', NULL, NULL, NULL, 0, 0, 0, 0, '1', NULL, NULL, NULL, NULL, NULL, NULL, NULL, NULL, NULL, NULL, NULL, NULL, NULL, NULL, NULL, NULL, NULL, NULL, NULL, NULL, NULL, NULL, NULL, NULL, 1, NULL, NULL, NULL, NULL, NULL, NULL, NULL, NULL, NULL),
(16, '41f43bf6-c820-11f0-88d3-86b703ea8bfb', NULL, NULL, NULL, 0, 0, 0, 0, '1', NULL, NULL, NULL, NULL, NULL, NULL, NULL, NULL, NULL, NULL, NULL, NULL, NULL, NULL, NULL, NULL, NULL, NULL, NULL, NULL, NULL, NULL, NULL, NULL, 1, NULL, NULL, NULL, NULL, NULL, NULL, NULL, NULL, NULL),
(17, '41f4523d-c820-11f0-88d3-86b703ea8bfb', NULL, NULL, NULL, 0, 0, 0, 0, '1', NULL, NULL, NULL, NULL, NULL, NULL, NULL, NULL, NULL, NULL, NULL, NULL, NULL, NULL, NULL, NULL, NULL, NULL, NULL, NULL, NULL, NULL, NULL, NULL, 1, NULL, NULL, NULL, NULL, NULL, NULL, NULL, NULL, NULL),
(18, '41f467a8-c820-11f0-88d3-86b703ea8bfb', NULL, NULL, NULL, 0, 0, 0, 0, '1', NULL, NULL, NULL, NULL, NULL, NULL, NULL, NULL, NULL, NULL, NULL, NULL, NULL, NULL, NULL, NULL, NULL, NULL, NULL, NULL, NULL, NULL, NULL, NULL, 1, NULL, NULL, NULL, NULL, NULL, NULL, NULL, NULL, NULL),
(19, '41f475db-c820-11f0-88d3-86b703ea8bfb', NULL, NULL, NULL, 0, 0, 0, 0, '1', NULL, NULL, NULL, NULL, NULL, NULL, NULL, NULL, NULL, NULL, NULL, NULL, NULL, NULL, NULL, NULL, NULL, NULL, NULL, NULL, NULL, NULL, NULL, NULL, 1, NULL, NULL, NULL, NULL, NULL, NULL, NULL, NULL, NULL),
(20, '41f48324-c820-11f0-88d3-86b703ea8bfb', NULL, NULL, NULL, 0, 0, 0, 0, '1', NULL, NULL, NULL, NULL, NULL, NULL, NULL, NULL, NULL, NULL, NULL, NULL, NULL, NULL, NULL, NULL, NULL, NULL, NULL, NULL, NULL, NULL, NULL, NULL, 1, NULL, NULL, NULL, NULL, NULL, NULL, NULL, NULL, NULL),
(21, '41f49012-c820-11f0-88d3-86b703ea8bfb', NULL, NULL, NULL, 0, 0, 0, 0, '1', NULL, NULL, NULL, NULL, NULL, NULL, NULL, NULL, NULL, NULL, NULL, NULL, NULL, NULL, NULL, NULL, NULL, NULL, NULL, NULL, NULL, NULL, NULL, NULL, 1, NULL, NULL, NULL, NULL, NULL, NULL, NULL, NULL, NULL),
(22, '41f49d5b-c820-11f0-88d3-86b703ea8bfb', NULL, NULL, NULL, 0, 0, 0, 0, '1', NULL, NULL, NULL, NULL, NULL, NULL, NULL, NULL, NULL, NULL, NULL, NULL, NULL, NULL, NULL, NULL, NULL, NULL, NULL, NULL, NULL, NULL, NULL, NULL, 1, NULL, NULL, NULL, NULL, NULL, NULL, NULL, NULL, NULL),
(23, '41f4aa6c-c820-11f0-88d3-86b703ea8bfb', NULL, NULL, NULL, 0, 0, 0, 0, '1', NULL, NULL, NULL, NULL, NULL, NULL, NULL, NULL, NULL, NULL, NULL, NULL, NULL, NULL, NULL, NULL, NULL, NULL, NULL, NULL, NULL, NULL, NULL, NULL, 1, NULL, NULL, NULL, NULL, NULL, NULL, NULL, NULL, NULL),
(24, '41f4b761-c820-11f0-88d3-86b703ea8bfb', NULL, NULL, NULL, 0, 0, 0, 0, '1', NULL, NULL, NULL, NULL, NULL, NULL, NULL, NULL, NULL, NULL, NULL, NULL, NULL, NULL, NULL, NULL, NULL, NULL, NULL, NULL, NULL, NULL, NULL, NULL, 1, NULL, NULL, NULL, NULL, NULL, NULL, NULL, NULL, NULL),
(25, '41f4c468-c820-11f0-88d3-86b703ea8bfb', NULL, NULL, NULL, 0, 0, 0, 0, '1', NULL, NULL, NULL, NULL, NULL, NULL, NULL, NULL, NULL, NULL, NULL, NULL, NULL, NULL, NULL, NULL, NULL, NULL, NULL, NULL, NULL, NULL, NULL, NULL, 1, NULL, NULL, NULL, NULL, NULL, NULL, NULL, NULL, NULL),
(26, '5b961beb-c831-11f0-88d3-86b703ea8bfb', NULL, NULL, NULL, 0, 0, 0, 0, '1', NULL, NULL, NULL, NULL, NULL, NULL, NULL, NULL, NULL, NULL, NULL, NULL, NULL, NULL, NULL, NULL, NULL, NULL, NULL, NULL, NULL, NULL, NULL, NULL, 1, NULL, NULL, NULL, NULL, NULL, NULL, NULL, NULL, NULL),
(27, '5b968abd-c831-11f0-88d3-86b703ea8bfb', NULL, NULL, NULL, 0, 0, 0, 0, '1', NULL, NULL, NULL, NULL, NULL, NULL, NULL, NULL, NULL, NULL, NULL, NULL, NULL, NULL, NULL, NULL, NULL, NULL, NULL, NULL, NULL, NULL, NULL, NULL, 1, NULL, NULL, NULL, NULL, NULL, NULL, NULL, NULL, NULL),
(28, '5b96ca13-c831-11f0-88d3-86b703ea8bfb', NULL, NULL, NULL, 0, 0, 0, 0, '1', NULL, NULL, NULL, NULL, NULL, NULL, NULL, NULL, NULL, NULL, NULL, NULL, NULL, NULL, NULL, NULL, NULL, NULL, NULL, NULL, NULL, NULL, NULL, NULL, 1, NULL, NULL, NULL, NULL, NULL, NULL, NULL, NULL, NULL),
(29, '5b96e8b8-c831-11f0-88d3-86b703ea8bfb', NULL, NULL, NULL, 0, 0, 0, 0, '1', NULL, NULL, NULL, NULL, NULL, NULL, NULL, NULL, NULL, NULL, NULL, NULL, NULL, NULL, NULL, NULL, NULL, NULL, NULL, NULL, NULL, NULL, NULL, NULL, 1, NULL, NULL, NULL, NULL, NULL, NULL, NULL, NULL, NULL),
(30, '5b970697-c831-11f0-88d3-86b703ea8bfb', NULL, NULL, NULL, 0, 0, 0, 0, '1', NULL, NULL, NULL, NULL, NULL, NULL, NULL, NULL, NULL, NULL, NULL, NULL, NULL, NULL, NULL, NULL, NULL, NULL, NULL, NULL, NULL, NULL, NULL, NULL, 1, NULL, NULL, NULL, NULL, NULL, NULL, NULL, NULL, NULL),
(31, '5b997f44-c831-11f0-88d3-86b703ea8bfb', NULL, NULL, NULL, 0, 0, 0, 0, '1', NULL, NULL, NULL, NULL, NULL, NULL, NULL, NULL, NULL, NULL, NULL, NULL, NULL, NULL, NULL, NULL, NULL, NULL, NULL, NULL, NULL, NULL, NULL, NULL, 1, NULL, NULL, NULL, NULL, NULL, NULL, NULL, NULL, NULL),
(32, '5b99a692-c831-11f0-88d3-86b703ea8bfb', NULL, NULL, NULL, 0, 0, 0, 0, '1', NULL, NULL, NULL, NULL, NULL, NULL, NULL, NULL, NULL, NULL, NULL, NULL, NULL, NULL, NULL, NULL, NULL, NULL, NULL, NULL, NULL, NULL, NULL, NULL, 1, NULL, NULL, NULL, NULL, NULL, NULL, NULL, NULL, NULL),
(33, '5b99bda9-c831-11f0-88d3-86b703ea8bfb', NULL, NULL, NULL, 0, 0, 0, 0, '1', NULL, NULL, NULL, NULL, NULL, NULL, NULL, NULL, NULL, NULL, NULL, NULL, NULL, NULL, NULL, NULL, NULL, NULL, NULL, NULL, NULL, NULL, NULL, NULL, 1, NULL, NULL, NULL, NULL, NULL, NULL, NULL, NULL, NULL),
(34, '5b99d509-c831-11f0-88d3-86b703ea8bfb', NULL, NULL, NULL, 0, 0, 0, 0, '1', NULL, NULL, NULL, NULL, NULL, NULL, NULL, NULL, NULL, NULL, NULL, NULL, NULL, NULL, NULL, NULL, NULL, NULL, NULL, NULL, NULL, NULL, NULL, NULL, 1, NULL, NULL, NULL, NULL, NULL, NULL, NULL, NULL, NULL),
(35, '5b99eb6d-c831-11f0-88d3-86b703ea8bfb', NULL, NULL, NULL, 0, 0, 0, 0, '1', NULL, NULL, NULL, NULL, NULL, NULL, NULL, NULL, NULL, NULL, NULL, NULL, NULL, NULL, NULL, NULL, NULL, NULL, NULL, NULL, NULL, NULL, NULL, NULL, 1, NULL, NULL, NULL, NULL, NULL, NULL, NULL, NULL, NULL),
(36, '5b9a014d-c831-11f0-88d3-86b703ea8bfb', NULL, NULL, NULL, 0, 0, 0, 0, '1', NULL, NULL, NULL, NULL, NULL, NULL, NULL, NULL, NULL, NULL, NULL, NULL, NULL, NULL, NULL, NULL, NULL, NULL, NULL, NULL, NULL, NULL, NULL, NULL, 1, NULL, NULL, NULL, NULL, NULL, NULL, NULL, NULL, NULL),
(37, '5b9a173d-c831-11f0-88d3-86b703ea8bfb', NULL, NULL, NULL, 0, 0, 0, 0, '1', NULL, NULL, NULL, NULL, NULL, NULL, NULL, NULL, NULL, NULL, NULL, NULL, NULL, NULL, NULL, NULL, NULL, NULL, NULL, NULL, NULL, NULL, NULL, NULL, 1, NULL, NULL, NULL, NULL, NULL, NULL, NULL, NULL, NULL),
(38, '5b9a2d12-c831-11f0-88d3-86b703ea8bfb', NULL, NULL, NULL, 0, 0, 0, 0, '1', NULL, NULL, NULL, NULL, NULL, NULL, NULL, NULL, NULL, NULL, NULL, NULL, NULL, NULL, NULL, NULL, NULL, NULL, NULL, NULL, NULL, NULL, NULL, NULL, 1, NULL, NULL, NULL, NULL, NULL, NULL, NULL, NULL, NULL),
(39, '5b9a42fe-c831-11f0-88d3-86b703ea8bfb', NULL, NULL, NULL, 0, 0, 0, 0, '1', NULL, NULL, NULL, NULL, NULL, NULL, NULL, NULL, NULL, NULL, NULL, NULL, NULL, NULL, NULL, NULL, NULL, NULL, NULL, NULL, NULL, NULL, NULL, NULL, 1, NULL, NULL, NULL, NULL, NULL, NULL, NULL, NULL, NULL),
(40, '5b9a5a02-c831-11f0-88d3-86b703ea8bfb', NULL, NULL, NULL, 0, 0, 0, 0, '1', NULL, NULL, NULL, NULL, NULL, NULL, NULL, NULL, NULL, NULL, NULL, NULL, NULL, NULL, NULL, NULL, NULL, NULL, NULL, NULL, NULL, NULL, NULL, NULL, 1, NULL, NULL, NULL, NULL, NULL, NULL, NULL, NULL, NULL),
(41, '5b9a7072-c831-11f0-88d3-86b703ea8bfb', NULL, NULL, NULL, 0, 0, 0, 0, '1', NULL, NULL, NULL, NULL, NULL, NULL, NULL, NULL, NULL, NULL, NULL, NULL, NULL, NULL, NULL, NULL, NULL, NULL, NULL, NULL, NULL, NULL, NULL, NULL, 1, NULL, NULL, NULL, NULL, NULL, NULL, NULL, NULL, NULL),
(42, '5b9a8693-c831-11f0-88d3-86b703ea8bfb', NULL, NULL, NULL, 0, 0, 0, 0, '1', NULL, NULL, NULL, NULL, NULL, NULL, NULL, NULL, NULL, NULL, NULL, NULL, NULL, NULL, NULL, NULL, NULL, NULL, NULL, NULL, NULL, NULL, NULL, NULL, 1, NULL, NULL, NULL, NULL, NULL, NULL, NULL, NULL, NULL),
(43, '5b9a9c88-c831-11f0-88d3-86b703ea8bfb', NULL, NULL, NULL, 0, 0, 0, 0, '1', NULL, NULL, NULL, NULL, NULL, NULL, NULL, NULL, NULL, NULL, NULL, NULL, NULL, NULL, NULL, NULL, NULL, NULL, NULL, NULL, NULL, NULL, NULL, NULL, 1, NULL, NULL, NULL, NULL, NULL, NULL, NULL, NULL, NULL),
(44, '5b9ab25f-c831-11f0-88d3-86b703ea8bfb', NULL, NULL, NULL, 0, 0, 0, 0, '1', NULL, NULL, NULL, NULL, NULL, NULL, NULL, NULL, NULL, NULL, NULL, NULL, NULL, NULL, NULL, NULL, NULL, NULL, NULL, NULL, NULL, NULL, NULL, NULL, 1, NULL, NULL, NULL, NULL, NULL, NULL, NULL, NULL, NULL),
(45, '5b9ac86f-c831-11f0-88d3-86b703ea8bfb', NULL, NULL, NULL, 0, 0, 0, 0, '1', NULL, NULL, NULL, NULL, NULL, NULL, NULL, NULL, NULL, NULL, NULL, NULL, NULL, NULL, NULL, NULL, NULL, NULL, NULL, NULL, NULL, NULL, NULL, NULL, 1, NULL, NULL, NULL, NULL, NULL, NULL, NULL, NULL, NULL),
(46, '5b9ade6c-c831-11f0-88d3-86b703ea8bfb', NULL, NULL, NULL, 0, 0, 0, 0, '1', NULL, NULL, NULL, NULL, NULL, NULL, NULL, NULL, NULL, NULL, NULL, NULL, NULL, NULL, NULL, NULL, NULL, NULL, NULL, NULL, NULL, NULL, NULL, NULL, 1, NULL, NULL, NULL, NULL, NULL, NULL, NULL, NULL, NULL),
(47, '5b9af421-c831-11f0-88d3-86b703ea8bfb', NULL, NULL, NULL, 0, 0, 0, 0, '1', NULL, NULL, NULL, NULL, NULL, NULL, NULL, NULL, NULL, NULL, NULL, NULL, NULL, NULL, NULL, NULL, NULL, NULL, NULL, NULL, NULL, NULL, NULL, NULL, 1, NULL, NULL, NULL, NULL, NULL, NULL, NULL, NULL, NULL),
(48, '5b9b0a27-c831-11f0-88d3-86b703ea8bfb', NULL, NULL, NULL, 0, 0, 0, 0, '1', NULL, NULL, NULL, NULL, NULL, NULL, NULL, NULL, NULL, NULL, NULL, NULL, NULL, NULL, NULL, NULL, NULL, NULL, NULL, NULL, NULL, NULL, NULL, NULL, 1, NULL, NULL, NULL, NULL, NULL, NULL, NULL, NULL, NULL),
(49, '5b9b2003-c831-11f0-88d3-86b703ea8bfb', NULL, NULL, NULL, 0, 0, 0, 0, '1', NULL, NULL, NULL, NULL, NULL, NULL, NULL, NULL, NULL, NULL, NULL, NULL, NULL, NULL, NULL, NULL, NULL, NULL, NULL, NULL, NULL, NULL, NULL, NULL, 1, NULL, NULL, NULL, NULL, NULL, NULL, NULL, NULL, NULL),
(50, '147cad89-c832-11f0-88d3-86b703ea8bfb', NULL, NULL, NULL, 0, 0, 0, 0, '1', NULL, NULL, NULL, NULL, NULL, NULL, NULL, NULL, NULL, NULL, NULL, NULL, NULL, NULL, NULL, NULL, NULL, NULL, NULL, NULL, NULL, NULL, NULL, NULL, 1, NULL, NULL, NULL, NULL, NULL, NULL, NULL, NULL, NULL),
(51, '147cf820-c832-11f0-88d3-86b703ea8bfb', NULL, NULL, NULL, 0, 0, 0, 0, '1', NULL, NULL, NULL, NULL, NULL, NULL, NULL, NULL, NULL, NULL, NULL, NULL, NULL, NULL, NULL, NULL, NULL, NULL, NULL, NULL, NULL, NULL, NULL, NULL, 1, NULL, NULL, NULL, NULL, NULL, NULL, NULL, NULL, NULL),
(52, '147d0f99-c832-11f0-88d3-86b703ea8bfb', NULL, NULL, NULL, 0, 0, 0, 0, '1', NULL, NULL, NULL, NULL, NULL, NULL, NULL, NULL, NULL, NULL, NULL, NULL, NULL, NULL, NULL, NULL, NULL, NULL, NULL, NULL, NULL, NULL, NULL, NULL, 1, NULL, NULL, NULL, NULL, NULL, NULL, NULL, NULL, NULL),
(53, '147d2627-c832-11f0-88d3-86b703ea8bfb', NULL, NULL, NULL, 0, 0, 0, 0, '1', NULL, NULL, NULL, NULL, NULL, NULL, NULL, NULL, NULL, NULL, NULL, NULL, NULL, NULL, NULL, NULL, NULL, NULL, NULL, NULL, NULL, NULL, NULL, NULL, 1, NULL, NULL, NULL, NULL, NULL, NULL, NULL, NULL, NULL),
(54, '147d3c7d-c832-11f0-88d3-86b703ea8bfb', NULL, NULL, NULL, 0, 0, 0, 0, '1', NULL, NULL, NULL, NULL, NULL, NULL, NULL, NULL, NULL, NULL, NULL, NULL, NULL, NULL, NULL, NULL, NULL, NULL, NULL, NULL, NULL, NULL, NULL, NULL, 1, NULL, NULL, NULL, NULL, NULL, NULL, NULL, NULL, NULL),
(55, '147d5323-c832-11f0-88d3-86b703ea8bfb', NULL, NULL, NULL, 0, 0, 0, 0, '1', NULL, NULL, NULL, NULL, NULL, NULL, NULL, NULL, NULL, NULL, NULL, NULL, NULL, NULL, NULL, NULL, NULL, NULL, NULL, NULL, NULL, NULL, NULL, NULL, 1, NULL, NULL, NULL, NULL, NULL, NULL, NULL, NULL, NULL),
(56, '147d7b97-c832-11f0-88d3-86b703ea8bfb', NULL, NULL, NULL, 0, 0, 0, 0, '1', NULL, NULL, NULL, NULL, NULL, NULL, NULL, NULL, NULL, NULL, NULL, NULL, NULL, NULL, NULL, NULL, NULL, NULL, NULL, NULL, NULL, NULL, NULL, NULL, 1, NULL, NULL, NULL, NULL, NULL, NULL, NULL, NULL, NULL),
(57, '147fee04-c832-11f0-88d3-86b703ea8bfb', NULL, NULL, NULL, 0, 0, 0, 0, '1', NULL, NULL, NULL, NULL, NULL, NULL, NULL, NULL, NULL, NULL, NULL, NULL, NULL, NULL, NULL, NULL, NULL, NULL, NULL, NULL, NULL, NULL, NULL, NULL, 1, NULL, NULL, NULL, NULL, NULL, NULL, NULL, NULL, NULL),
(58, '148020a3-c832-11f0-88d3-86b703ea8bfb', NULL, NULL, NULL, 0, 0, 0, 0, '1', NULL, NULL, NULL, NULL, NULL, NULL, NULL, NULL, NULL, NULL, NULL, NULL, NULL, NULL, NULL, NULL, NULL, NULL, NULL, NULL, NULL, NULL, NULL, NULL, 1, NULL, NULL, NULL, NULL, NULL, NULL, NULL, NULL, NULL),
(59, '148058af-c832-11f0-88d3-86b703ea8bfb', NULL, NULL, NULL, 0, 0, 0, 0, '1', NULL, NULL, NULL, NULL, NULL, NULL, NULL, NULL, NULL, NULL, NULL, NULL, NULL, NULL, NULL, NULL, NULL, NULL, NULL, NULL, NULL, NULL, NULL, NULL, 1, NULL, NULL, NULL, NULL, NULL, NULL, NULL, NULL, NULL),
(60, '1480773d-c832-11f0-88d3-86b703ea8bfb', NULL, NULL, NULL, 0, 0, 0, 0, '1', NULL, NULL, NULL, NULL, NULL, NULL, NULL, NULL, NULL, NULL, NULL, NULL, NULL, NULL, NULL, NULL, NULL, NULL, NULL, NULL, NULL, NULL, NULL, NULL, 1, NULL, NULL, NULL, NULL, NULL, NULL, NULL, NULL, NULL),
(61, '1480a14c-c832-11f0-88d3-86b703ea8bfb', NULL, NULL, NULL, 0, 0, 0, 0, '1', NULL, NULL, NULL, NULL, NULL, NULL, NULL, NULL, NULL, NULL, NULL, NULL, NULL, NULL, NULL, NULL, NULL, NULL, NULL, NULL, NULL, NULL, NULL, NULL, 1, NULL, NULL, NULL, NULL, NULL, NULL, NULL, NULL, NULL),
(62, '1480b86e-c832-11f0-88d3-86b703ea8bfb', NULL, NULL, NULL, 0, 0, 0, 0, '1', NULL, NULL, NULL, NULL, NULL, NULL, NULL, NULL, NULL, NULL, NULL, NULL, NULL, NULL, NULL, NULL, NULL, NULL, NULL, NULL, NULL, NULL, NULL, NULL, 1, NULL, NULL, NULL, NULL, NULL, NULL, NULL, NULL, NULL),
(63, '1480cf94-c832-11f0-88d3-86b703ea8bfb', NULL, NULL, NULL, 0, 0, 0, 0, '1', NULL, NULL, NULL, NULL, NULL, NULL, NULL, NULL, NULL, NULL, NULL, NULL, NULL, NULL, NULL, NULL, NULL, NULL, NULL, NULL, NULL, NULL, NULL, NULL, 1, NULL, NULL, NULL, NULL, NULL, NULL, NULL, NULL, NULL),
(64, '1480e8ce-c832-11f0-88d3-86b703ea8bfb', NULL, NULL, NULL, 0, 0, 0, 0, '1', NULL, NULL, NULL, NULL, NULL, NULL, NULL, NULL, NULL, NULL, NULL, NULL, NULL, NULL, NULL, NULL, NULL, NULL, NULL, NULL, NULL, NULL, NULL, NULL, 1, NULL, NULL, NULL, NULL, NULL, NULL, NULL, NULL, NULL),
(65, '14810061-c832-11f0-88d3-86b703ea8bfb', NULL, NULL, NULL, 0, 0, 0, 0, '1', NULL, NULL, NULL, NULL, NULL, NULL, NULL, NULL, NULL, NULL, NULL, NULL, NULL, NULL, NULL, NULL, NULL, NULL, NULL, NULL, NULL, NULL, NULL, NULL, 1, NULL, NULL, NULL, NULL, NULL, NULL, NULL, NULL, NULL),
(66, '9c6ab346-c881-11f0-be9c-b213462afd77', NULL, NULL, NULL, 0, 0, 0, 0, '1', NULL, NULL, NULL, NULL, NULL, NULL, NULL, NULL, NULL, NULL, NULL, NULL, NULL, NULL, NULL, NULL, NULL, NULL, NULL, NULL, NULL, NULL, NULL, NULL, 1, NULL, NULL, NULL, NULL, NULL, NULL, NULL, NULL, NULL),
(67, '9c6b6574-c881-11f0-be9c-b213462afd77', NULL, NULL, NULL, 0, 0, 0, 0, '1', NULL, NULL, NULL, NULL, NULL, NULL, NULL, NULL, NULL, NULL, NULL, NULL, NULL, NULL, NULL, NULL, NULL, NULL, NULL, NULL, NULL, NULL, NULL, NULL, 1, NULL, NULL, NULL, NULL, NULL, NULL, NULL, NULL, NULL),
(68, '9c6b7c85-c881-11f0-be9c-b213462afd77', NULL, NULL, NULL, 0, 0, 0, 0, '1', NULL, NULL, NULL, NULL, NULL, NULL, NULL, NULL, NULL, NULL, NULL, NULL, NULL, NULL, NULL, NULL, NULL, NULL, NULL, NULL, NULL, NULL, NULL, NULL, 1, NULL, NULL, NULL, NULL, NULL, NULL, NULL, NULL, NULL),
(69, '9c6b9284-c881-11f0-be9c-b213462afd77', NULL, NULL, NULL, 0, 0, 0, 0, '1', NULL, NULL, NULL, NULL, NULL, NULL, NULL, NULL, NULL, NULL, NULL, NULL, NULL, NULL, NULL, NULL, NULL, NULL, NULL, NULL, NULL, NULL, NULL, NULL, 1, NULL, NULL, NULL, NULL, NULL, NULL, NULL, NULL, NULL),
(70, '9c6bb355-c881-11f0-be9c-b213462afd77', NULL, NULL, NULL, 0, 0, 0, 0, '1', NULL, NULL, NULL, NULL, NULL, NULL, NULL, NULL, NULL, NULL, NULL, NULL, NULL, NULL, NULL, NULL, NULL, NULL, NULL, NULL, NULL, NULL, NULL, NULL, 1, NULL, NULL, NULL, NULL, NULL, NULL, NULL, NULL, NULL),
(71, '9c6bc975-c881-11f0-be9c-b213462afd77', NULL, NULL, NULL, 0, 0, 0, 0, '1', NULL, NULL, NULL, NULL, NULL, NULL, NULL, NULL, NULL, NULL, NULL, NULL, NULL, NULL, NULL, NULL, NULL, NULL, NULL, NULL, NULL, NULL, NULL, NULL, 1, NULL, NULL, NULL, NULL, NULL, NULL, NULL, NULL, NULL),
(72, '9c6bdfad-c881-11f0-be9c-b213462afd77', NULL, NULL, NULL, 0, 0, 0, 0, '1', NULL, NULL, NULL, NULL, NULL, NULL, NULL, NULL, NULL, NULL, NULL, NULL, NULL, NULL, NULL, NULL, NULL, NULL, NULL, NULL, NULL, NULL, NULL, NULL, 1, NULL, NULL, NULL, NULL, NULL, NULL, NULL, NULL, NULL),
(73, '9c6bf515-c881-11f0-be9c-b213462afd77', NULL, NULL, NULL, 0, 0, 0, 0, '1', NULL, NULL, NULL, NULL, NULL, NULL, NULL, NULL, NULL, NULL, NULL, NULL, NULL, NULL, NULL, NULL, NULL, NULL, NULL, NULL, NULL, NULL, NULL, NULL, 1, NULL, NULL, NULL, NULL, NULL, NULL, NULL, NULL, NULL),
(74, '9c6c1221-c881-11f0-be9c-b213462afd77', NULL, NULL, NULL, 0, 0, 0, 0, '1', NULL, NULL, NULL, NULL, NULL, NULL, NULL, NULL, NULL, NULL, NULL, NULL, NULL, NULL, NULL, NULL, NULL, NULL, NULL, NULL, NULL, NULL, NULL, NULL, 1, NULL, NULL, NULL, NULL, NULL, NULL, NULL, NULL, NULL),
(75, '9c6d4d8e-c881-11f0-be9c-b213462afd77', NULL, NULL, NULL, 0, 0, 0, 0, '1', NULL, NULL, NULL, NULL, NULL, NULL, NULL, NULL, NULL, NULL, NULL, NULL, NULL, NULL, NULL, NULL, NULL, NULL, NULL, NULL, NULL, NULL, NULL, NULL, 1, NULL, NULL, NULL, NULL, NULL, NULL, NULL, NULL, NULL),
(76, '9c6dbb8a-c881-11f0-be9c-b213462afd77', NULL, NULL, NULL, 0, 0, 0, 0, '1', NULL, NULL, NULL, NULL, NULL, NULL, NULL, NULL, NULL, NULL, NULL, NULL, NULL, NULL, NULL, NULL, NULL, NULL, NULL, NULL, NULL, NULL, NULL, NULL, 1, NULL, NULL, NULL, NULL, NULL, NULL, NULL, NULL, NULL),
(77, '9c6ddc06-c881-11f0-be9c-b213462afd77', NULL, NULL, NULL, 0, 0, 0, 0, '1', NULL, NULL, NULL, NULL, NULL, NULL, NULL, NULL, NULL, NULL, NULL, NULL, NULL, NULL, NULL, NULL, NULL, NULL, NULL, NULL, NULL, NULL, NULL, NULL, 1, NULL, NULL, NULL, NULL, NULL, NULL, NULL, NULL, NULL),
(78, '9c6dfd09-c881-11f0-be9c-b213462afd77', NULL, NULL, NULL, 0, 0, 0, 0, '1', NULL, NULL, NULL, NULL, NULL, NULL, NULL, NULL, NULL, NULL, NULL, NULL, NULL, NULL, NULL, NULL, NULL, NULL, NULL, NULL, NULL, NULL, NULL, NULL, 1, NULL, NULL, NULL, NULL, NULL, NULL, NULL, NULL, NULL),
(79, '9c6e1c07-c881-11f0-be9c-b213462afd77', NULL, NULL, NULL, 0, 0, 0, 0, '1', NULL, NULL, NULL, NULL, NULL, NULL, NULL, NULL, NULL, NULL, NULL, NULL, NULL, NULL, NULL, NULL, NULL, NULL, NULL, NULL, NULL, NULL, NULL, NULL, 1, NULL, NULL, NULL, NULL, NULL, NULL, NULL, NULL, NULL),
(80, '9c6e396f-c881-11f0-be9c-b213462afd77', NULL, NULL, NULL, 0, 0, 0, 0, '1', NULL, NULL, NULL, NULL, NULL, NULL, NULL, NULL, NULL, NULL, NULL, NULL, NULL, NULL, NULL, NULL, NULL, NULL, NULL, NULL, NULL, NULL, NULL, NULL, 1, NULL, NULL, NULL, NULL, NULL, NULL, NULL, NULL, NULL),
(81, '9c6e5617-c881-11f0-be9c-b213462afd77', NULL, NULL, NULL, 0, 0, 0, 0, '1', NULL, NULL, NULL, NULL, NULL, NULL, NULL, NULL, NULL, NULL, NULL, NULL, NULL, NULL, NULL, NULL, NULL, NULL, NULL, NULL, NULL, NULL, NULL, NULL, 1, NULL, NULL, NULL, NULL, NULL, NULL, NULL, NULL, NULL),
(82, '038bd64d-c882-11f0-be9c-b213462afd77', NULL, NULL, NULL, 0, 0, 0, 0, '1', NULL, NULL, NULL, NULL, NULL, NULL, NULL, NULL, NULL, NULL, NULL, NULL, NULL, NULL, NULL, NULL, NULL, NULL, NULL, NULL, NULL, NULL, NULL, NULL, 1, NULL, NULL, NULL, NULL, NULL, NULL, NULL, NULL, NULL),
(83, '038cd5a0-c882-11f0-be9c-b213462afd77', NULL, NULL, NULL, 0, 0, 0, 0, '1', NULL, NULL, NULL, NULL, NULL, NULL, NULL, NULL, NULL, NULL, NULL, NULL, NULL, NULL, NULL, NULL, NULL, NULL, NULL, NULL, NULL, NULL, NULL, NULL, 1, NULL, NULL, NULL, NULL, NULL, NULL, NULL, NULL, NULL),
(84, '038da28c-c882-11f0-be9c-b213462afd77', NULL, NULL, NULL, 0, 0, 0, 0, '1', NULL, NULL, NULL, NULL, NULL, NULL, NULL, NULL, NULL, NULL, NULL, NULL, NULL, NULL, NULL, NULL, NULL, NULL, NULL, NULL, NULL, NULL, NULL, NULL, 1, NULL, NULL, NULL, NULL, NULL, NULL, NULL, NULL, NULL),
(85, '038dc565-c882-11f0-be9c-b213462afd77', NULL, NULL, NULL, 0, 0, 0, 0, '1', NULL, NULL, NULL, NULL, NULL, NULL, NULL, NULL, NULL, NULL, NULL, NULL, NULL, NULL, NULL, NULL, NULL, NULL, NULL, NULL, NULL, NULL, NULL, NULL, 1, NULL, NULL, NULL, NULL, NULL, NULL, NULL, NULL, NULL),
(86, '038ddca1-c882-11f0-be9c-b213462afd77', NULL, NULL, NULL, 0, 0, 0, 0, '1', NULL, NULL, NULL, NULL, NULL, NULL, NULL, NULL, NULL, NULL, NULL, NULL, NULL, NULL, NULL, NULL, NULL, NULL, NULL, NULL, NULL, NULL, NULL, NULL, 1, NULL, NULL, NULL, NULL, NULL, NULL, NULL, NULL, NULL),
(87, '038df2f8-c882-11f0-be9c-b213462afd77', NULL, NULL, NULL, 0, 0, 0, 0, '1', NULL, NULL, NULL, NULL, NULL, NULL, NULL, NULL, NULL, NULL, NULL, NULL, NULL, NULL, NULL, NULL, NULL, NULL, NULL, NULL, NULL, NULL, NULL, NULL, 1, NULL, NULL, NULL, NULL, NULL, NULL, NULL, NULL, NULL),
(88, '038e0bb9-c882-11f0-be9c-b213462afd77', NULL, NULL, NULL, 0, 0, 0, 0, '1', NULL, NULL, NULL, NULL, NULL, NULL, NULL, NULL, NULL, NULL, NULL, NULL, NULL, NULL, NULL, NULL, NULL, NULL, NULL, NULL, NULL, NULL, NULL, NULL, 1, NULL, NULL, NULL, NULL, NULL, NULL, NULL, NULL, NULL),
(89, '038e24a7-c882-11f0-be9c-b213462afd77', NULL, NULL, NULL, 0, 0, 0, 0, '1', NULL, NULL, NULL, NULL, NULL, NULL, NULL, NULL, NULL, NULL, NULL, NULL, NULL, NULL, NULL, NULL, NULL, NULL, NULL, NULL, NULL, NULL, NULL, NULL, 1, NULL, NULL, NULL, NULL, NULL, NULL, NULL, NULL, NULL),
(90, '038e3ad7-c882-11f0-be9c-b213462afd77', NULL, NULL, NULL, 0, 0, 0, 0, '1', NULL, NULL, NULL, NULL, NULL, NULL, NULL, NULL, NULL, NULL, NULL, NULL, NULL, NULL, NULL, NULL, NULL, NULL, NULL, NULL, NULL, NULL, NULL, NULL, 1, NULL, NULL, NULL, NULL, NULL, NULL, NULL, NULL, NULL),
(91, '038e5068-c882-11f0-be9c-b213462afd77', NULL, NULL, NULL, 0, 0, 0, 0, '1', NULL, NULL, NULL, NULL, NULL, NULL, NULL, NULL, NULL, NULL, NULL, NULL, NULL, NULL, NULL, NULL, NULL, NULL, NULL, NULL, NULL, NULL, NULL, NULL, 1, NULL, NULL, NULL, NULL, NULL, NULL, NULL, NULL, NULL),
(92, 'eb37d446-c937-11f0-9d17-c0b64f6b298c', NULL, NULL, NULL, 0, 0, 0, 0, '1', NULL, NULL, NULL, NULL, NULL, NULL, NULL, NULL, NULL, NULL, NULL, NULL, NULL, NULL, NULL, NULL, NULL, NULL, NULL, NULL, NULL, NULL, NULL, NULL, 1, NULL, NULL, NULL, NULL, NULL, NULL, NULL, NULL, NULL),
(93, 'eb380b33-c937-11f0-9d17-c0b64f6b298c', NULL, NULL, NULL, 0, 0, 0, 0, '1', NULL, NULL, NULL, NULL, NULL, NULL, NULL, NULL, NULL, NULL, NULL, NULL, NULL, NULL, NULL, NULL, NULL, NULL, NULL, NULL, NULL, NULL, NULL, NULL, 1, NULL, NULL, NULL, NULL, NULL, NULL, NULL, NULL, NULL),
(94, 'eb3822b2-c937-11f0-9d17-c0b64f6b298c', NULL, NULL, NULL, 0, 0, 0, 0, '1', NULL, NULL, NULL, NULL, NULL, NULL, NULL, NULL, NULL, NULL, NULL, NULL, NULL, NULL, NULL, NULL, NULL, NULL, NULL, NULL, NULL, NULL, NULL, NULL, 1, NULL, NULL, NULL, NULL, NULL, NULL, NULL, NULL, NULL),
(95, 'eb384050-c937-11f0-9d17-c0b64f6b298c', NULL, NULL, NULL, 0, 0, 0, 0, '1', NULL, NULL, NULL, NULL, NULL, NULL, NULL, NULL, NULL, NULL, NULL, NULL, NULL, NULL, NULL, NULL, NULL, NULL, NULL, NULL, NULL, NULL, NULL, NULL, 1, NULL, NULL, NULL, NULL, NULL, NULL, NULL, NULL, NULL),
(96, 'eb388b8b-c937-11f0-9d17-c0b64f6b298c', NULL, NULL, NULL, 0, 0, 0, 0, '1', NULL, NULL, NULL, NULL, NULL, NULL, NULL, NULL, NULL, NULL, NULL, NULL, NULL, NULL, NULL, NULL, NULL, NULL, NULL, NULL, NULL, NULL, NULL, NULL, 1, NULL, NULL, NULL, NULL, NULL, NULL, NULL, NULL, NULL),
(97, 'eb38ba48-c937-11f0-9d17-c0b64f6b298c', NULL, NULL, NULL, 0, 0, 0, 0, '1', NULL, NULL, NULL, NULL, NULL, NULL, NULL, NULL, NULL, NULL, NULL, NULL, NULL, NULL, NULL, NULL, NULL, NULL, NULL, NULL, NULL, NULL, NULL, NULL, 1, NULL, NULL, NULL, NULL, NULL, NULL, NULL, NULL, NULL),
(98, 'eb38d869-c937-11f0-9d17-c0b64f6b298c', NULL, NULL, NULL, 0, 0, 0, 0, '1', NULL, NULL, NULL, NULL, NULL, NULL, NULL, NULL, NULL, NULL, NULL, NULL, NULL, NULL, NULL, NULL, NULL, NULL, NULL, NULL, NULL, NULL, NULL, NULL, 1, NULL, NULL, NULL, NULL, NULL, NULL, NULL, NULL, NULL);

-- --------------------------------------------------------

--
-- Table structure for table `bulan`
--

CREATE TABLE `bulan` (
  `id_bln` int(11) NOT NULL,
  `nama_bln` varchar(25) NOT NULL
) ENGINE=MyISAM DEFAULT CHARSET=utf8mb4 COLLATE=utf8mb4_general_ci ROW_FORMAT=DYNAMIC;

--
-- Dumping data for table `bulan`
--

INSERT INTO `bulan` (`id_bln`, `nama_bln`) VALUES
(1, 'Januari'),
(2, 'Februari'),
(3, 'Maret'),
(4, 'April'),
(5, 'Mei'),
(6, 'Juni'),
(7, 'Juli'),
(8, 'Agustus'),
(9, 'September'),
(10, 'Oktober'),
(11, 'November'),
(12, 'Desember');

-- --------------------------------------------------------

--
-- Table structure for table `cbt_bank_soal`
--

CREATE TABLE `cbt_bank_soal` (
  `id_bank` int(11) NOT NULL,
  `bank_jenis_id` int(11) NOT NULL DEFAULT 0,
  `bank_kode` varchar(255) NOT NULL DEFAULT '0',
  `bank_level` varchar(225) NOT NULL,
  `bank_kelas` longtext NOT NULL,
  `bank_mapel_id` int(11) DEFAULT NULL,
  `bank_jurusan_id` int(11) NOT NULL DEFAULT 0,
  `bank_guru_id` int(11) DEFAULT NULL,
  `bank_nama` varchar(250) NOT NULL,
  `kkm` int(11) DEFAULT 0,
  `jml_soal` int(11) NOT NULL DEFAULT 0,
  `jml_esai` int(11) NOT NULL DEFAULT 0,
  `tampil_pg` int(11) NOT NULL DEFAULT 0,
  `tampil_esai` int(11) NOT NULL DEFAULT 0,
  `bobot_pg` int(11) NOT NULL DEFAULT 0,
  `bobot_esai` int(11) NOT NULL DEFAULT 0,
  `opsi` int(11) NOT NULL DEFAULT 0,
  `date` timestamp NOT NULL DEFAULT current_timestamp() ON UPDATE current_timestamp(),
  `status` int(11) NOT NULL DEFAULT 0,
  `soal_agama` varchar(20) DEFAULT NULL,
  `id_tp` int(11) NOT NULL,
  `id_smt` int(11) NOT NULL,
  `deskripsi` longtext DEFAULT NULL,
  `jml_kompleks` int(11) NOT NULL DEFAULT 0,
  `tampil_kompleks` int(11) NOT NULL DEFAULT 0,
  `bobot_kompleks` int(11) NOT NULL DEFAULT 0,
  `jml_jodohkan` int(11) NOT NULL DEFAULT 0,
  `tampil_jodohkan` int(11) NOT NULL DEFAULT 0,
  `bobot_jodohkan` int(11) NOT NULL DEFAULT 0,
  `jml_isian` int(11) NOT NULL DEFAULT 0,
  `tampil_isian` int(11) NOT NULL DEFAULT 0,
  `bobot_isian` int(11) NOT NULL DEFAULT 0,
  `status_soal` int(11) NOT NULL DEFAULT 0 COMMENT '0=belum selesai, 1=sudah selesai'
) ENGINE=InnoDB DEFAULT CHARSET=utf8mb4 COLLATE=utf8mb4_general_ci ROW_FORMAT=COMPACT;

--
-- Dumping data for table `cbt_bank_soal`
--

INSERT INTO `cbt_bank_soal` (`id_bank`, `bank_jenis_id`, `bank_kode`, `bank_level`, `bank_kelas`, `bank_mapel_id`, `bank_jurusan_id`, `bank_guru_id`, `bank_nama`, `kkm`, `jml_soal`, `jml_esai`, `tampil_pg`, `tampil_esai`, `bobot_pg`, `bobot_esai`, `opsi`, `date`, `status`, `soal_agama`, `id_tp`, `id_smt`, `deskripsi`, `jml_kompleks`, `tampil_kompleks`, `bobot_kompleks`, `jml_jodohkan`, `tampil_jodohkan`, `bobot_jodohkan`, `jml_isian`, `tampil_isian`, `bobot_isian`, `status_soal`) VALUES
(3, 0, '01-10-2526', '10', 'a:2:{i:0;a:1:{s:8:\"kelas_id\";s:1:\"7\";}i:1;a:1:{s:8:\"kelas_id\";N;}}', 32, 0, 1, '', 0, 5, 30, 5, 3, 50, 30, 5, '2025-11-24 13:59:03', 1, '-', 5, 1, NULL, 0, 0, 0, 2, 2, 20, 0, 0, 0, 1),
(4, 0, '01-08-2526', '11', 'a:3:{i:0;a:1:{s:8:\"kelas_id\";s:1:\"1\";}i:1;a:1:{s:8:\"kelas_id\";s:1:\"4\";}i:2;a:1:{s:8:\"kelas_id\";N;}}', 32, 0, 1, '', 0, 0, 60, 0, 6, 0, 60, 4, '2025-11-24 13:27:42', 1, '-', 5, 1, NULL, 0, 0, 0, 0, 0, 0, 4, 4, 40, 0),
(5, 0, '01-07-2526', '10', 'a:3:{i:0;a:1:{s:8:\"kelas_id\";s:1:\"5\";}i:1;a:1:{s:8:\"kelas_id\";s:1:\"6\";}i:2;a:1:{s:8:\"kelas_id\";N;}}', 32, 0, 1, '', 0, 3, 30, 3, 3, 30, 30, 4, '2025-11-24 14:31:21', 1, '-', 5, 1, NULL, 0, 0, 0, 0, 0, 0, 4, 4, 40, 1),
(6, 0, '01-07B-2526', '10', 'a:2:{i:0;a:1:{s:8:\"kelas_id\";s:1:\"6\";}i:1;a:1:{s:8:\"kelas_id\";N;}}', 32, 0, 1, '', 0, 3, 30, 3, 3, 30, 30, 4, '2025-11-25 05:03:30', 1, '-', 5, 1, NULL, 0, 0, 0, 0, 0, 0, 4, 4, 40, 0);

-- --------------------------------------------------------

--
-- Table structure for table `cbt_durasi_siswa`
--

CREATE TABLE `cbt_durasi_siswa` (
  `id_durasi` int(11) NOT NULL,
  `id_siswa` int(11) DEFAULT NULL,
  `id_jadwal` int(11) DEFAULT NULL,
  `status` int(11) NOT NULL DEFAULT 0 COMMENT '0=belum ujian, 1=sedang ujian, 2=sudah ujian',
  `lama_ujian` time DEFAULT NULL,
  `mulai` varchar(22) DEFAULT NULL,
  `selesai` varchar(22) DEFAULT NULL,
  `reset` int(11) NOT NULL DEFAULT 0 COMMENT '0=tidak, 1=reset dari 0, 2=reset dari sisa waktu, 3=ulangi semua',
  `time_create` datetime DEFAULT NULL ON UPDATE current_timestamp()
) ENGINE=InnoDB DEFAULT CHARSET=utf8mb4 COLLATE=utf8mb4_general_ci ROW_FORMAT=DYNAMIC;

--
-- Dumping data for table `cbt_durasi_siswa`
--

INSERT INTO `cbt_durasi_siswa` (`id_durasi`, `id_siswa`, `id_jadwal`, `status`, `lama_ujian`, `mulai`, `selesai`, `reset`, `time_create`) VALUES
(6605, 66, 5, 2, '00:42:41', '2025-11-25 10:16:57', '2025-11-25 10:59:41', 0, '2025-11-25 10:59:41'),
(6705, 67, 5, 2, '00:41:52', '2025-11-25 10:16:50', '2025-11-25 10:58:47', 0, '2025-11-25 10:58:47'),
(6805, 68, 5, 2, NULL, '2025-11-25 10:16:53', '2025-11-25 11:02:00', 0, '2025-11-25 11:02:00'),
(7105, 71, 5, 2, '00:36:01', '2025-11-25 10:16:59', '2025-11-25 10:53:05', 0, '2025-11-25 10:53:05'),
(7205, 72, 5, 2, NULL, '2025-11-25 10:18:47', '2025-11-25 10:52:28', 0, '2025-11-25 10:52:28'),
(7305, 73, 5, 2, NULL, '2025-11-25 10:16:58', '2025-11-25 10:58:47', 0, '2025-11-25 10:58:47'),
(7405, 74, 5, 2, '00:43:01', '2025-11-25 10:17:12', '2025-11-25 11:00:17', 0, '2025-11-25 11:00:17'),
(7505, 75, 5, 2, NULL, '2025-11-25 10:16:56', '2025-11-25 10:59:11', 0, '2025-11-25 10:59:11'),
(7605, 76, 5, 2, NULL, '2025-11-25 10:17:00', '2025-11-25 11:00:23', 0, '2025-11-25 11:00:23'),
(7705, 77, 5, 2, '00:43:35', '2025-11-25 10:16:52', '2025-11-25 11:00:31', 0, '2025-11-25 11:00:31'),
(7805, 78, 5, 2, NULL, '2025-11-25 10:16:58', '2025-11-25 10:59:36', 0, '2025-11-25 10:59:36'),
(7905, 79, 5, 2, NULL, '2025-11-25 10:17:21', '2025-11-25 10:49:57', 0, '2025-11-25 10:49:57'),
(8005, 80, 5, 2, '00:43:40', '2025-11-25 10:16:52', '2025-11-25 11:00:34', 0, '2025-11-25 11:00:34'),
(8105, 81, 5, 2, '00:44:23', '2025-11-25 10:17:47', '2025-11-25 11:02:12', 0, '2025-11-25 11:02:12'),
(9206, 92, 6, 2, '00:43:05', '2025-11-25 11:15:38', '2025-11-25 12:05:29', 0, '2025-11-25 12:05:29'),
(9306, 93, 6, 2, '00:54:11', '2025-11-25 11:15:45', '2025-11-25 12:10:03', 0, '2025-11-25 12:10:03'),
(9406, 94, 6, 2, '00:59:30', '2025-11-25 11:15:46', '2025-11-25 12:15:19', 0, '2025-11-25 12:15:19'),
(9506, 95, 6, 2, NULL, '2025-11-25 11:15:27', '2025-11-25 11:56:31', 0, '2025-11-25 11:56:31'),
(9606, 96, 6, 2, '00:55:29', '2025-11-25 11:15:28', '2025-11-25 12:11:03', 0, '2025-11-25 12:11:03'),
(9706, 97, 6, 2, '00:48:55', '2025-11-25 11:16:26', '2025-11-25 12:05:25', 0, '2025-11-25 12:05:25'),
(9806, 98, 6, 2, NULL, '2025-11-25 11:15:24', '2025-11-25 12:07:19', 0, '2025-11-25 12:07:19');

-- --------------------------------------------------------

--
-- Table structure for table `cbt_jadwal`
--

CREATE TABLE `cbt_jadwal` (
  `id_jadwal` int(11) NOT NULL,
  `id_tp` char(2) NOT NULL,
  `id_smt` char(2) NOT NULL,
  `id_bank` int(11) DEFAULT NULL,
  `id_jenis` int(11) DEFAULT NULL,
  `tgl_mulai` varchar(20) NOT NULL,
  `tgl_selesai` varchar(20) NOT NULL,
  `durasi_ujian` int(11) NOT NULL,
  `pengawas` longtext DEFAULT NULL,
  `acak_soal` int(11) NOT NULL,
  `acak_opsi` int(11) NOT NULL,
  `hasil_tampil` int(11) NOT NULL,
  `token` int(11) NOT NULL,
  `status` int(11) NOT NULL,
  `ulang` int(11) NOT NULL,
  `reset_login` int(11) NOT NULL,
  `rekap` int(11) NOT NULL DEFAULT 0,
  `jam_ke` int(11) NOT NULL DEFAULT 0,
  `jarak` int(11) NOT NULL DEFAULT 0,
  `time_create` datetime DEFAULT NULL ON UPDATE current_timestamp()
) ENGINE=InnoDB DEFAULT CHARSET=utf8mb4 COLLATE=utf8mb4_general_ci ROW_FORMAT=COMPACT;

--
-- Dumping data for table `cbt_jadwal`
--

INSERT INTO `cbt_jadwal` (`id_jadwal`, `id_tp`, `id_smt`, `id_bank`, `id_jenis`, `tgl_mulai`, `tgl_selesai`, `durasi_ujian`, `pengawas`, `acak_soal`, `acak_opsi`, `hasil_tampil`, `token`, `status`, `ulang`, `reset_login`, `rekap`, `jam_ke`, `jarak`, `time_create`) VALUES
(3, '5', '1', 4, 3, '2025-11-25', '2025-11-27', 80, NULL, 1, 1, 1, 1, 1, 0, 1, 0, 0, 30, '2025-11-25 09:43:06'),
(5, '5', '1', 5, 3, '2025-11-24', '2025-11-24', 80, NULL, 1, 1, 1, 1, 1, 0, 0, 1, 0, 30, '2025-11-25 12:05:45'),
(6, '5', '1', 3, 3, '2025-11-24', '2025-11-24', 80, NULL, 1, 1, 1, 1, 1, 0, 0, 0, 0, 30, '2025-11-25 12:16:29');

-- --------------------------------------------------------

--
-- Table structure for table `cbt_jenis`
--

CREATE TABLE `cbt_jenis` (
  `id_jenis` int(11) NOT NULL,
  `nama_jenis` varchar(50) NOT NULL,
  `kode_jenis` varchar(10) NOT NULL
) ENGINE=InnoDB DEFAULT CHARSET=utf8mb4 COLLATE=utf8mb4_general_ci ROW_FORMAT=DYNAMIC;

--
-- Dumping data for table `cbt_jenis`
--

INSERT INTO `cbt_jenis` (`id_jenis`, `nama_jenis`, `kode_jenis`) VALUES
(1, 'Penilaian Harian', 'PH'),
(3, 'Asesmen Sumatif Akhir Semester', 'ASAS');

-- --------------------------------------------------------

--
-- Table structure for table `cbt_kelas_ruang`
--

CREATE TABLE `cbt_kelas_ruang` (
  `id_kelas_ruang` varchar(50) NOT NULL,
  `id_kelas` int(11) DEFAULT NULL,
  `id_ruang` int(11) NOT NULL,
  `id_sesi` int(11) NOT NULL DEFAULT 0,
  `id_tp` int(11) NOT NULL,
  `id_smt` int(11) NOT NULL,
  `set_siswa` int(11) NOT NULL DEFAULT 0
) ENGINE=InnoDB DEFAULT CHARSET=utf8mb4 COLLATE=utf8mb4_general_ci ROW_FORMAT=DYNAMIC;

-- --------------------------------------------------------

--
-- Table structure for table `cbt_kop_absensi`
--

CREATE TABLE `cbt_kop_absensi` (
  `id_kop` int(11) NOT NULL,
  `header_1` varchar(100) DEFAULT NULL,
  `header_2` varchar(100) DEFAULT NULL,
  `header_3` varchar(100) DEFAULT NULL,
  `header_4` varchar(100) DEFAULT NULL,
  `proktor` varchar(100) DEFAULT NULL,
  `pengawas_1` varchar(100) DEFAULT NULL,
  `pengawas_2` varchar(100) DEFAULT NULL
) ENGINE=InnoDB DEFAULT CHARSET=utf8mb4 COLLATE=utf8mb4_general_ci ROW_FORMAT=DYNAMIC;

-- --------------------------------------------------------

--
-- Table structure for table `cbt_kop_berita`
--

CREATE TABLE `cbt_kop_berita` (
  `id_kop` int(11) NOT NULL,
  `header_1` varchar(100) DEFAULT NULL,
  `header_2` varchar(100) DEFAULT NULL,
  `header_3` varchar(100) DEFAULT NULL,
  `header_4` varchar(100) DEFAULT NULL
) ENGINE=InnoDB DEFAULT CHARSET=utf8mb4 COLLATE=utf8mb4_general_ci ROW_FORMAT=DYNAMIC;

-- --------------------------------------------------------

--
-- Table structure for table `cbt_kop_kartu`
--

CREATE TABLE `cbt_kop_kartu` (
  `id_set_kartu` int(11) NOT NULL,
  `header_1` varchar(100) DEFAULT NULL,
  `header_2` varchar(100) DEFAULT NULL,
  `header_3` varchar(100) DEFAULT NULL,
  `header_4` varchar(100) DEFAULT NULL,
  `tanggal` varchar(100) DEFAULT NULL
) ENGINE=InnoDB DEFAULT CHARSET=utf8mb4 COLLATE=utf8mb4_general_ci ROW_FORMAT=DYNAMIC;

--
-- Dumping data for table `cbt_kop_kartu`
--

INSERT INTO `cbt_kop_kartu` (`id_set_kartu`, `header_1`, `header_2`, `header_3`, `header_4`, `tanggal`) VALUES
(123456, 'Sekolah Islam AlMarjan', '', '', '', '');

-- --------------------------------------------------------

--
-- Table structure for table `cbt_nilai`
--

CREATE TABLE `cbt_nilai` (
  `id_nilai` int(11) NOT NULL,
  `pg_benar` int(11) DEFAULT 0,
  `pg_nilai` varchar(10) DEFAULT '0',
  `essai_nilai` varchar(10) DEFAULT '0',
  `id_siswa` int(11) DEFAULT NULL,
  `id_jadwal` int(11) DEFAULT NULL,
  `kompleks_nilai` varchar(10) DEFAULT '0',
  `jodohkan_nilai` varchar(10) DEFAULT '0',
  `isian_nilai` varchar(10) DEFAULT '0',
  `dikoreksi` int(11) NOT NULL DEFAULT 0,
  `time_create` datetime DEFAULT NULL ON UPDATE current_timestamp()
) ENGINE=InnoDB DEFAULT CHARSET=utf8mb4 COLLATE=utf8mb4_general_ci ROW_FORMAT=DYNAMIC;

--
-- Dumping data for table `cbt_nilai`
--

INSERT INTO `cbt_nilai` (`id_nilai`, `pg_benar`, `pg_nilai`, `essai_nilai`, `id_siswa`, `id_jadwal`, `kompleks_nilai`, `jodohkan_nilai`, `isian_nilai`, `dikoreksi`, `time_create`) VALUES
(501, 0, '0', '0', 5, 1, '0', '0', '0', 1, NULL),
(601, 0, '0', '0', 6, 1, '0', '0', '0', 0, NULL),
(701, 0, '0', '0', 7, 1, '0', '0', '0', 0, NULL),
(801, 0, '0', '0', 8, 1, '0', '0', '0', 0, NULL),
(901, 0, '0', '0', 9, 1, '0', '0', '0', 0, NULL),
(1001, 0, '0', '0', 10, 1, '0', '0', '0', 0, NULL),
(1101, 0, '0', '0', 11, 1, '0', '0', '0', 0, NULL),
(1201, 0, '0', '0', 12, 1, '0', '0', '0', 0, NULL),
(1301, 0, '0', '0', 13, 1, '0', '0', '0', 0, NULL),
(1401, 0, '0', '0', 14, 1, '0', '0', '0', 0, NULL),
(1501, 0, '0', '0', 15, 1, '0', '0', '0', 0, NULL),
(1601, 0, '0', '0', 16, 1, '0', '0', '0', 0, NULL),
(1701, 0, '0', '0', 17, 1, '0', '0', '0', 0, NULL),
(1801, 0, '0', '0', 18, 1, '0', '0', '0', 0, NULL),
(1901, 0, '0', '0', 19, 1, '0', '0', '0', 0, NULL),
(2001, 0, '0', '0', 20, 1, '0', '0', '0', 0, NULL),
(2101, 0, '0', '0', 21, 1, '0', '0', '0', 0, NULL),
(2201, 0, '0', '0', 22, 1, '0', '0', '0', 0, NULL),
(2301, 0, '0', '0', 23, 1, '0', '0', '0', 0, NULL),
(2401, 0, '0', '0', 24, 1, '0', '0', '0', 0, NULL),
(2501, 0, '0', '0', 25, 1, '0', '0', '0', 0, NULL),
(6605, 2, '20', '0', 66, 5, '0', '0', '0', 0, NULL),
(6705, 3, '30', '0', 67, 5, '0', '0', '40', 0, NULL),
(6805, 2, '20', '0', 68, 5, '0', '0', '20', 0, NULL),
(7105, 3, '30', '0', 71, 5, '0', '0', '0', 0, NULL),
(7205, 1, '10', '0', 72, 5, '0', '0', '0', 0, NULL),
(7305, 1, '10', '0', 73, 5, '0', '0', '0', 0, NULL),
(7405, 1, '10', '0', 74, 5, '0', '0', '20', 0, NULL),
(7505, 1, '10', '0', 75, 5, '0', '0', '20', 0, NULL),
(7605, 0, '0', '0', 76, 5, '0', '0', '0', 0, NULL),
(7705, 2, '20', '0', 77, 5, '0', '0', '0', 0, NULL),
(7805, 0, '0', '0', 78, 5, '0', '0', '20', 0, NULL),
(7905, 2, '20', '0', 79, 5, '0', '0', '0', 0, NULL),
(8005, 0, '0', '0', 80, 5, '0', '0', '0', 0, NULL),
(8105, 0, '0', '0', 81, 5, '0', '0', '20', 0, NULL),
(9206, 5, '50', '0', 92, 6, '0', '20', '0', 0, NULL),
(9306, 3, '30', '0', 93, 6, '0', '20', '0', 0, NULL),
(9406, 3, '30', '0', 94, 6, '0', '20', '0', 0, NULL),
(9506, 4, '40', '0', 95, 6, '0', '10', '0', 0, NULL),
(9606, 3, '30', '0', 96, 6, '0', '20', '0', 0, NULL),
(9706, 3, '30', '0', 97, 6, '0', '20', '0', 0, NULL),
(9806, 2, '20', '0', 98, 6, '0', '20', '0', 0, NULL);

-- --------------------------------------------------------

--
-- Table structure for table `cbt_nomor_peserta`
--

CREATE TABLE `cbt_nomor_peserta` (
  `id_nomor` int(11) NOT NULL,
  `id_siswa` int(11) DEFAULT NULL,
  `id_tp` int(11) NOT NULL,
  `id_smt` int(11) NOT NULL DEFAULT 1,
  `nomor_peserta` varchar(20) NOT NULL
) ENGINE=InnoDB DEFAULT CHARSET=utf8mb4 COLLATE=utf8mb4_general_ci ROW_FORMAT=DYNAMIC;

--
-- Dumping data for table `cbt_nomor_peserta`
--

INSERT INTO `cbt_nomor_peserta` (`id_nomor`, `id_siswa`, `id_tp`, `id_smt`, `nomor_peserta`) VALUES
(55, 5, 5, 1, '2526.10.001'),
(65, 6, 5, 1, '2526.10.002'),
(75, 7, 5, 1, '2526.10.003'),
(85, 8, 5, 1, '2526.10.004'),
(95, 9, 5, 1, '2526.10.005'),
(105, 10, 5, 1, '2526.10.006'),
(115, 11, 5, 1, '2526.10.007'),
(125, 12, 5, 1, '2526.10.008'),
(135, 13, 5, 1, '2526.10.009'),
(145, 14, 5, 1, '2526.10.010'),
(155, 15, 5, 1, '2526.10.011'),
(165, 16, 5, 1, '2526.10.012'),
(175, 17, 5, 1, '2526.10.013'),
(185, 18, 5, 1, '2526.10.014'),
(195, 19, 5, 1, '2526.10.015'),
(205, 20, 5, 1, '2526.10.016'),
(215, 21, 5, 1, '2526.10.017'),
(225, 22, 5, 1, '2526.10.018'),
(235, 23, 5, 1, '2526.10.019'),
(245, 24, 5, 1, '2526.10.020'),
(255, 25, 5, 1, '2526.10.021');

-- --------------------------------------------------------

--
-- Table structure for table `cbt_pengawas`
--

CREATE TABLE `cbt_pengawas` (
  `id_pengawas` varchar(50) NOT NULL,
  `id_jadwal` varchar(50) NOT NULL,
  `id_tp` int(11) NOT NULL,
  `id_smt` int(11) NOT NULL,
  `id_ruang` varchar(50) NOT NULL,
  `id_sesi` varchar(50) NOT NULL,
  `id_guru` varchar(50) NOT NULL
) ENGINE=InnoDB DEFAULT CHARSET=utf8mb4 COLLATE=utf8mb4_general_ci ROW_FORMAT=DYNAMIC;

--
-- Dumping data for table `cbt_pengawas`
--

INSERT INTO `cbt_pengawas` (`id_pengawas`, `id_jadwal`, `id_tp`, `id_smt`, `id_ruang`, `id_sesi`, `id_guru`) VALUES
('51312', '3', 5, 1, '1', '2', ''),
('51313', '3', 5, 1, '1', '3', ''),
('51411', '4', 5, 1, '1', '1', '1'),
('51412', '4', 5, 1, '1', '2', ''),
('51511', '5', 5, 1, '1', '1', '1'),
('51512', '5', 5, 1, '1', '2', '');

-- --------------------------------------------------------

--
-- Table structure for table `cbt_rekap`
--

CREATE TABLE `cbt_rekap` (
  `id_rekap` int(11) NOT NULL,
  `id_tp` int(11) NOT NULL,
  `tp` varchar(20) NOT NULL,
  `id_smt` int(11) NOT NULL,
  `smt` varchar(20) NOT NULL,
  `id_jadwal` varchar(250) NOT NULL,
  `id_jenis` varchar(250) NOT NULL,
  `kode_jenis` varchar(20) NOT NULL,
  `id_bank` varchar(250) NOT NULL,
  `bank_kelas` longtext NOT NULL,
  `bank_kode` varchar(20) NOT NULL,
  `bank_level` int(11) NOT NULL,
  `id_mapel` varchar(250) NOT NULL,
  `nama_mapel` varchar(100) NOT NULL,
  `kode` varchar(50) NOT NULL,
  `tgl_mulai` varchar(22) NOT NULL,
  `tgl_selesai` varchar(22) NOT NULL,
  `tampil_pg` int(11) NOT NULL,
  `jawaban_pg` longtext NOT NULL,
  `tampil_esai` int(11) NOT NULL,
  `jawaban_esai` longtext NOT NULL,
  `bobot_pg` int(11) NOT NULL,
  `bobot_esai` int(11) NOT NULL,
  `id_guru` varchar(250) NOT NULL,
  `nama_guru` varchar(100) NOT NULL,
  `nama_kelas` longtext DEFAULT NULL,
  `soal_kompleks` longtext DEFAULT NULL,
  `soal_jodohkan` longtext DEFAULT NULL,
  `soal_isian` longtext DEFAULT NULL,
  `soal_essai` longtext DEFAULT NULL
) ENGINE=InnoDB DEFAULT CHARSET=utf8mb4 COLLATE=utf8mb4_general_ci ROW_FORMAT=DYNAMIC;

--
-- Dumping data for table `cbt_rekap`
--

INSERT INTO `cbt_rekap` (`id_rekap`, `id_tp`, `tp`, `id_smt`, `smt`, `id_jadwal`, `id_jenis`, `kode_jenis`, `id_bank`, `bank_kelas`, `bank_kode`, `bank_level`, `id_mapel`, `nama_mapel`, `kode`, `tgl_mulai`, `tgl_selesai`, `tampil_pg`, `jawaban_pg`, `tampil_esai`, `jawaban_esai`, `bobot_pg`, `bobot_esai`, `id_guru`, `nama_guru`, `nama_kelas`, `soal_kompleks`, `soal_jodohkan`, `soal_isian`, `soal_essai`) VALUES
(1, 5, '2025/2026', 1, 'I (satu)', '1', '3', 'ASAS', '1', 'a:2:{i:0;a:1:{s:8:\"kelas_id\";s:1:\"1\";}i:1;a:1:{s:8:\"kelas_id\";N;}}', '01082526', 11, '32', 'Informatika', 'INF', '2025-11-23', '2025-11-28', 0, 'a:0:{}', 0, '', 0, 0, '1', 'Muhamad Quraisy, S.Kom., M.Kom.', 'a:1:{i:1;s:12:\"8 Buya Hamka\";}', 'a:3:{s:6:\"tampil\";s:1:\"0\";s:5:\"bobot\";s:1:\"0\";s:7:\"jawaban\";a:0:{}}', 'a:3:{s:6:\"tampil\";s:1:\"0\";s:5:\"bobot\";s:1:\"0\";s:7:\"jawaban\";a:0:{}}', 'a:3:{s:6:\"tampil\";s:1:\"4\";s:5:\"bobot\";s:2:\"40\";s:7:\"jawaban\";a:4:{i:0;a:2:{s:7:\"no_soal\";i:9;s:5:\"jawab\";s:7:\"1100010\";}i:1;a:2:{s:7:\"no_soal\";i:10;s:5:\"jawab\";s:10:\"1000100110\";}i:2;a:2:{s:7:\"no_soal\";i:11;s:5:\"jawab\";s:2:\"84\";}i:3;a:2:{s:7:\"no_soal\";i:12;s:5:\"jawab\";s:3:\"290\";}}}', 'a:3:{s:6:\"tampil\";s:1:\"6\";s:5:\"bobot\";s:2:\"60\";s:7:\"jawaban\";a:6:{i:0;a:2:{s:7:\"no_soal\";i:3;s:5:\"jawab\";s:15:\"<div>null</div>\";}i:1;a:2:{s:7:\"no_soal\";i:4;s:5:\"jawab\";s:15:\"<div>null</div>\";}i:2;a:2:{s:7:\"no_soal\";i:5;s:5:\"jawab\";s:15:\"<div>null</div>\";}i:3;a:2:{s:7:\"no_soal\";i:6;s:5:\"jawab\";s:15:\"<div>null</div>\";}i:4;a:2:{s:7:\"no_soal\";i:7;s:5:\"jawab\";s:15:\"<div>null</div>\";}i:5;a:2:{s:7:\"no_soal\";i:8;s:5:\"jawab\";s:15:\"<div>null</div>\";}}}'),
(2, 5, '2025/2026', 1, 'I (satu)', '5', '3', 'ASAS', '5', 'a:3:{i:0;a:1:{s:8:\"kelas_id\";s:1:\"5\";}i:1;a:1:{s:8:\"kelas_id\";s:1:\"6\";}i:2;a:1:{s:8:\"kelas_id\";N;}}', '01-07-2526', 10, '32', 'Informatika', 'INF', '2025-11-24', '2025-11-24', 3, 'a:3:{i:0;a:2:{s:7:\"no_soal\";i:34;s:5:\"jawab\";s:1:\"a\";}i:1;a:2:{s:7:\"no_soal\";i:35;s:5:\"jawab\";s:1:\"c\";}i:2;a:2:{s:7:\"no_soal\";i:36;s:5:\"jawab\";s:1:\"b\";}}', 0, '', 30, 0, '1', 'Muhamad Quraisy, S.Kom., M.Kom.', 'a:2:{i:5;s:14:\"7 Ahmad Dahlan\";i:6;s:15:\"7 Cut Nyak Dien\";}', 'a:3:{s:6:\"tampil\";s:1:\"0\";s:5:\"bobot\";s:1:\"0\";s:7:\"jawaban\";a:0:{}}', 'a:3:{s:6:\"tampil\";s:1:\"0\";s:5:\"bobot\";s:1:\"0\";s:7:\"jawaban\";a:0:{}}', 'a:3:{s:6:\"tampil\";s:1:\"4\";s:5:\"bobot\";s:2:\"40\";s:7:\"jawaban\";a:4:{i:0;a:2:{s:7:\"no_soal\";i:37;s:5:\"jawab\";s:24:\"infermutiko sengat mudan\";}i:1;a:2:{s:7:\"no_soal\";i:38;s:5:\"jawab\";s:21:\"kelaz toejoeh a asyik\";}i:2;a:2:{s:7:\"no_soal\";i:39;s:5:\"jawab\";s:29:\"txif hbixp hxifxk yxfh yxkdbq\";}i:3;a:2:{s:7:\"no_soal\";i:40;s:5:\"jawab\";s:29:\"rmex femo fipenev mrjsvqexmoe\";}}}', 'a:3:{s:6:\"tampil\";s:1:\"3\";s:5:\"bobot\";s:2:\"30\";s:7:\"jawaban\";a:3:{i:0;a:2:{s:7:\"no_soal\";i:41;s:5:\"jawab\";s:15:\"<div>null</div>\";}i:1;a:2:{s:7:\"no_soal\";i:42;s:5:\"jawab\";s:15:\"<div>null</div>\";}i:2;a:2:{s:7:\"no_soal\";i:43;s:5:\"jawab\";s:15:\"<div>null</div>\";}}}');

-- --------------------------------------------------------

--
-- Table structure for table `cbt_rekap_nilai`
--

CREATE TABLE `cbt_rekap_nilai` (
  `id_rekap_nilai` int(11) NOT NULL,
  `id_jadwal` int(11) DEFAULT NULL,
  `id_tp` int(11) NOT NULL,
  `tp` varchar(20) NOT NULL,
  `id_smt` int(11) NOT NULL,
  `smt` varchar(20) NOT NULL,
  `id_jenis` int(11) NOT NULL,
  `kode_jenis` varchar(20) NOT NULL,
  `id_bank` int(11) DEFAULT NULL,
  `id_mapel` int(11) DEFAULT NULL,
  `id_siswa` int(11) DEFAULT NULL,
  `id_kelas` int(11) DEFAULT 0,
  `kelas` varchar(20) NOT NULL,
  `mulai` varchar(20) NOT NULL,
  `selesai` varchar(20) NOT NULL,
  `durasi` varchar(20) NOT NULL,
  `bobot_pg` int(11) NOT NULL,
  `jawaban_pg` longtext NOT NULL,
  `nilai_pg` varchar(10) NOT NULL,
  `bobot_esai` int(11) NOT NULL,
  `jawaban_esai` longtext NOT NULL,
  `nilai_esai` varchar(10) NOT NULL,
  `id_guru` int(11) DEFAULT NULL,
  `nama_siswa` varchar(100) DEFAULT NULL,
  `no_peserta` varchar(100) DEFAULT NULL,
  `soal_kompleks` longtext DEFAULT NULL,
  `soal_jodohkan` longtext DEFAULT NULL,
  `soal_isian` longtext DEFAULT NULL,
  `soal_essai` longtext DEFAULT NULL,
  `time_create` datetime DEFAULT NULL ON UPDATE current_timestamp()
) ENGINE=InnoDB DEFAULT CHARSET=utf8mb4 COLLATE=utf8mb4_general_ci ROW_FORMAT=DYNAMIC;

--
-- Dumping data for table `cbt_rekap_nilai`
--

INSERT INTO `cbt_rekap_nilai` (`id_rekap_nilai`, `id_jadwal`, `id_tp`, `tp`, `id_smt`, `smt`, `id_jenis`, `kode_jenis`, `id_bank`, `id_mapel`, `id_siswa`, `id_kelas`, `kelas`, `mulai`, `selesai`, `durasi`, `bobot_pg`, `jawaban_pg`, `nilai_pg`, `bobot_esai`, `jawaban_esai`, `nilai_esai`, `id_guru`, `nama_siswa`, `no_peserta`, `soal_kompleks`, `soal_jodohkan`, `soal_isian`, `soal_essai`, `time_create`) VALUES
(1, 1, 5, '2025/2026', 1, 'I (satu)', 3, 'ASAS', 1, 32, 5, 1, '8 Buya Hamka', '2025-11-23 23:07:10', '2025-11-23 23:09:06', '00:00:24', 0, 'a:0:{}', '0', 0, '', '', 1, 'Abdurrahman Ukasha Faisal', '2526.10.001', 'a:3:{s:5:\"bobot\";s:1:\"0\";s:7:\"jawaban\";a:0:{}s:5:\"nilai\";s:1:\"0\";}', 'a:3:{s:5:\"bobot\";s:1:\"0\";s:7:\"jawaban\";a:0:{}s:5:\"nilai\";s:1:\"0\";}', 'a:3:{s:5:\"bobot\";s:2:\"40\";s:7:\"jawaban\";a:4:{i:0;a:2:{s:7:\"no_soal\";s:2:\"12\";s:5:\"jawab\";N;}i:1;a:2:{s:7:\"no_soal\";s:1:\"9\";s:5:\"jawab\";N;}i:2;a:2:{s:7:\"no_soal\";s:2:\"11\";s:5:\"jawab\";N;}i:3;a:2:{s:7:\"no_soal\";s:2:\"10\";s:5:\"jawab\";N;}}s:5:\"nilai\";s:1:\"0\";}', 'a:3:{s:5:\"bobot\";s:2:\"60\";s:7:\"jawaban\";a:6:{i:0;a:2:{s:7:\"no_soal\";s:1:\"7\";s:5:\"jawab\";N;}i:1;a:2:{s:7:\"no_soal\";s:1:\"4\";s:5:\"jawab\";N;}i:2;a:2:{s:7:\"no_soal\";s:1:\"8\";s:5:\"jawab\";N;}i:3;a:2:{s:7:\"no_soal\";s:1:\"6\";s:5:\"jawab\";N;}i:4;a:2:{s:7:\"no_soal\";s:1:\"3\";s:5:\"jawab\";N;}i:5;a:2:{s:7:\"no_soal\";s:1:\"5\";s:5:\"jawab\";N;}}s:5:\"nilai\";s:1:\"0\";}', NULL),
(2, 1, 5, '2025/2026', 1, 'I (satu)', 3, 'ASAS', 1, 32, 6, 1, '8 Buya Hamka', '', '', '', 0, 'a:0:{}', '0', 0, '', '', 1, 'Akram Abil Iftikar', '2526.10.002', 'a:3:{s:5:\"bobot\";s:1:\"0\";s:7:\"jawaban\";a:0:{}s:5:\"nilai\";s:1:\"0\";}', 'a:3:{s:5:\"bobot\";s:1:\"0\";s:7:\"jawaban\";a:0:{}s:5:\"nilai\";s:1:\"0\";}', 'a:3:{s:5:\"bobot\";s:2:\"40\";s:7:\"jawaban\";a:0:{}s:5:\"nilai\";s:1:\"0\";}', 'a:3:{s:5:\"bobot\";s:2:\"60\";s:7:\"jawaban\";a:0:{}s:5:\"nilai\";s:1:\"0\";}', NULL),
(3, 1, 5, '2025/2026', 1, 'I (satu)', 3, 'ASAS', 1, 32, 7, 1, '8 Buya Hamka', '', '', '', 0, 'a:0:{}', '0', 0, '', '', 1, 'Alif Umar Faiq Aryudyansyah', '2526.10.003', 'a:3:{s:5:\"bobot\";s:1:\"0\";s:7:\"jawaban\";a:0:{}s:5:\"nilai\";s:1:\"0\";}', 'a:3:{s:5:\"bobot\";s:1:\"0\";s:7:\"jawaban\";a:0:{}s:5:\"nilai\";s:1:\"0\";}', 'a:3:{s:5:\"bobot\";s:2:\"40\";s:7:\"jawaban\";a:0:{}s:5:\"nilai\";s:1:\"0\";}', 'a:3:{s:5:\"bobot\";s:2:\"60\";s:7:\"jawaban\";a:0:{}s:5:\"nilai\";s:1:\"0\";}', NULL),
(4, 1, 5, '2025/2026', 1, 'I (satu)', 3, 'ASAS', 1, 32, 8, 1, '8 Buya Hamka', '', '', '', 0, 'a:0:{}', '0', 0, '', '', 1, 'Alvin Gibran Abiyyu', '2526.10.004', 'a:3:{s:5:\"bobot\";s:1:\"0\";s:7:\"jawaban\";a:0:{}s:5:\"nilai\";s:1:\"0\";}', 'a:3:{s:5:\"bobot\";s:1:\"0\";s:7:\"jawaban\";a:0:{}s:5:\"nilai\";s:1:\"0\";}', 'a:3:{s:5:\"bobot\";s:2:\"40\";s:7:\"jawaban\";a:0:{}s:5:\"nilai\";s:1:\"0\";}', 'a:3:{s:5:\"bobot\";s:2:\"60\";s:7:\"jawaban\";a:0:{}s:5:\"nilai\";s:1:\"0\";}', NULL),
(5, 1, 5, '2025/2026', 1, 'I (satu)', 3, 'ASAS', 1, 32, 9, 1, '8 Buya Hamka', '', '', '', 0, 'a:0:{}', '0', 0, '', '', 1, 'Alvito Aqela Zibran', '2526.10.005', 'a:3:{s:5:\"bobot\";s:1:\"0\";s:7:\"jawaban\";a:0:{}s:5:\"nilai\";s:1:\"0\";}', 'a:3:{s:5:\"bobot\";s:1:\"0\";s:7:\"jawaban\";a:0:{}s:5:\"nilai\";s:1:\"0\";}', 'a:3:{s:5:\"bobot\";s:2:\"40\";s:7:\"jawaban\";a:0:{}s:5:\"nilai\";s:1:\"0\";}', 'a:3:{s:5:\"bobot\";s:2:\"60\";s:7:\"jawaban\";a:0:{}s:5:\"nilai\";s:1:\"0\";}', NULL),
(6, 1, 5, '2025/2026', 1, 'I (satu)', 3, 'ASAS', 1, 32, 10, 1, '8 Buya Hamka', '', '', '', 0, 'a:0:{}', '0', 0, '', '', 1, 'Banyu Bening Althaf', '2526.10.006', 'a:3:{s:5:\"bobot\";s:1:\"0\";s:7:\"jawaban\";a:0:{}s:5:\"nilai\";s:1:\"0\";}', 'a:3:{s:5:\"bobot\";s:1:\"0\";s:7:\"jawaban\";a:0:{}s:5:\"nilai\";s:1:\"0\";}', 'a:3:{s:5:\"bobot\";s:2:\"40\";s:7:\"jawaban\";a:0:{}s:5:\"nilai\";s:1:\"0\";}', 'a:3:{s:5:\"bobot\";s:2:\"60\";s:7:\"jawaban\";a:0:{}s:5:\"nilai\";s:1:\"0\";}', NULL),
(7, 1, 5, '2025/2026', 1, 'I (satu)', 3, 'ASAS', 1, 32, 11, 1, '8 Buya Hamka', '', '', '', 0, 'a:0:{}', '0', 0, '', '', 1, 'Chalif Aditya Tjahyadi', '2526.10.007', 'a:3:{s:5:\"bobot\";s:1:\"0\";s:7:\"jawaban\";a:0:{}s:5:\"nilai\";s:1:\"0\";}', 'a:3:{s:5:\"bobot\";s:1:\"0\";s:7:\"jawaban\";a:0:{}s:5:\"nilai\";s:1:\"0\";}', 'a:3:{s:5:\"bobot\";s:2:\"40\";s:7:\"jawaban\";a:0:{}s:5:\"nilai\";s:1:\"0\";}', 'a:3:{s:5:\"bobot\";s:2:\"60\";s:7:\"jawaban\";a:0:{}s:5:\"nilai\";s:1:\"0\";}', NULL),
(8, 1, 5, '2025/2026', 1, 'I (satu)', 3, 'ASAS', 1, 32, 12, 1, '8 Buya Hamka', '', '', '', 0, 'a:0:{}', '0', 0, '', '', 1, 'Danish Awra Hidayat', '2526.10.008', 'a:3:{s:5:\"bobot\";s:1:\"0\";s:7:\"jawaban\";a:0:{}s:5:\"nilai\";s:1:\"0\";}', 'a:3:{s:5:\"bobot\";s:1:\"0\";s:7:\"jawaban\";a:0:{}s:5:\"nilai\";s:1:\"0\";}', 'a:3:{s:5:\"bobot\";s:2:\"40\";s:7:\"jawaban\";a:0:{}s:5:\"nilai\";s:1:\"0\";}', 'a:3:{s:5:\"bobot\";s:2:\"60\";s:7:\"jawaban\";a:0:{}s:5:\"nilai\";s:1:\"0\";}', NULL),
(9, 1, 5, '2025/2026', 1, 'I (satu)', 3, 'ASAS', 1, 32, 13, 1, '8 Buya Hamka', '', '', '', 0, 'a:0:{}', '0', 0, '', '', 1, 'Fathan Ibnu Wicaksono', '2526.10.009', 'a:3:{s:5:\"bobot\";s:1:\"0\";s:7:\"jawaban\";a:0:{}s:5:\"nilai\";s:1:\"0\";}', 'a:3:{s:5:\"bobot\";s:1:\"0\";s:7:\"jawaban\";a:0:{}s:5:\"nilai\";s:1:\"0\";}', 'a:3:{s:5:\"bobot\";s:2:\"40\";s:7:\"jawaban\";a:0:{}s:5:\"nilai\";s:1:\"0\";}', 'a:3:{s:5:\"bobot\";s:2:\"60\";s:7:\"jawaban\";a:0:{}s:5:\"nilai\";s:1:\"0\";}', NULL),
(10, 1, 5, '2025/2026', 1, 'I (satu)', 3, 'ASAS', 1, 32, 14, 1, '8 Buya Hamka', '', '', '', 0, 'a:0:{}', '0', 0, '', '', 1, 'Gaviota Safaraz Utama', '2526.10.010', 'a:3:{s:5:\"bobot\";s:1:\"0\";s:7:\"jawaban\";a:0:{}s:5:\"nilai\";s:1:\"0\";}', 'a:3:{s:5:\"bobot\";s:1:\"0\";s:7:\"jawaban\";a:0:{}s:5:\"nilai\";s:1:\"0\";}', 'a:3:{s:5:\"bobot\";s:2:\"40\";s:7:\"jawaban\";a:0:{}s:5:\"nilai\";s:1:\"0\";}', 'a:3:{s:5:\"bobot\";s:2:\"60\";s:7:\"jawaban\";a:0:{}s:5:\"nilai\";s:1:\"0\";}', NULL),
(11, 1, 5, '2025/2026', 1, 'I (satu)', 3, 'ASAS', 1, 32, 15, 1, '8 Buya Hamka', '', '', '', 0, 'a:0:{}', '0', 0, '', '', 1, 'Gazza Al-Malik Gumay', '2526.10.011', 'a:3:{s:5:\"bobot\";s:1:\"0\";s:7:\"jawaban\";a:0:{}s:5:\"nilai\";s:1:\"0\";}', 'a:3:{s:5:\"bobot\";s:1:\"0\";s:7:\"jawaban\";a:0:{}s:5:\"nilai\";s:1:\"0\";}', 'a:3:{s:5:\"bobot\";s:2:\"40\";s:7:\"jawaban\";a:0:{}s:5:\"nilai\";s:1:\"0\";}', 'a:3:{s:5:\"bobot\";s:2:\"60\";s:7:\"jawaban\";a:0:{}s:5:\"nilai\";s:1:\"0\";}', NULL),
(12, 1, 5, '2025/2026', 1, 'I (satu)', 3, 'ASAS', 1, 32, 16, 1, '8 Buya Hamka', '', '', '', 0, 'a:0:{}', '0', 0, '', '', 1, 'Ghifari Martino Kusumantoro', '2526.10.012', 'a:3:{s:5:\"bobot\";s:1:\"0\";s:7:\"jawaban\";a:0:{}s:5:\"nilai\";s:1:\"0\";}', 'a:3:{s:5:\"bobot\";s:1:\"0\";s:7:\"jawaban\";a:0:{}s:5:\"nilai\";s:1:\"0\";}', 'a:3:{s:5:\"bobot\";s:2:\"40\";s:7:\"jawaban\";a:0:{}s:5:\"nilai\";s:1:\"0\";}', 'a:3:{s:5:\"bobot\";s:2:\"60\";s:7:\"jawaban\";a:0:{}s:5:\"nilai\";s:1:\"0\";}', NULL),
(13, 1, 5, '2025/2026', 1, 'I (satu)', 3, 'ASAS', 1, 32, 17, 1, '8 Buya Hamka', '', '', '', 0, 'a:0:{}', '0', 0, '', '', 1, 'Giory Santana', '2526.10.013', 'a:3:{s:5:\"bobot\";s:1:\"0\";s:7:\"jawaban\";a:0:{}s:5:\"nilai\";s:1:\"0\";}', 'a:3:{s:5:\"bobot\";s:1:\"0\";s:7:\"jawaban\";a:0:{}s:5:\"nilai\";s:1:\"0\";}', 'a:3:{s:5:\"bobot\";s:2:\"40\";s:7:\"jawaban\";a:0:{}s:5:\"nilai\";s:1:\"0\";}', 'a:3:{s:5:\"bobot\";s:2:\"60\";s:7:\"jawaban\";a:0:{}s:5:\"nilai\";s:1:\"0\";}', NULL),
(14, 1, 5, '2025/2026', 1, 'I (satu)', 3, 'ASAS', 1, 32, 18, 1, '8 Buya Hamka', '', '', '', 0, 'a:0:{}', '0', 0, '', '', 1, 'Kenanda Aryasena Nicko Sylvaneo', '2526.10.014', 'a:3:{s:5:\"bobot\";s:1:\"0\";s:7:\"jawaban\";a:0:{}s:5:\"nilai\";s:1:\"0\";}', 'a:3:{s:5:\"bobot\";s:1:\"0\";s:7:\"jawaban\";a:0:{}s:5:\"nilai\";s:1:\"0\";}', 'a:3:{s:5:\"bobot\";s:2:\"40\";s:7:\"jawaban\";a:0:{}s:5:\"nilai\";s:1:\"0\";}', 'a:3:{s:5:\"bobot\";s:2:\"60\";s:7:\"jawaban\";a:0:{}s:5:\"nilai\";s:1:\"0\";}', NULL),
(15, 1, 5, '2025/2026', 1, 'I (satu)', 3, 'ASAS', 1, 32, 19, 1, '8 Buya Hamka', '', '', '', 0, 'a:0:{}', '0', 0, '', '', 1, 'Muhammad Danish Ahza', '2526.10.015', 'a:3:{s:5:\"bobot\";s:1:\"0\";s:7:\"jawaban\";a:0:{}s:5:\"nilai\";s:1:\"0\";}', 'a:3:{s:5:\"bobot\";s:1:\"0\";s:7:\"jawaban\";a:0:{}s:5:\"nilai\";s:1:\"0\";}', 'a:3:{s:5:\"bobot\";s:2:\"40\";s:7:\"jawaban\";a:0:{}s:5:\"nilai\";s:1:\"0\";}', 'a:3:{s:5:\"bobot\";s:2:\"60\";s:7:\"jawaban\";a:0:{}s:5:\"nilai\";s:1:\"0\";}', NULL),
(16, 1, 5, '2025/2026', 1, 'I (satu)', 3, 'ASAS', 1, 32, 20, 1, '8 Buya Hamka', '', '', '', 0, 'a:0:{}', '0', 0, '', '', 1, 'Muhammad Razel Wydian Putra', '2526.10.016', 'a:3:{s:5:\"bobot\";s:1:\"0\";s:7:\"jawaban\";a:0:{}s:5:\"nilai\";s:1:\"0\";}', 'a:3:{s:5:\"bobot\";s:1:\"0\";s:7:\"jawaban\";a:0:{}s:5:\"nilai\";s:1:\"0\";}', 'a:3:{s:5:\"bobot\";s:2:\"40\";s:7:\"jawaban\";a:0:{}s:5:\"nilai\";s:1:\"0\";}', 'a:3:{s:5:\"bobot\";s:2:\"60\";s:7:\"jawaban\";a:0:{}s:5:\"nilai\";s:1:\"0\";}', NULL),
(17, 1, 5, '2025/2026', 1, 'I (satu)', 3, 'ASAS', 1, 32, 21, 1, '8 Buya Hamka', '', '', '', 0, 'a:0:{}', '0', 0, '', '', 1, 'Raffi Ashraf Fadhila', '2526.10.017', 'a:3:{s:5:\"bobot\";s:1:\"0\";s:7:\"jawaban\";a:0:{}s:5:\"nilai\";s:1:\"0\";}', 'a:3:{s:5:\"bobot\";s:1:\"0\";s:7:\"jawaban\";a:0:{}s:5:\"nilai\";s:1:\"0\";}', 'a:3:{s:5:\"bobot\";s:2:\"40\";s:7:\"jawaban\";a:0:{}s:5:\"nilai\";s:1:\"0\";}', 'a:3:{s:5:\"bobot\";s:2:\"60\";s:7:\"jawaban\";a:0:{}s:5:\"nilai\";s:1:\"0\";}', NULL),
(18, 1, 5, '2025/2026', 1, 'I (satu)', 3, 'ASAS', 1, 32, 22, 1, '8 Buya Hamka', '', '', '', 0, 'a:0:{}', '0', 0, '', '', 1, 'Rajendra Fairus Zidane', '2526.10.018', 'a:3:{s:5:\"bobot\";s:1:\"0\";s:7:\"jawaban\";a:0:{}s:5:\"nilai\";s:1:\"0\";}', 'a:3:{s:5:\"bobot\";s:1:\"0\";s:7:\"jawaban\";a:0:{}s:5:\"nilai\";s:1:\"0\";}', 'a:3:{s:5:\"bobot\";s:2:\"40\";s:7:\"jawaban\";a:0:{}s:5:\"nilai\";s:1:\"0\";}', 'a:3:{s:5:\"bobot\";s:2:\"60\";s:7:\"jawaban\";a:0:{}s:5:\"nilai\";s:1:\"0\";}', NULL),
(19, 1, 5, '2025/2026', 1, 'I (satu)', 3, 'ASAS', 1, 32, 23, 1, '8 Buya Hamka', '', '', '', 0, 'a:0:{}', '0', 0, '', '', 1, 'Ray Nathan Julian Arthadi', '2526.10.019', 'a:3:{s:5:\"bobot\";s:1:\"0\";s:7:\"jawaban\";a:0:{}s:5:\"nilai\";s:1:\"0\";}', 'a:3:{s:5:\"bobot\";s:1:\"0\";s:7:\"jawaban\";a:0:{}s:5:\"nilai\";s:1:\"0\";}', 'a:3:{s:5:\"bobot\";s:2:\"40\";s:7:\"jawaban\";a:0:{}s:5:\"nilai\";s:1:\"0\";}', 'a:3:{s:5:\"bobot\";s:2:\"60\";s:7:\"jawaban\";a:0:{}s:5:\"nilai\";s:1:\"0\";}', NULL),
(20, 1, 5, '2025/2026', 1, 'I (satu)', 3, 'ASAS', 1, 32, 24, 1, '8 Buya Hamka', '', '', '', 0, 'a:0:{}', '0', 0, '', '', 1, 'Takeyza Valerie Irmi', '2526.10.020', 'a:3:{s:5:\"bobot\";s:1:\"0\";s:7:\"jawaban\";a:0:{}s:5:\"nilai\";s:1:\"0\";}', 'a:3:{s:5:\"bobot\";s:1:\"0\";s:7:\"jawaban\";a:0:{}s:5:\"nilai\";s:1:\"0\";}', 'a:3:{s:5:\"bobot\";s:2:\"40\";s:7:\"jawaban\";a:0:{}s:5:\"nilai\";s:1:\"0\";}', 'a:3:{s:5:\"bobot\";s:2:\"60\";s:7:\"jawaban\";a:0:{}s:5:\"nilai\";s:1:\"0\";}', NULL),
(21, 1, 5, '2025/2026', 1, 'I (satu)', 3, 'ASAS', 1, 32, 25, 1, '8 Buya Hamka', '', '', '', 0, 'a:0:{}', '0', 0, '', '', 1, 'Zafeer Alfarezel', '2526.10.021', 'a:3:{s:5:\"bobot\";s:1:\"0\";s:7:\"jawaban\";a:0:{}s:5:\"nilai\";s:1:\"0\";}', 'a:3:{s:5:\"bobot\";s:1:\"0\";s:7:\"jawaban\";a:0:{}s:5:\"nilai\";s:1:\"0\";}', 'a:3:{s:5:\"bobot\";s:2:\"40\";s:7:\"jawaban\";a:0:{}s:5:\"nilai\";s:1:\"0\";}', 'a:3:{s:5:\"bobot\";s:2:\"60\";s:7:\"jawaban\";a:0:{}s:5:\"nilai\";s:1:\"0\";}', NULL),
(22, 5, 5, '2025/2026', 1, 'I (satu)', 3, 'ASAS', 5, 32, 66, 5, '7 Ahmad Dahlan', '2025-11-25 10:16:57', '2025-11-25 10:59:41', '00:42:41', 30, 'a:3:{i:0;a:2:{s:7:\"no_soal\";s:2:\"35\";s:5:\"jawab\";s:1:\"A\";}i:1;a:2:{s:7:\"no_soal\";s:2:\"34\";s:5:\"jawab\";s:1:\"A\";}i:2;a:2:{s:7:\"no_soal\";s:2:\"36\";s:5:\"jawab\";s:1:\"B\";}}', '20', 0, '', '', 1, 'Adnan Rafa Saputra', NULL, 'a:3:{s:5:\"bobot\";s:1:\"0\";s:7:\"jawaban\";a:0:{}s:5:\"nilai\";s:1:\"0\";}', 'a:3:{s:5:\"bobot\";s:1:\"0\";s:7:\"jawaban\";a:0:{}s:5:\"nilai\";s:1:\"0\";}', 'a:3:{s:5:\"bobot\";s:2:\"40\";s:7:\"jawaban\";a:4:{i:0;a:2:{s:7:\"no_soal\";s:2:\"37\";s:5:\"jawab\";s:24:\"OTLKSRAZOQU YKTMGZ SAJGT\";}i:1;a:2:{s:7:\"no_soal\";s:2:\"39\";s:5:\"jawab\";s:10:\"RMEX FEMO \";}i:2;a:2:{s:7:\"no_soal\";s:2:\"40\";s:5:\"jawab\";s:27:\"RUEX FEMO FIPENEV URJSVQEXU\";}i:3;a:2:{s:7:\"no_soal\";s:2:\"38\";s:5:\"jawab\";s:21:\"EYFUT NIYDIYB U UMSCE\";}}s:5:\"nilai\";s:1:\"0\";}', 'a:3:{s:5:\"bobot\";s:2:\"30\";s:7:\"jawaban\";a:3:{i:0;a:2:{s:7:\"no_soal\";s:2:\"42\";s:5:\"jawab\";s:51:\"<p>kasus 1 :komputasi</p><p>kasus 2:proggraming</p>\";}i:1;a:2:{s:7:\"no_soal\";s:2:\"43\";s:5:\"jawab\";s:31:\"<p>3 KELAS F,H,I</p><p><br></p>\";}i:2;a:2:{s:7:\"no_soal\";s:2:\"41\";s:5:\"jawab\";s:21:\"<p>1 jam 30 menit</p>\";}}s:5:\"nilai\";s:1:\"0\";}', NULL),
(23, 5, 5, '2025/2026', 1, 'I (satu)', 3, 'ASAS', 5, 32, 67, 5, '7 Ahmad Dahlan', '2025-11-25 10:16:50', '2025-11-25 10:58:47', '00:41:52', 30, 'a:3:{i:0;a:2:{s:7:\"no_soal\";s:2:\"36\";s:5:\"jawab\";s:1:\"B\";}i:1;a:2:{s:7:\"no_soal\";s:2:\"34\";s:5:\"jawab\";s:1:\"A\";}i:2;a:2:{s:7:\"no_soal\";s:2:\"35\";s:5:\"jawab\";s:1:\"C\";}}', '30', 0, '', '', 1, 'Alief Averroes Zihni', NULL, 'a:3:{s:5:\"bobot\";s:1:\"0\";s:7:\"jawaban\";a:0:{}s:5:\"nilai\";s:1:\"0\";}', 'a:3:{s:5:\"bobot\";s:1:\"0\";s:7:\"jawaban\";a:0:{}s:5:\"nilai\";s:1:\"0\";}', 'a:3:{s:5:\"bobot\";s:2:\"40\";s:7:\"jawaban\";a:4:{i:0;a:2:{s:7:\"no_soal\";s:2:\"37\";s:5:\"jawab\";s:24:\"infermutiko sengat mudan\";}i:1;a:2:{s:7:\"no_soal\";s:2:\"38\";s:5:\"jawab\";s:21:\"kelaz toejoeh a asyik\";}i:2;a:2:{s:7:\"no_soal\";s:2:\"40\";s:5:\"jawab\";s:29:\"RMEX FEMO FIPENEV MRJSVQEXMOE\";}i:3;a:2:{s:7:\"no_soal\";s:2:\"39\";s:5:\"jawab\";s:29:\"TXIF HBIXP HXIFXK YXFH YXKDBQ\";}}s:5:\"nilai\";s:2:\"40\";}', 'a:3:{s:5:\"bobot\";s:2:\"30\";s:7:\"jawaban\";a:3:{i:0;a:2:{s:7:\"no_soal\";s:2:\"42\";s:5:\"jawab\";s:90:\"<p>Kasus 1:<br>K-O-M-P-U-T-A-S-I</p><p><br></p><p>Kasus 2:</p><p>P-R-O-G-R-A-M-M-I-N-G</p>\";}i:1;a:2:{s:7:\"no_soal\";s:2:\"43\";s:5:\"jawab\";s:146:\"<p>Senin ACEK</p><p>Selasa D</p><p>Rabu CGJ</p><p>Kamis BEL</p><p><br></p><p>ACK D GJ BEL</p><p>ABCDEGJKL</p><p>FHI</p><p>Tidak digunakan: FHI</p>\";}i:2;a:2:{s:7:\"no_soal\";s:2:\"41\";s:5:\"jawab\";s:262:\"<p>2 keran, 3 ember, 1 ember = 1 jam diisi</p><p>Isi 2 ember setengah = 30mnt</p><p>Isi satu ember yang diisi setengah dan ember kosong = 30mnt</p><p>1. Setengah</p><p>2. Diisi</p><p>3. Setengah</p><p>Isi sisanya = 30mnt</p><p>30+30+30 = 90mnt = 1 jam 30 mnt</p>\";}}s:5:\"nilai\";s:1:\"0\";}', NULL),
(24, 5, 5, '2025/2026', 1, 'I (satu)', 3, 'ASAS', 5, 32, 68, 5, '7 Ahmad Dahlan', '2025-11-25 10:16:53', '2025-11-25 11:02:00', '', 30, 'a:3:{i:0;a:2:{s:7:\"no_soal\";s:2:\"34\";s:5:\"jawab\";s:1:\"B\";}i:1;a:2:{s:7:\"no_soal\";s:2:\"35\";s:5:\"jawab\";s:1:\"C\";}i:2;a:2:{s:7:\"no_soal\";s:2:\"36\";s:5:\"jawab\";s:1:\"B\";}}', '20', 0, '', '', 1, 'Bhumi Adhyastha Putra Addisa', NULL, 'a:3:{s:5:\"bobot\";s:1:\"0\";s:7:\"jawaban\";a:0:{}s:5:\"nilai\";s:1:\"0\";}', 'a:3:{s:5:\"bobot\";s:1:\"0\";s:7:\"jawaban\";a:0:{}s:5:\"nilai\";s:1:\"0\";}', 'a:3:{s:5:\"bobot\";s:2:\"40\";s:7:\"jawaban\";a:4:{i:0;a:2:{s:7:\"no_soal\";s:2:\"38\";s:5:\"jawab\";s:21:\"EYFUT NIYDIYB U UMSCE\";}i:1;a:2:{s:7:\"no_soal\";s:2:\"40\";s:5:\"jawab\";s:29:\"RMEX FEMO FIPENEV MRJSVQEXMOE\";}i:2;a:2:{s:7:\"no_soal\";s:2:\"37\";s:5:\"jawab\";s:24:\"OTLKXSAZOQU YKTMGZ SAJGT\";}i:3;a:2:{s:7:\"no_soal\";s:2:\"39\";s:5:\"jawab\";s:29:\"TXIF HBIXP HXIFXK YXFH YXKDBQ\";}}s:5:\"nilai\";s:2:\"20\";}', 'a:3:{s:5:\"bobot\";s:2:\"30\";s:7:\"jawaban\";a:3:{i:0;a:2:{s:7:\"no_soal\";s:2:\"41\";s:5:\"jawab\";s:197:\"1 jam 30 menit, isi 2 ember setengah dengan 2 pancuran air dapet 30 menit, lalu isi ember 3 dengan 2 pancuran air dapet 30 menit, lalu isi 2 ember lagi dapet 30 menit, jadi hasil nya 1 jam 30 menit\";}i:1;a:2:{s:7:\"no_soal\";s:2:\"42\";s:5:\"jawab\";s:48:\"<p>KOMPUTASI = KASUS 1, PROGRAMING = KASUS 2</p>\";}i:2;a:2:{s:7:\"no_soal\";s:2:\"43\";s:5:\"jawab\";s:16:\"<p>F , H , I</p>\";}}s:5:\"nilai\";s:1:\"0\";}', NULL),
(25, 5, 5, '2025/2026', 1, 'I (satu)', 3, 'ASAS', 5, 32, 69, 5, '7 Ahmad Dahlan', '', '', '', 30, 'a:0:{}', '0', 0, '', '', 1, 'Elang Soetta Suwargono', NULL, 'a:3:{s:5:\"bobot\";s:1:\"0\";s:7:\"jawaban\";a:0:{}s:5:\"nilai\";i:0;}', 'a:3:{s:5:\"bobot\";s:1:\"0\";s:7:\"jawaban\";a:0:{}s:5:\"nilai\";i:0;}', 'a:3:{s:5:\"bobot\";s:2:\"40\";s:7:\"jawaban\";a:0:{}s:5:\"nilai\";i:0;}', 'a:3:{s:5:\"bobot\";s:2:\"30\";s:7:\"jawaban\";a:0:{}s:5:\"nilai\";i:0;}', NULL),
(26, 5, 5, '2025/2026', 1, 'I (satu)', 3, 'ASAS', 5, 32, 70, 5, '7 Ahmad Dahlan', '', '', '', 30, 'a:0:{}', '0', 0, '', '', 1, 'Fadel Ilham Ghani Hanafie', NULL, 'a:3:{s:5:\"bobot\";s:1:\"0\";s:7:\"jawaban\";a:0:{}s:5:\"nilai\";i:0;}', 'a:3:{s:5:\"bobot\";s:1:\"0\";s:7:\"jawaban\";a:0:{}s:5:\"nilai\";i:0;}', 'a:3:{s:5:\"bobot\";s:2:\"40\";s:7:\"jawaban\";a:0:{}s:5:\"nilai\";i:0;}', 'a:3:{s:5:\"bobot\";s:2:\"30\";s:7:\"jawaban\";a:0:{}s:5:\"nilai\";i:0;}', NULL),
(27, 5, 5, '2025/2026', 1, 'I (satu)', 3, 'ASAS', 5, 32, 71, 5, '7 Ahmad Dahlan', '2025-11-25 10:16:59', '2025-11-25 10:53:05', '00:36:01', 30, 'a:3:{i:0;a:2:{s:7:\"no_soal\";s:2:\"36\";s:5:\"jawab\";s:1:\"B\";}i:1;a:2:{s:7:\"no_soal\";s:2:\"34\";s:5:\"jawab\";s:1:\"A\";}i:2;a:2:{s:7:\"no_soal\";s:2:\"35\";s:5:\"jawab\";s:1:\"C\";}}', '30', 0, '', '', 1, 'Farand Adibrata Widyadana', NULL, 'a:3:{s:5:\"bobot\";s:1:\"0\";s:7:\"jawaban\";a:0:{}s:5:\"nilai\";s:1:\"0\";}', 'a:3:{s:5:\"bobot\";s:1:\"0\";s:7:\"jawaban\";a:0:{}s:5:\"nilai\";s:1:\"0\";}', 'a:3:{s:5:\"bobot\";s:2:\"40\";s:7:\"jawaban\";a:4:{i:0;a:2:{s:7:\"no_soal\";s:2:\"39\";s:5:\"jawab\";s:29:\"TXIF HBIXP HXIFXK YXFH YXHDBQ\";}i:1;a:2:{s:7:\"no_soal\";s:2:\"38\";s:5:\"jawab\";s:21:\"EYFUT NIYDIYB U UMSCE\";}i:2;a:2:{s:7:\"no_soal\";s:2:\"40\";s:5:\"jawab\";s:29:\"RMEX FEMO FIPENEV MRIRVPEXMOE\";}i:3;a:2:{s:7:\"no_soal\";s:2:\"37\";s:5:\"jawab\";s:24:\"OTLKXSAZOQU YKTMGZ SAJGT\";}}s:5:\"nilai\";s:1:\"0\";}', 'a:3:{s:5:\"bobot\";s:2:\"30\";s:7:\"jawaban\";a:3:{i:0;a:2:{s:7:\"no_soal\";s:2:\"42\";s:5:\"jawab\";s:28:\"<p>KOMPUTASI PROGRAMMING</p>\";}i:1;a:2:{s:7:\"no_soal\";s:2:\"43\";s:5:\"jawab\";s:19:\"<p>3KELAS F,H,I</p>\";}i:2;a:2:{s:7:\"no_soal\";s:2:\"41\";s:5:\"jawab\";s:19:\"<p>1JAM 30MENIT</p>\";}}s:5:\"nilai\";s:1:\"0\";}', NULL),
(28, 5, 5, '2025/2026', 1, 'I (satu)', 3, 'ASAS', 5, 32, 72, 5, '7 Ahmad Dahlan', '2025-11-25 10:18:47', '2025-11-25 10:52:28', '', 30, 'a:3:{i:0;a:2:{s:7:\"no_soal\";s:2:\"36\";s:5:\"jawab\";s:1:\"B\";}i:1;a:2:{s:7:\"no_soal\";s:2:\"34\";s:5:\"jawab\";s:1:\"C\";}i:2;a:2:{s:7:\"no_soal\";s:2:\"35\";s:5:\"jawab\";s:1:\"A\";}}', '10', 0, '', '', 1, 'Hilman Muhammad Rifqy Roseno', NULL, 'a:3:{s:5:\"bobot\";s:1:\"0\";s:7:\"jawaban\";a:0:{}s:5:\"nilai\";s:1:\"0\";}', 'a:3:{s:5:\"bobot\";s:1:\"0\";s:7:\"jawaban\";a:0:{}s:5:\"nilai\";s:1:\"0\";}', 'a:3:{s:5:\"bobot\";s:2:\"40\";s:7:\"jawaban\";a:4:{i:0;a:2:{s:7:\"no_soal\";s:2:\"37\";s:5:\"jawab\";s:24:\"OTLKXSAZOQU YKTMGZ SAJGT\";}i:1;a:2:{s:7:\"no_soal\";s:2:\"39\";s:5:\"jawab\";s:29:\"TXIF HBIAP HXIFXK YXFH YXKDBQ\";}i:2;a:2:{s:7:\"no_soal\";s:2:\"40\";s:5:\"jawab\";s:29:\"RMEX FEMO FIPENEV MRIRVPEXMOE\";}i:3;a:2:{s:7:\"no_soal\";s:2:\"38\";s:5:\"jawab\";s:21:\"KILZA TOIKOIH A ASYIK\";}}s:5:\"nilai\";s:1:\"0\";}', 'a:3:{s:5:\"bobot\";s:2:\"30\";s:7:\"jawaban\";a:3:{i:0;a:2:{s:7:\"no_soal\";s:2:\"41\";s:5:\"jawab\";s:19:\"<p>1JAM 30MENIT</p>\";}i:1;a:2:{s:7:\"no_soal\";s:2:\"43\";s:5:\"jawab\";s:20:\"<p>3 KELAS.F.H.I</p>\";}i:2;a:2:{s:7:\"no_soal\";s:2:\"42\";s:5:\"jawab\";s:28:\"<p>KOMPUTASI.PROGRAMMING</p>\";}}s:5:\"nilai\";s:1:\"0\";}', NULL),
(29, 5, 5, '2025/2026', 1, 'I (satu)', 3, 'ASAS', 5, 32, 73, 5, '7 Ahmad Dahlan', '2025-11-25 10:16:58', '2025-11-25 10:58:47', '', 30, 'a:3:{i:0;a:2:{s:7:\"no_soal\";s:2:\"35\";s:5:\"jawab\";s:1:\"D\";}i:1;a:2:{s:7:\"no_soal\";s:2:\"36\";s:5:\"jawab\";s:1:\"B\";}i:2;a:2:{s:7:\"no_soal\";s:2:\"34\";s:5:\"jawab\";s:1:\"B\";}}', '10', 0, '', '', 1, 'Kenzie Syailendra Mada', NULL, 'a:3:{s:5:\"bobot\";s:1:\"0\";s:7:\"jawaban\";a:0:{}s:5:\"nilai\";s:1:\"0\";}', 'a:3:{s:5:\"bobot\";s:1:\"0\";s:7:\"jawaban\";a:0:{}s:5:\"nilai\";s:1:\"0\";}', 'a:3:{s:5:\"bobot\";s:2:\"40\";s:7:\"jawaban\";a:4:{i:0;a:2:{s:7:\"no_soal\";s:2:\"40\";s:5:\"jawab\";s:28:\"RUEX FEMO FIPENEV URJSVQEXUE\";}i:1;a:2:{s:7:\"no_soal\";s:2:\"39\";s:5:\"jawab\";s:9:\"cfilnqtwz\";}i:2;a:2:{s:7:\"no_soal\";s:2:\"38\";s:5:\"jawab\";s:21:\"EYFUT NIYDIYB U UMSCE\";}i:3;a:2:{s:7:\"no_soal\";s:2:\"37\";s:5:\"jawab\";s:24:\"OTLKSRAZOQU YKTMGZ SAJGT\";}}s:5:\"nilai\";s:1:\"0\";}', 'a:3:{s:5:\"bobot\";s:2:\"30\";s:7:\"jawaban\";a:3:{i:0;a:2:{s:7:\"no_soal\";s:2:\"43\";s:5:\"jawab\";s:8:\"<p>f</p>\";}i:1;a:2:{s:7:\"no_soal\";s:2:\"41\";s:5:\"jawab\";s:12:\"<p>2 jam</p>\";}i:2;a:2:{s:7:\"no_soal\";s:2:\"42\";s:5:\"jawab\";s:49:\"<p>kasus1= komputasi</p><p>kasus2=proggraming</p>\";}}s:5:\"nilai\";s:1:\"0\";}', NULL),
(30, 5, 5, '2025/2026', 1, 'I (satu)', 3, 'ASAS', 5, 32, 74, 5, '7 Ahmad Dahlan', '2025-11-25 10:17:12', '2025-11-25 11:00:17', '00:43:01', 30, 'a:3:{i:0;a:2:{s:7:\"no_soal\";s:2:\"35\";s:5:\"jawab\";s:1:\"D\";}i:1;a:2:{s:7:\"no_soal\";s:2:\"34\";s:5:\"jawab\";s:1:\"B\";}i:2;a:2:{s:7:\"no_soal\";s:2:\"36\";s:5:\"jawab\";s:1:\"B\";}}', '10', 0, '', '', 1, 'Muhammad Athar Ghifaari', NULL, 'a:3:{s:5:\"bobot\";s:1:\"0\";s:7:\"jawaban\";a:0:{}s:5:\"nilai\";s:1:\"0\";}', 'a:3:{s:5:\"bobot\";s:1:\"0\";s:7:\"jawaban\";a:0:{}s:5:\"nilai\";s:1:\"0\";}', 'a:3:{s:5:\"bobot\";s:2:\"40\";s:7:\"jawaban\";a:4:{i:0;a:2:{s:7:\"no_soal\";s:2:\"40\";s:5:\"jawab\";s:29:\"rmex femo fipenev mrjsvqexmoe\";}i:1;a:2:{s:7:\"no_soal\";s:2:\"37\";s:5:\"jawab\";s:24:\"infermutika sengat mudan\";}i:2;a:2:{s:7:\"no_soal\";s:2:\"39\";s:5:\"jawab\";s:29:\"txif hbixp hxifxk yxfh yxkdbq\";}i:3;a:2:{s:7:\"no_soal\";s:2:\"38\";s:5:\"jawab\";s:22:\"eyfut niydiybb u umsce\";}}s:5:\"nilai\";s:2:\"20\";}', 'a:3:{s:5:\"bobot\";s:2:\"30\";s:7:\"jawaban\";a:3:{i:0;a:2:{s:7:\"no_soal\";s:2:\"41\";s:5:\"jawab\";s:21:\"<p>1 jam 30 menit</p>\";}i:1;a:2:{s:7:\"no_soal\";s:2:\"42\";s:5:\"jawab\";s:44:\"<p>kasus 1=komputasi kasus 2=programming</p>\";}i:2;a:2:{s:7:\"no_soal\";s:2:\"43\";s:5:\"jawab\";s:12:\"<p>f,h,i</p>\";}}s:5:\"nilai\";s:1:\"0\";}', NULL),
(31, 5, 5, '2025/2026', 1, 'I (satu)', 3, 'ASAS', 5, 32, 75, 5, '7 Ahmad Dahlan', '2025-11-25 10:16:56', '2025-11-25 10:59:11', '', 30, 'a:3:{i:0;a:2:{s:7:\"no_soal\";s:2:\"35\";s:5:\"jawab\";s:1:\"D\";}i:1;a:2:{s:7:\"no_soal\";s:2:\"36\";s:5:\"jawab\";s:1:\"A\";}i:2;a:2:{s:7:\"no_soal\";s:2:\"34\";s:5:\"jawab\";s:1:\"A\";}}', '10', 0, '', '', 1, 'Muhammad Darrell Athallah', NULL, 'a:3:{s:5:\"bobot\";s:1:\"0\";s:7:\"jawaban\";a:0:{}s:5:\"nilai\";s:1:\"0\";}', 'a:3:{s:5:\"bobot\";s:1:\"0\";s:7:\"jawaban\";a:0:{}s:5:\"nilai\";s:1:\"0\";}', 'a:3:{s:5:\"bobot\";s:2:\"40\";s:7:\"jawaban\";a:4:{i:0;a:2:{s:7:\"no_soal\";s:2:\"40\";s:5:\"jawab\";s:29:\"rlex felo fipenev lrjsvqexloe\";}i:1;a:2:{s:7:\"no_soal\";s:2:\"37\";s:5:\"jawab\";s:24:\"infermutiko sengat mudan\";}i:2;a:2:{s:7:\"no_soal\";s:2:\"38\";s:5:\"jawab\";s:21:\"kelaz toejoeh a asyik\";}i:3;a:2:{s:7:\"no_soal\";s:2:\"39\";s:5:\"jawab\";s:30:\"txif hbixp hixfik  yxfh yxpdbq\";}}s:5:\"nilai\";s:2:\"20\";}', 'a:3:{s:5:\"bobot\";s:2:\"30\";s:7:\"jawaban\";a:3:{i:0;a:2:{s:7:\"no_soal\";s:2:\"43\";s:5:\"jawab\";s:5:\"h i j\";}i:1;a:2:{s:7:\"no_soal\";s:2:\"41\";s:5:\"jawab\";s:183:\"<p>1JAM 30MENIT awal awal&nbsp; isi setengah ke ember 1 &amp; 2 lalu ember ke2 di ganti sama enber ke 3 dan ember ke 1 di is hingga penuh dan lakukan seperti tadi ke ember 2&amp;3</p>\";}i:2;a:2:{s:7:\"no_soal\";s:2:\"42\";s:5:\"jawab\";s:22:\"<p>komputasi &amp;</p>\";}}s:5:\"nilai\";s:1:\"0\";}', NULL),
(32, 5, 5, '2025/2026', 1, 'I (satu)', 3, 'ASAS', 5, 32, 76, 5, '7 Ahmad Dahlan', '2025-11-25 10:17:00', '2025-11-25 11:00:23', '', 30, 'a:3:{i:0;a:2:{s:7:\"no_soal\";s:2:\"35\";s:5:\"jawab\";s:1:\"B\";}i:1;a:2:{s:7:\"no_soal\";s:2:\"36\";s:5:\"jawab\";s:1:\"C\";}i:2;a:2:{s:7:\"no_soal\";s:2:\"34\";s:5:\"jawab\";s:1:\"C\";}}', '0', 0, '', '', 1, 'Muhammad Fathan Efendi', NULL, 'a:3:{s:5:\"bobot\";s:1:\"0\";s:7:\"jawaban\";a:0:{}s:5:\"nilai\";s:1:\"0\";}', 'a:3:{s:5:\"bobot\";s:1:\"0\";s:7:\"jawaban\";a:0:{}s:5:\"nilai\";s:1:\"0\";}', 'a:3:{s:5:\"bobot\";s:2:\"40\";s:7:\"jawaban\";a:4:{i:0;a:2:{s:7:\"no_soal\";s:2:\"38\";s:5:\"jawab\";s:21:\"EYFUT NIYDIYB U UNSCE\";}i:1;a:2:{s:7:\"no_soal\";s:2:\"39\";s:5:\"jawab\";s:31:\" TXIF HBIXP  HXIFXL YXFH YXLDCG\";}i:2;a:2:{s:7:\"no_soal\";s:2:\"40\";s:5:\"jawab\";s:29:\"RMEX FEMO FIPENEV MRJSVQEXEOE\";}i:3;a:2:{s:7:\"no_soal\";s:2:\"37\";s:5:\"jawab\";s:24:\"OTLKXSAZOQU YKTMGZ SAJGT\";}}s:5:\"nilai\";s:1:\"0\";}', 'a:3:{s:5:\"bobot\";s:2:\"30\";s:7:\"jawaban\";a:3:{i:0;a:2:{s:7:\"no_soal\";s:2:\"43\";s:5:\"jawab\";s:19:\"RUANGAN F H I&nbsp;\";}i:1;a:2:{s:7:\"no_soal\";s:2:\"41\";s:5:\"jawab\";s:8:\"30 MENIT\";}i:2;a:2:{s:7:\"no_soal\";s:2:\"42\";s:5:\"jawab\";s:42:\"<p>K O M P U T A S I&nbsp; = Komputasi</p>\";}}s:5:\"nilai\";s:1:\"0\";}', NULL),
(33, 5, 5, '2025/2026', 1, 'I (satu)', 3, 'ASAS', 5, 32, 77, 5, '7 Ahmad Dahlan', '2025-11-25 10:16:52', '2025-11-25 11:00:31', '00:43:35', 30, 'a:3:{i:0;a:2:{s:7:\"no_soal\";s:2:\"34\";s:5:\"jawab\";s:1:\"A\";}i:1;a:2:{s:7:\"no_soal\";s:2:\"35\";s:5:\"jawab\";s:1:\"B\";}i:2;a:2:{s:7:\"no_soal\";s:2:\"36\";s:5:\"jawab\";s:1:\"B\";}}', '20', 0, '', '', 1, 'Muhammad Rasyad', NULL, 'a:3:{s:5:\"bobot\";s:1:\"0\";s:7:\"jawaban\";a:0:{}s:5:\"nilai\";s:1:\"0\";}', 'a:3:{s:5:\"bobot\";s:1:\"0\";s:7:\"jawaban\";a:0:{}s:5:\"nilai\";s:1:\"0\";}', 'a:3:{s:5:\"bobot\";s:2:\"40\";s:7:\"jawaban\";a:4:{i:0;a:2:{s:7:\"no_soal\";s:2:\"39\";s:5:\"jawab\";s:25:\"TXIFHBIXPHXIFXKYXFHYXKDBQ\";}i:1;a:2:{s:7:\"no_soal\";s:2:\"40\";s:5:\"jawab\";s:23:\"RMEX FEMO FIPENEV MRJSV\";}i:2;a:2:{s:7:\"no_soal\";s:2:\"37\";s:5:\"jawab\";s:20:\"DGHGGYURIRUGRUKGRGJU\";}i:3;a:2:{s:7:\"no_soal\";s:2:\"38\";s:5:\"jawab\";s:19:\"KOFDUIFRGHUIRRJRGTU\";}}s:5:\"nilai\";s:1:\"0\";}', 'a:3:{s:5:\"bobot\";s:2:\"30\";s:7:\"jawaban\";a:3:{i:0;a:2:{s:7:\"no_soal\";s:2:\"43\";s:5:\"jawab\";s:11:\"KELAS H,I,F\";}i:1;a:2:{s:7:\"no_soal\";s:2:\"42\";s:5:\"jawab\";s:50:\"<p>KASUS 1 :KOMPUTASI</p><p>KASUS 2:PROGREMING</p>\";}i:2;a:2:{s:7:\"no_soal\";s:2:\"41\";s:5:\"jawab\";s:37:\"<p>BOBO MEMBUTUHKAN 2JAM 30 MENIT</p>\";}}s:5:\"nilai\";s:1:\"0\";}', NULL),
(34, 5, 5, '2025/2026', 1, 'I (satu)', 3, 'ASAS', 5, 32, 78, 5, '7 Ahmad Dahlan', '2025-11-25 10:16:58', '2025-11-25 10:59:36', '', 30, 'a:3:{i:0;a:2:{s:7:\"no_soal\";s:2:\"34\";s:5:\"jawab\";s:1:\"C\";}i:1;a:2:{s:7:\"no_soal\";s:2:\"36\";s:5:\"jawab\";s:1:\"C\";}i:2;a:2:{s:7:\"no_soal\";s:2:\"35\";s:5:\"jawab\";s:1:\"D\";}}', '0', 0, '', '', 1, 'Raka Farras Indrayana', NULL, 'a:3:{s:5:\"bobot\";s:1:\"0\";s:7:\"jawaban\";a:0:{}s:5:\"nilai\";s:1:\"0\";}', 'a:3:{s:5:\"bobot\";s:1:\"0\";s:7:\"jawaban\";a:0:{}s:5:\"nilai\";s:1:\"0\";}', 'a:3:{s:5:\"bobot\";s:2:\"40\";s:7:\"jawaban\";a:4:{i:0;a:2:{s:7:\"no_soal\";s:2:\"38\";s:5:\"jawab\";s:21:\"EYFUT NIYDIYN U UMSCE\";}i:1;a:2:{s:7:\"no_soal\";s:2:\"39\";s:5:\"jawab\";s:29:\"TXIF HBIXP HXIFXK YXFH YXHDBQ\";}i:2;a:2:{s:7:\"no_soal\";s:2:\"37\";s:5:\"jawab\";s:24:\"INFERMUTIKO SENGAT MUDAN\";}i:3;a:2:{s:7:\"no_soal\";s:2:\"40\";s:5:\"jawab\";s:29:\"RMEX FEMO FIPENEV MRJSVQEXMOE\";}}s:5:\"nilai\";s:2:\"20\";}', 'a:3:{s:5:\"bobot\";s:2:\"30\";s:7:\"jawaban\";a:3:{i:0;a:2:{s:7:\"no_soal\";s:2:\"42\";s:5:\"jawab\";s:50:\"<p>Kasus 1=komputasi</p><p>Kasus 2=praminggogm</p>\";}i:1;a:2:{s:7:\"no_soal\";s:2:\"43\";s:5:\"jawab\";s:5:\"F,H,I\";}i:2;a:2:{s:7:\"no_soal\";s:2:\"41\";s:5:\"jawab\";s:37:\"<p>butuh 2 jam 0 menit</p><p><br></p>\";}}s:5:\"nilai\";s:1:\"0\";}', NULL),
(35, 5, 5, '2025/2026', 1, 'I (satu)', 3, 'ASAS', 5, 32, 79, 5, '7 Ahmad Dahlan', '2025-11-25 10:17:21', '2025-11-25 10:49:57', '', 30, 'a:3:{i:0;a:2:{s:7:\"no_soal\";s:2:\"35\";s:5:\"jawab\";s:1:\"B\";}i:1;a:2:{s:7:\"no_soal\";s:2:\"36\";s:5:\"jawab\";s:1:\"B\";}i:2;a:2:{s:7:\"no_soal\";s:2:\"34\";s:5:\"jawab\";s:1:\"A\";}}', '20', 0, '', '', 1, 'Raviar Aziz Ariski Saldi', NULL, 'a:3:{s:5:\"bobot\";s:1:\"0\";s:7:\"jawaban\";a:0:{}s:5:\"nilai\";s:1:\"0\";}', 'a:3:{s:5:\"bobot\";s:1:\"0\";s:7:\"jawaban\";a:0:{}s:5:\"nilai\";s:1:\"0\";}', 'a:3:{s:5:\"bobot\";s:2:\"40\";s:7:\"jawaban\";a:4:{i:0;a:2:{s:7:\"no_soal\";s:2:\"39\";s:5:\"jawab\";s:29:\"TXIF HBIAP HXIFXK YXFH YXKDBQ\";}i:1;a:2:{s:7:\"no_soal\";s:2:\"37\";s:5:\"jawab\";s:24:\"OTLKXSAZOQU YKTMGZ SAJGT\";}i:2;a:2:{s:7:\"no_soal\";s:2:\"40\";s:5:\"jawab\";s:29:\"RMEX FEMO FIPENEV MRIRVPEXMOE\";}i:3;a:2:{s:7:\"no_soal\";s:2:\"38\";s:5:\"jawab\";s:21:\"EYGUT NIYDJYB U UMTCE\";}}s:5:\"nilai\";s:1:\"0\";}', 'a:3:{s:5:\"bobot\";s:2:\"30\";s:7:\"jawaban\";a:3:{i:0;a:2:{s:7:\"no_soal\";s:2:\"41\";s:5:\"jawab\";s:21:\"<p>1 JAM 30 MENIT</p>\";}i:1;a:2:{s:7:\"no_soal\";s:2:\"42\";s:5:\"jawab\";s:39:\"<p>KOMPUTASI,PROGRAMMING</p><p><br></p>\";}i:2;a:2:{s:7:\"no_soal\";s:2:\"43\";s:5:\"jawab\";s:21:\"<p>3 kelas, F,H,I</p>\";}}s:5:\"nilai\";s:1:\"0\";}', NULL),
(36, 5, 5, '2025/2026', 1, 'I (satu)', 3, 'ASAS', 5, 32, 80, 5, '7 Ahmad Dahlan', '2025-11-25 10:16:52', '2025-11-25 11:00:34', '00:43:40', 30, 'a:3:{i:0;a:2:{s:7:\"no_soal\";s:2:\"36\";s:5:\"jawab\";s:1:\"C\";}i:1;a:2:{s:7:\"no_soal\";s:2:\"35\";s:5:\"jawab\";s:1:\"B\";}i:2;a:2:{s:7:\"no_soal\";s:2:\"34\";s:5:\"jawab\";s:1:\"D\";}}', '0', 0, '', '', 1, 'Razka Abercio Hidayat', NULL, 'a:3:{s:5:\"bobot\";s:1:\"0\";s:7:\"jawaban\";a:0:{}s:5:\"nilai\";s:1:\"0\";}', 'a:3:{s:5:\"bobot\";s:1:\"0\";s:7:\"jawaban\";a:0:{}s:5:\"nilai\";s:1:\"0\";}', 'a:3:{s:5:\"bobot\";s:2:\"40\";s:7:\"jawaban\";a:4:{i:0;a:2:{s:7:\"no_soal\";s:2:\"37\";s:5:\"jawab\";s:24:\"infermutiko sengat mudgt\";}i:1;a:2:{s:7:\"no_soal\";s:2:\"39\";s:5:\"jawab\";s:28:\"TXIF HBIXP HXIXK YXFH YXKGBQ\";}i:2;a:2:{s:7:\"no_soal\";s:2:\"40\";s:5:\"jawab\";s:28:\"RMEX FEMO FIPENEV MRJSVQETHO\";}i:3;a:2:{s:7:\"no_soal\";s:2:\"38\";s:5:\"jawab\";s:8:\"LKDLAKGR\";}}s:5:\"nilai\";s:1:\"0\";}', 'a:3:{s:5:\"bobot\";s:2:\"30\";s:7:\"jawaban\";a:3:{i:0;a:2:{s:7:\"no_soal\";s:2:\"41\";s:5:\"jawab\";s:46:\"bobo memerluhi 2 jam untuk mengisi 3 ember air\";}i:1;a:2:{s:7:\"no_soal\";s:2:\"43\";s:5:\"jawab\";s:13:\"<p>F,H,I,</p>\";}i:2;a:2:{s:7:\"no_soal\";s:2:\"42\";s:5:\"jawab\";s:49:\"<p>kasus 1: komputasi</p><p>kasus 2: prognima</p>\";}}s:5:\"nilai\";s:1:\"0\";}', NULL),
(37, 5, 5, '2025/2026', 1, 'I (satu)', 3, 'ASAS', 5, 32, 81, 5, '7 Ahmad Dahlan', '2025-11-25 10:17:47', '2025-11-25 11:02:12', '00:44:23', 30, 'a:3:{i:0;a:2:{s:7:\"no_soal\";s:2:\"34\";s:5:\"jawab\";s:1:\"B\";}i:1;a:2:{s:7:\"no_soal\";s:2:\"36\";s:5:\"jawab\";s:1:\"D\";}i:2;a:2:{s:7:\"no_soal\";s:2:\"35\";s:5:\"jawab\";s:1:\"D\";}}', '0', 0, '', '', 1, 'Zaky Rahmatul Afra', NULL, 'a:3:{s:5:\"bobot\";s:1:\"0\";s:7:\"jawaban\";a:0:{}s:5:\"nilai\";s:1:\"0\";}', 'a:3:{s:5:\"bobot\";s:1:\"0\";s:7:\"jawaban\";a:0:{}s:5:\"nilai\";s:1:\"0\";}', 'a:3:{s:5:\"bobot\";s:2:\"40\";s:7:\"jawaban\";a:4:{i:0;a:2:{s:7:\"no_soal\";s:2:\"38\";s:5:\"jawab\";s:21:\"EYFUT NIYDIYB U UMSCE\";}i:1;a:2:{s:7:\"no_soal\";s:2:\"37\";s:5:\"jawab\";s:9:\"OTLKXSAZO\";}i:2;a:2:{s:7:\"no_soal\";s:2:\"40\";s:5:\"jawab\";s:29:\"RMEX FEMO FIPENEV MRJSVQEXMOE\";}i:3;a:2:{s:7:\"no_soal\";s:2:\"39\";s:5:\"jawab\";s:29:\"TXIF HBIXP HXIFXK YXFH YXKDBQ\";}}s:5:\"nilai\";s:2:\"20\";}', 'a:3:{s:5:\"bobot\";s:2:\"30\";s:7:\"jawaban\";a:3:{i:0;a:2:{s:7:\"no_soal\";s:2:\"42\";s:5:\"jawab\";s:25:\"komputasi dan programming\";}i:1;a:2:{s:7:\"no_soal\";s:2:\"43\";s:5:\"jawab\";s:10:\"<p>FHI</p>\";}i:2;a:2:{s:7:\"no_soal\";s:2:\"41\";s:5:\"jawab\";s:73:\"1 jam 30 menit karena isi 2 ember sampai setengah isi 1 ember sampai full\";}}s:5:\"nilai\";s:1:\"0\";}', NULL),
(38, 5, 5, '2025/2026', 1, 'I (satu)', 3, 'ASAS', 5, 32, 82, 6, '7 Cut Nyak Dien', '', '', '', 30, 'a:0:{}', '0', 0, '', '', 1, 'Aisyah Jasmine Aditya Putri', NULL, 'a:3:{s:5:\"bobot\";s:1:\"0\";s:7:\"jawaban\";a:0:{}s:5:\"nilai\";i:0;}', 'a:3:{s:5:\"bobot\";s:1:\"0\";s:7:\"jawaban\";a:0:{}s:5:\"nilai\";i:0;}', 'a:3:{s:5:\"bobot\";s:2:\"40\";s:7:\"jawaban\";a:0:{}s:5:\"nilai\";i:0;}', 'a:3:{s:5:\"bobot\";s:2:\"30\";s:7:\"jawaban\";a:0:{}s:5:\"nilai\";i:0;}', NULL),
(39, 5, 5, '2025/2026', 1, 'I (satu)', 3, 'ASAS', 5, 32, 83, 6, '7 Cut Nyak Dien', '', '', '', 30, 'a:0:{}', '0', 0, '', '', 1, 'Athifa Qairina Al Hadi', NULL, 'a:3:{s:5:\"bobot\";s:1:\"0\";s:7:\"jawaban\";a:0:{}s:5:\"nilai\";i:0;}', 'a:3:{s:5:\"bobot\";s:1:\"0\";s:7:\"jawaban\";a:0:{}s:5:\"nilai\";i:0;}', 'a:3:{s:5:\"bobot\";s:2:\"40\";s:7:\"jawaban\";a:0:{}s:5:\"nilai\";i:0;}', 'a:3:{s:5:\"bobot\";s:2:\"30\";s:7:\"jawaban\";a:0:{}s:5:\"nilai\";i:0;}', NULL),
(40, 5, 5, '2025/2026', 1, 'I (satu)', 3, 'ASAS', 5, 32, 84, 6, '7 Cut Nyak Dien', '', '', '', 30, 'a:0:{}', '0', 0, '', '', 1, 'Azira Annida Rahman', NULL, 'a:3:{s:5:\"bobot\";s:1:\"0\";s:7:\"jawaban\";a:0:{}s:5:\"nilai\";i:0;}', 'a:3:{s:5:\"bobot\";s:1:\"0\";s:7:\"jawaban\";a:0:{}s:5:\"nilai\";i:0;}', 'a:3:{s:5:\"bobot\";s:2:\"40\";s:7:\"jawaban\";a:0:{}s:5:\"nilai\";i:0;}', 'a:3:{s:5:\"bobot\";s:2:\"30\";s:7:\"jawaban\";a:0:{}s:5:\"nilai\";i:0;}', NULL),
(41, 5, 5, '2025/2026', 1, 'I (satu)', 3, 'ASAS', 5, 32, 85, 6, '7 Cut Nyak Dien', '', '', '', 30, 'a:0:{}', '0', 0, '', '', 1, 'Carissa Bella', NULL, 'a:3:{s:5:\"bobot\";s:1:\"0\";s:7:\"jawaban\";a:0:{}s:5:\"nilai\";i:0;}', 'a:3:{s:5:\"bobot\";s:1:\"0\";s:7:\"jawaban\";a:0:{}s:5:\"nilai\";i:0;}', 'a:3:{s:5:\"bobot\";s:2:\"40\";s:7:\"jawaban\";a:0:{}s:5:\"nilai\";i:0;}', 'a:3:{s:5:\"bobot\";s:2:\"30\";s:7:\"jawaban\";a:0:{}s:5:\"nilai\";i:0;}', NULL),
(42, 5, 5, '2025/2026', 1, 'I (satu)', 3, 'ASAS', 5, 32, 86, 6, '7 Cut Nyak Dien', '', '', '', 30, 'a:0:{}', '0', 0, '', '', 1, 'Jihan Nabila Azhar', NULL, 'a:3:{s:5:\"bobot\";s:1:\"0\";s:7:\"jawaban\";a:0:{}s:5:\"nilai\";i:0;}', 'a:3:{s:5:\"bobot\";s:1:\"0\";s:7:\"jawaban\";a:0:{}s:5:\"nilai\";i:0;}', 'a:3:{s:5:\"bobot\";s:2:\"40\";s:7:\"jawaban\";a:0:{}s:5:\"nilai\";i:0;}', 'a:3:{s:5:\"bobot\";s:2:\"30\";s:7:\"jawaban\";a:0:{}s:5:\"nilai\";i:0;}', NULL),
(43, 5, 5, '2025/2026', 1, 'I (satu)', 3, 'ASAS', 5, 32, 87, 6, '7 Cut Nyak Dien', '', '', '', 30, 'a:0:{}', '0', 0, '', '', 1, 'Khansa Zhafira Safwani Pasya', NULL, 'a:3:{s:5:\"bobot\";s:1:\"0\";s:7:\"jawaban\";a:0:{}s:5:\"nilai\";i:0;}', 'a:3:{s:5:\"bobot\";s:1:\"0\";s:7:\"jawaban\";a:0:{}s:5:\"nilai\";i:0;}', 'a:3:{s:5:\"bobot\";s:2:\"40\";s:7:\"jawaban\";a:0:{}s:5:\"nilai\";i:0;}', 'a:3:{s:5:\"bobot\";s:2:\"30\";s:7:\"jawaban\";a:0:{}s:5:\"nilai\";i:0;}', NULL),
(44, 5, 5, '2025/2026', 1, 'I (satu)', 3, 'ASAS', 5, 32, 88, 6, '7 Cut Nyak Dien', '', '', '', 30, 'a:0:{}', '0', 0, '', '', 1, 'Nabila Verniza Putri', NULL, 'a:3:{s:5:\"bobot\";s:1:\"0\";s:7:\"jawaban\";a:0:{}s:5:\"nilai\";i:0;}', 'a:3:{s:5:\"bobot\";s:1:\"0\";s:7:\"jawaban\";a:0:{}s:5:\"nilai\";i:0;}', 'a:3:{s:5:\"bobot\";s:2:\"40\";s:7:\"jawaban\";a:0:{}s:5:\"nilai\";i:0;}', 'a:3:{s:5:\"bobot\";s:2:\"30\";s:7:\"jawaban\";a:0:{}s:5:\"nilai\";i:0;}', NULL),
(45, 5, 5, '2025/2026', 1, 'I (satu)', 3, 'ASAS', 5, 32, 89, 6, '7 Cut Nyak Dien', '', '', '', 30, 'a:0:{}', '0', 0, '', '', 1, 'Nauli Aulia Deswika Putri', NULL, 'a:3:{s:5:\"bobot\";s:1:\"0\";s:7:\"jawaban\";a:0:{}s:5:\"nilai\";i:0;}', 'a:3:{s:5:\"bobot\";s:1:\"0\";s:7:\"jawaban\";a:0:{}s:5:\"nilai\";i:0;}', 'a:3:{s:5:\"bobot\";s:2:\"40\";s:7:\"jawaban\";a:0:{}s:5:\"nilai\";i:0;}', 'a:3:{s:5:\"bobot\";s:2:\"30\";s:7:\"jawaban\";a:0:{}s:5:\"nilai\";i:0;}', NULL),
(46, 5, 5, '2025/2026', 1, 'I (satu)', 3, 'ASAS', 5, 32, 90, 6, '7 Cut Nyak Dien', '', '', '', 30, 'a:0:{}', '0', 0, '', '', 1, 'Savannah Latisha Al Ulya', NULL, 'a:3:{s:5:\"bobot\";s:1:\"0\";s:7:\"jawaban\";a:0:{}s:5:\"nilai\";i:0;}', 'a:3:{s:5:\"bobot\";s:1:\"0\";s:7:\"jawaban\";a:0:{}s:5:\"nilai\";i:0;}', 'a:3:{s:5:\"bobot\";s:2:\"40\";s:7:\"jawaban\";a:0:{}s:5:\"nilai\";i:0;}', 'a:3:{s:5:\"bobot\";s:2:\"30\";s:7:\"jawaban\";a:0:{}s:5:\"nilai\";i:0;}', NULL),
(47, 5, 5, '2025/2026', 1, 'I (satu)', 3, 'ASAS', 5, 32, 91, 6, '7 Cut Nyak Dien', '', '', '', 30, 'a:0:{}', '0', 0, '', '', 1, 'Shakeela Putri Handoko', NULL, 'a:3:{s:5:\"bobot\";s:1:\"0\";s:7:\"jawaban\";a:0:{}s:5:\"nilai\";i:0;}', 'a:3:{s:5:\"bobot\";s:1:\"0\";s:7:\"jawaban\";a:0:{}s:5:\"nilai\";i:0;}', 'a:3:{s:5:\"bobot\";s:2:\"40\";s:7:\"jawaban\";a:0:{}s:5:\"nilai\";i:0;}', 'a:3:{s:5:\"bobot\";s:2:\"30\";s:7:\"jawaban\";a:0:{}s:5:\"nilai\";i:0;}', NULL);

-- --------------------------------------------------------

--
-- Table structure for table `cbt_ruang`
--

CREATE TABLE `cbt_ruang` (
  `id_ruang` int(11) NOT NULL,
  `nama_ruang` varchar(50) NOT NULL,
  `kode_ruang` varchar(10) NOT NULL
) ENGINE=InnoDB DEFAULT CHARSET=utf8mb4 COLLATE=utf8mb4_general_ci ROW_FORMAT=DYNAMIC;

--
-- Dumping data for table `cbt_ruang`
--

INSERT INTO `cbt_ruang` (`id_ruang`, `nama_ruang`, `kode_ruang`) VALUES
(1, 'Ruang 1', 'LAB-KOMP');

-- --------------------------------------------------------

--
-- Table structure for table `cbt_sesi`
--

CREATE TABLE `cbt_sesi` (
  `id_sesi` int(11) NOT NULL,
  `nama_sesi` varchar(50) NOT NULL,
  `kode_sesi` varchar(10) NOT NULL,
  `waktu_mulai` time NOT NULL,
  `waktu_akhir` time NOT NULL,
  `aktif` int(11) NOT NULL
) ENGINE=InnoDB DEFAULT CHARSET=utf8mb4 COLLATE=utf8mb4_general_ci ROW_FORMAT=DYNAMIC;

--
-- Dumping data for table `cbt_sesi`
--

INSERT INTO `cbt_sesi` (`id_sesi`, `nama_sesi`, `kode_sesi`, `waktu_mulai`, `waktu_akhir`, `aktif`) VALUES
(1, 'Sesi 1', 'S1', '09:30:00', '10:50:00', 1),
(2, 'Sesi 2', 'S2', '10:50:00', '12:10:00', 1),
(3, 'Sesi 3', 'S3', '13:10:00', '14:30:00', 1);

-- --------------------------------------------------------

--
-- Table structure for table `cbt_sesi_siswa`
--

CREATE TABLE `cbt_sesi_siswa` (
  `siswa_id` int(11) NOT NULL,
  `kelas_id` int(11) DEFAULT NULL,
  `ruang_id` int(11) NOT NULL,
  `sesi_id` int(11) NOT NULL,
  `tp_id` int(11) NOT NULL,
  `smt_id` int(11) NOT NULL
) ENGINE=InnoDB DEFAULT CHARSET=utf8mb4 COLLATE=utf8mb4_general_ci ROW_FORMAT=DYNAMIC;

--
-- Dumping data for table `cbt_sesi_siswa`
--

INSERT INTO `cbt_sesi_siswa` (`siswa_id`, `kelas_id`, `ruang_id`, `sesi_id`, `tp_id`, `smt_id`) VALUES
(5, 1, 1, 2, 5, 1),
(6, 1, 1, 2, 5, 1),
(7, 1, 1, 2, 5, 1),
(8, 1, 1, 2, 5, 1),
(9, 1, 1, 2, 5, 1),
(10, 1, 1, 2, 5, 1),
(11, 1, 1, 2, 5, 1),
(12, 1, 1, 2, 5, 1),
(13, 1, 1, 2, 5, 1),
(14, 1, 1, 2, 5, 1),
(15, 1, 1, 2, 5, 1),
(16, 1, 1, 2, 5, 1),
(17, 1, 1, 2, 5, 1),
(18, 1, 1, 2, 5, 1),
(19, 1, 1, 2, 5, 1),
(20, 1, 1, 2, 5, 1),
(21, 1, 1, 2, 5, 1),
(22, 1, 1, 2, 5, 1),
(23, 1, 1, 2, 5, 1),
(24, 1, 1, 2, 5, 1),
(25, 1, 1, 2, 5, 1),
(26, 2, 1, 3, 5, 1),
(27, 2, 1, 3, 5, 1),
(28, 2, 1, 3, 5, 1),
(29, 2, 1, 3, 5, 1),
(30, 2, 1, 3, 5, 1),
(31, 2, 1, 3, 5, 1),
(32, 2, 1, 3, 5, 1),
(33, 2, 1, 3, 5, 1),
(34, 2, 1, 3, 5, 1),
(35, 2, 1, 3, 5, 1),
(36, 2, 1, 3, 5, 1),
(37, 2, 1, 3, 5, 1),
(38, 2, 1, 3, 5, 1),
(39, 2, 1, 3, 5, 1),
(40, 3, 1, 3, 5, 1),
(41, 3, 1, 3, 5, 1),
(42, 3, 1, 3, 5, 1),
(43, 3, 1, 3, 5, 1),
(44, 3, 1, 3, 5, 1),
(45, 3, 1, 3, 5, 1),
(46, 3, 1, 3, 5, 1),
(47, 3, 1, 3, 5, 1),
(48, 3, 1, 3, 5, 1),
(49, 3, 1, 3, 5, 1),
(50, 4, 1, 3, 5, 1),
(51, 4, 1, 3, 5, 1),
(52, 4, 1, 3, 5, 1),
(53, 4, 1, 3, 5, 1),
(54, 4, 1, 3, 5, 1),
(55, 4, 1, 3, 5, 1),
(56, 4, 1, 3, 5, 1),
(57, 4, 1, 3, 5, 1),
(58, 4, 1, 3, 5, 1),
(59, 4, 1, 3, 5, 1),
(60, 4, 1, 3, 5, 1),
(61, 4, 1, 3, 5, 1),
(62, 4, 1, 3, 5, 1),
(63, 4, 1, 3, 5, 1),
(64, 4, 1, 3, 5, 1),
(65, 4, 1, 3, 5, 1),
(66, 5, 1, 1, 5, 1),
(67, 5, 1, 1, 5, 1),
(68, 5, 1, 1, 5, 1),
(69, 5, 1, 1, 5, 1),
(70, 5, 1, 1, 5, 1),
(71, 5, 1, 1, 5, 1),
(72, 5, 1, 1, 5, 1),
(73, 5, 1, 1, 5, 1),
(74, 5, 1, 1, 5, 1),
(75, 5, 1, 1, 5, 1),
(76, 5, 1, 1, 5, 1),
(77, 5, 1, 1, 5, 1),
(78, 5, 1, 1, 5, 1),
(79, 5, 1, 1, 5, 1),
(80, 5, 1, 1, 5, 1),
(81, 5, 1, 1, 5, 1),
(82, 6, 1, 1, 5, 1),
(83, 6, 1, 1, 5, 1),
(84, 6, 1, 1, 5, 1),
(85, 6, 1, 1, 5, 1),
(86, 6, 1, 1, 5, 1),
(87, 6, 1, 1, 5, 1),
(88, 6, 1, 1, 5, 1),
(89, 6, 1, 1, 5, 1),
(90, 6, 1, 1, 5, 1),
(91, 6, 1, 1, 5, 1),
(92, 7, 1, 2, 5, 1),
(93, 7, 1, 2, 5, 1),
(94, 7, 1, 2, 5, 1),
(95, 7, 1, 2, 5, 1),
(96, 7, 1, 2, 5, 1),
(97, 7, 1, 2, 5, 1),
(98, 7, 1, 2, 5, 1);

-- --------------------------------------------------------

--
-- Table structure for table `cbt_soal`
--

CREATE TABLE `cbt_soal` (
  `id_soal` int(11) NOT NULL,
  `bank_id` int(11) DEFAULT NULL,
  `mapel_id` int(11) DEFAULT 0,
  `jenis` int(11) NOT NULL COMMENT '1=ganda, 2=ganda kompleks, 3=menjodohkan, 4=isian singkat, 5=uraian',
  `nomor_soal` int(11) DEFAULT 0,
  `file` varchar(255) DEFAULT NULL,
  `file1` longtext DEFAULT NULL,
  `tipe_file` varchar(50) DEFAULT NULL,
  `soal` longtext DEFAULT NULL,
  `opsi_a` longtext DEFAULT NULL,
  `opsi_b` longtext DEFAULT NULL,
  `opsi_c` longtext DEFAULT NULL,
  `opsi_d` longtext DEFAULT NULL,
  `opsi_e` longtext DEFAULT NULL,
  `file_a` varchar(255) DEFAULT NULL,
  `file_b` varchar(255) DEFAULT NULL,
  `file_c` varchar(255) DEFAULT NULL,
  `file_d` varchar(255) DEFAULT NULL,
  `file_e` varchar(255) DEFAULT NULL,
  `jawaban` longtext DEFAULT NULL,
  `created_on` int(11) DEFAULT NULL,
  `updated_on` int(11) DEFAULT NULL,
  `tampilkan` int(11) NOT NULL DEFAULT 0,
  `deskripsi` longtext NOT NULL,
  `kesulitan` int(11) NOT NULL DEFAULT 1 COMMENT 'tingkat kesulitan 1-10',
  `timer` int(11) NOT NULL DEFAULT 0 COMMENT '0=tidak, 1=ya',
  `timer_menit` int(11) NOT NULL DEFAULT 0
) ENGINE=InnoDB DEFAULT CHARSET=utf8mb4 COLLATE=utf8mb4_general_ci ROW_FORMAT=DYNAMIC;

--
-- Dumping data for table `cbt_soal`
--

INSERT INTO `cbt_soal` (`id_soal`, `bank_id`, `mapel_id`, `jenis`, `nomor_soal`, `file`, `file1`, `tipe_file`, `soal`, `opsi_a`, `opsi_b`, `opsi_c`, `opsi_d`, `opsi_e`, `file_a`, `file_b`, `file_c`, `file_d`, `file_e`, `jawaban`, `created_on`, `updated_on`, `tampilkan`, `deskripsi`, `kesulitan`, `timer`, `timer_menit`) VALUES
(13, 4, 0, 5, 1, NULL, NULL, NULL, '<p style=\"text-align: justify;\"><span style=\"color: rgb(84, 82, 81); font-family: Roboto, Arial, Helvetica, sans-serif; font-size: 16px;\">Bobo sedang bermain ke sebuah pabrik pembuat kue. Di pabrik tersebut, terdapat mesin yang dapat membentuk adonan kue menjadi bentuk-bentuk tertentu. Mesin tersebut memiliki tiga pintu masuk yang pada gambar ditandai dengan angka 1, 2, dan 3. Adonan kue akan dimasukkan ke dalam mesin melalui pintu masuk tersebut, mengalir di sepanjang jalur yang akan membawanya ke pintu keluar yang ditandai dengan huruf K.</span></p><p style=\"text-align: justify;\"><img src=\"http://localhost/cbt/uploads/bank_soal/file_20251123113442.jpg\" style=\"width: 356.828px; height: 330.543px;\"><span style=\"color: rgb(84, 82, 81); font-family: Roboto, Arial, Helvetica, sans-serif; font-size: 16px;\"><br></span></p><p style=\"text-align: justify;\">Pada jalur-jalur mesin, terdapat alat pembentuk adonan yang dapat mengubah bentuk adonan tertentu menjadi bentuk lainnya. Alat tersebut ditandai dengan sebuah garis (&nbsp;&nbsp;<span style=\"font-size: 0.875rem;\">). Pada setiap alat, terdapat petunjuk mengenai bentuk awal adonan yang akan diubah (A) dan bentuk akhir adonan setelah melalui alat tersebut (B). Proses itu dituliskan dengan A&nbsp;</span><span style=\"font-size: 0.875rem;\">&nbsp;B, yang artinya jika adonan berbentuk A melewati alat tersebut, adonan tersebut akan diubah menjadi bentuk B. Jika adonan yang melalui alat tersebut tidak berbentuk A, adonan tidak akan mengalami perubahan bentuk. Contoh, jika ada adonan berbentuk segitiga melalui alat&nbsp;</span><span style=\"text-align: left;\"></span><span style=\"font-size: 0.875rem;\">&nbsp;</span><span style=\"text-align: left;\">&nbsp;</span><span style=\"text-align: left;\"></span><span style=\"font-size: 0.875rem;\">, adonan tersebut akan diubah menjadi bentuk lingkaran. Jika adonan yang melalui mesin tersebut berbentuk persegi atau lingkaran, tidak akan perubahan bentuk adonan.</span></p><p style=\"text-align: justify;\"><span style=\"font-size: 0.875rem;\">Tantangan: Jika Bobo ingin mendapatkan sebuah kue berbentuk persegi ketika keluar dari bagian K, bentuk adonan awal apa yang harus dimasukkan ke mesin dan dimasukkan ke pintu nomor berapa? JELASKAN!!!</span></p>', NULL, NULL, NULL, NULL, NULL, NULL, NULL, NULL, NULL, NULL, '<div>null</div>', 1763990752, 1763990752, 1, '', 1, 0, 0),
(14, 4, 0, 5, 2, NULL, NULL, NULL, '<div style=\"text-align: justify;\">Pak Taro,petani bunga, baru saja menemukan lima jenis pupuk ajaib.Pak Taro menyimpan ramuan tersebut didalam enam buah gelas yaitu gelas a sampai f.</div><div style=\"text-align: justify;\"><img src=\"http://localhost/cbt/uploads/bank_soal/file_20251123224930.jpg\" style=\"width: 301.957px;\"><br></div><div style=\"text-align: justify;\"><br></div><div style=\"text-align: justify;\"> Manfaat dari setiap ramuan ialah sebagai berikut:</div><ul><li style=\"text-align: justify;\">pupuk membuat kelopak bunga menjadi ganda/berlapis.</li><li style=\"text-align: justify;\">pupuk menumbuhkan daun</li><li style=\"text-align: justify;\">pupuk menumbuhkan tangkai menjadi bergelombang</li><li style=\"text-align: justify;\">pupuk mengubah kelopak bunga menjadi putih</li><li style=\"text-align: justify;\">pupuk mengubah bagian tengah bunga menjadi hitam</li></ul><p style=\"text-align: justify;\">Karena ceroboh,pak Taro lupa mencatat khasiat pupuk yang dimasukkan ke dalam setiap gelas.Salah satu gelas berisi air yang tentunya tidak berkhasiat yang tentunya tidak berkhasiat apa pun terhadap tanaman.</p><p style=\"text-align: justify;\"><img src=\"http://localhost/cbt/uploads/bank_soal/file_20251123224953.jpg\" style=\"width: 586.983px;\"><br></p>', NULL, NULL, NULL, NULL, NULL, NULL, NULL, NULL, NULL, NULL, '<div>null</div>', 1763990752, 1763990752, 1, '', 1, 0, 0),
(15, 4, 0, 5, 3, NULL, NULL, NULL, '<div style=\"text-align: justify;\">Ciko sedang belajar menyulam dari neneknya, seorang ahli robotika pencipta mesin sulam. Nenek mengatakan bahwa inti dasar dari menyulam adalah dua perintah, yaitu M(cc) dan K(dd). M adalah singkatan untuk \"Masuk\", K adalah singkatan dari \"Keluar\". cc dan dd adalah posisi jarum pada kain sulam. Sebagai contoh, jika diberikan perintah K(B2) dan M(A3), artinya Ciko harus mengeluarkan jarum dari posisi B2 dan menusukkan jarum di posisi A3. Jika diberikan dua perintah K(E6)-M(G8); K(E2)-M(E4), hasil sulamannya seperti berikut.</div><div style=\"text-align: justify;\"><img src=\"http://localhost/cbt/uploads/bank_soal/file_20251123225202.jpg\" style=\"width: 604.639px;\"></div><div style=\"text-align: justify;\"><img src=\"http://localhost/cbt/uploads/bank_soal/file_20251123225212.jpg\" style=\"width: 475.879px; height: 440.257px;\"><br></div>', NULL, NULL, NULL, NULL, NULL, NULL, NULL, NULL, NULL, NULL, '<div>null</div>', 1763990752, 1763990752, 1, '', 1, 0, 0),
(16, 4, 0, 5, 4, NULL, NULL, NULL, '<p style=\"text-align: justify; \"><b>ESSAY SINGKAT</b></p><p style=\"text-align: justify; \"><span style=\"font-size: 14px;\">Tulislah esai singkat <b>(tidak ada minimal berapa kata, namun tidak boleh sangat singkat!)</b> dengan tema:</span></p><p style=\"text-align: justify; \"><span style=\"font-size: 14px;\">Bagaimana Saya Menggunakan Media Sosial Secara Bijak di Kehidupan Sehari-hari.</span></p><p style=\"text-align: justify; \"><span style=\"font-size: 14px;\">Isi esai atau susunan kamu harus mencakup:</span></p><ol><li style=\"text-align: justify;\">Media sosial yang paling sering kamu gunakan dan alasannya.</li><li style=\"text-align: justify;\">Dampak positif dan negatif yang pernah kamu rasakan.</li><li style=\"text-align: justify;\">Langkah yang kamu ambil agar tetap bijak dan aman dalam bermedia sosial.</li></ol><p style=\"text-align: justify; \"><br></p>', NULL, NULL, NULL, NULL, NULL, NULL, NULL, NULL, NULL, NULL, '<div>null</div>', 1763990752, 1763990752, 1, '', 1, 0, 0),
(17, 4, 0, 5, 5, NULL, NULL, NULL, '<div style=\"text-align: justify; \"><span style=\"font-size: 14px;\">Jelaskan dengan bahasamu sendiri, apa yang dimaksud dengan <i>cyberbullying</i>. Mengapa hal ini bisa terjadi di dunia maya?</span></div>', NULL, NULL, NULL, NULL, NULL, NULL, NULL, NULL, NULL, NULL, '<div>null</div>', 1763990752, 1763990752, 1, '', 1, 0, 0),
(18, 4, 0, 5, 6, NULL, NULL, NULL, '<div style=\"text-align: justify; \"><span style=\"font-size: 14px;\">Bagaimana dampaknya terhadap <i>cyberbullying&nbsp;</i>bagi</span></div><ol><li style=\"text-align: justify;\"><span style=\"font-size: 14px;\">korban,</span></li><li style=\"text-align: justify;\"><span style=\"font-size: 14px;\">pelaku,</span></li><li style=\"text-align: justify;\"><span style=\"font-size: 14px;\">dan lingkungan?</span></li></ol><p style=\"text-align: justify;\"><b>JELASKAN!</b></p>', NULL, NULL, NULL, NULL, NULL, NULL, NULL, NULL, NULL, NULL, '<div>null</div>', 1763990752, 1763990752, 1, '', 1, 0, 0),
(19, 4, 0, 4, 1, NULL, NULL, NULL, '<p><b>KONVERSI <u>DESIMAL TO BINER</u></b></p><p>98 = ......</p>', NULL, NULL, NULL, NULL, NULL, NULL, NULL, NULL, NULL, NULL, '1100010', 1763990752, 1763990752, 1, '', 1, 0, 0),
(20, 4, 0, 4, 2, NULL, NULL, NULL, '<p><span style=\"font-weight: bolder;\">KONVERSI&nbsp;<u>DESIMAL TO BINER</u></span></p><p>550 = ......</p>', NULL, NULL, NULL, NULL, NULL, NULL, NULL, NULL, NULL, NULL, '1000100110', 1763990752, 1763990752, 1, '', 1, 0, 0),
(21, 4, 0, 4, 3, NULL, NULL, NULL, '<p><span style=\"font-weight: bolder;\">KONVERSI&nbsp;<u>BINER TO DESIMAL</u></span></p><p>1010100 = ......</p>', NULL, NULL, NULL, NULL, NULL, NULL, NULL, NULL, NULL, NULL, '84', 1763990752, 1763990752, 1, '', 1, 0, 0),
(22, 4, 0, 4, 4, NULL, NULL, NULL, '<p><span style=\"font-weight: bolder;\">KONVERSI&nbsp;<u>BINER TO DESIMAL</u></span></p><p>100100010 = ......</p>', NULL, NULL, NULL, NULL, NULL, NULL, NULL, NULL, NULL, NULL, '290', 1763990752, 1763990752, 1, '', 1, 0, 0),
(23, 3, 0, 1, 1, NULL, NULL, NULL, '<p style=\"text-align: justify; \"><img src=\"http://localhost/cbt/uploads/bank_soal/file_20251125110618.png\" style=\"width: 277.969px;\"><br></p><p style=\"text-align: justify; \">Gambar di atas merupakan aplikasi dalam kategori Perangkat?</p>', 'Keras', 'Lunak', 'Perkakas', '<i>Softcase</i>', '<i>Hardware</i>', NULL, NULL, NULL, NULL, NULL, 'b', 1763990942, 1764043584, 1, '', 1, 0, 0),
(24, 3, 0, 1, 2, NULL, NULL, NULL, '<p style=\"text-align: justify; \"><img src=\"http://localhost/cbt/uploads/bank_soal/file_20251125110629.png\" style=\"width: 403.976px;\"><br></p><p style=\"text-align: justify;\">Gambar di atas merupakan Perangkat keras, yang berfungsi sebagai...</p>', 'Mengubah dokumen atau gambar fisik menjadi format video untuk disimpan, diedit, atau dibagikan di komputer.', 'Mengubah suara atau video fisik menjadi format cetak untuk disimpan, diedit, atau dibagikan berbentuk&nbsp;<i>hardcopy</i>.', 'Mengubah dokumen atau gambar fisik menjadi format cetak untuk disimpan, diedit, atau dibagikan berbentuk <i>hardcopy</i>.', 'Mengubah suara atau video fisik menjadi format digital untuk disimpan, diedit, atau dibagikan di komputer.', 'Mengubah dokumen atau gambar fisik menjadi format digital untuk disimpan, diedit, atau dibagikan di komputer.', NULL, NULL, NULL, NULL, NULL, 'e', 1763991032, 1764043591, 1, '', 1, 0, 0),
(25, 3, 0, 1, 3, NULL, NULL, NULL, '<div style=\"text-align: justify;\"><span style=\"font-size: 0.875rem;\">Perangkat di bawah ini merupakan perangkat yang masuk dalam kategori </span><b style=\"font-size: 0.875rem;\">..........</b><span style=\"font-size: 0.875rem;\"> karena hasil dari perangkat ini memiliki fungsi mengubah data elektronik menjadi data fisik.</span></div><div style=\"text-align: justify;\"><span style=\"font-size: 0.875rem;\"><br></span></div><div style=\"text-align: justify;\"><img src=\"http://localhost/cbt/uploads/bank_soal/file_20251125110639.png\" style=\"width: 390.99px;\"><span style=\"font-size: 0.875rem;\"><br></span></div>', '<i>Input</i>', '<i>Incase</i>', '<i>Output</i>', '<i>Outcase</i>', 'Semua Salah', NULL, NULL, NULL, NULL, NULL, 'c', 1763991204, 1764043601, 1, '', 1, 0, 0),
(26, 3, 0, 3, 1, NULL, NULL, NULL, 'Dalam materi pada Bab Analisis dan Verifikasi Informasi Digital, cocokkan dari dua pengertian berikut di bawah ini!', NULL, NULL, NULL, NULL, NULL, NULL, NULL, NULL, NULL, NULL, 'a:3:{s:5:\"model\";s:1:\"1\";s:4:\"type\";s:1:\"2\";s:7:\"jawaban\";a:3:{i:0;a:3:{i:0;s:9:\"<p>#</p>\n\";i:1;s:219:\"<p>kesalahan sistematis dalam proses pengumpulan, pencatatan, atau penanganan informasi yang menyebabkan data tidak akurat atau terdistorsi, seperti bias pengukuran, bias ingatan, bias pengamat, atau bias pelaporan.</p>\";i:2;s:164:\"<p>asal mula informasi atau fakta mentah yang telah diubah ke dalam format biner atau elektronik yang dapat dibaca, diproses, dan disimpan oleh mesin (komputer)</p>\";}i:1;a:3:{i:0;s:39:\"<p>Pengertian Sumber Data Digital?</p>\n\";i:1;s:1:\"0\";i:2;s:1:\"1\";}i:2;a:3:{i:0;s:41:\"<p>Pengertian Bias Informasi?</p><p></p>\n\";i:1;s:1:\"1\";i:2;s:1:\"0\";}}}', 1763991429, 1763991635, 1, '', 1, 0, 0),
(27, 3, 0, 3, 2, NULL, NULL, NULL, 'Cocokkan dari dua pernyataan berikut yang terkait pada materi Bab sebelumnya (Analisis dan Verifikasi Informasi Digital)!', NULL, NULL, NULL, NULL, NULL, NULL, NULL, NULL, NULL, NULL, 'a:3:{s:5:\"model\";s:1:\"1\";s:4:\"type\";s:1:\"2\";s:7:\"jawaban\";a:3:{i:0;a:3:{i:0;s:9:\"<p>#</p>\n\";i:1;s:81:\"<p>wadah yang menyediakan data data valid, untuk memastikan kebenaran berita.</p>\";i:2;s:169:\"<p>mengonfirmasi kebenaran dan keaslian atas informasi atau idetitas seseorang dalam bentuk digital. Dan untuk memastikan bahwa data yang disajikan valid dan akurat.</p>\";}i:1;a:3:{i:0;s:27:\"<p>Verifikasi Digital?</p>\n\";i:1;s:1:\"0\";i:2;s:1:\"1\";}i:2;a:3:{i:0;s:38:\"<p>Platform Periksa Fakta?</p><p></p>\n\";i:1;s:1:\"1\";i:2;s:1:\"0\";}}}', 1763991638, 1763991761, 1, '', 1, 0, 0),
(28, 3, 0, 5, 1, NULL, NULL, NULL, '<p>Selesaikan kasus persoalan <b>Algoritma <i>Round Robin</i>&nbsp;</b>berikut dengan estimasi QT = 3!</p><p><img src=\"http://localhost/cbt/uploads/bank_soal/file_20251125110748.png\" style=\"width: 601.458px;\"><br></p><p><br></p><p>Jawab pada kolom seperti contoh berikut:<br>WT = 80mili detik ... AWT = 80 mili detik ... TAT = 80 mili detik ... ATAT = 80 mili detik</p>', NULL, NULL, NULL, NULL, NULL, NULL, NULL, NULL, NULL, NULL, '<div><div><div>null</div></div></div>', 1763991780, 1764043670, 1, '', 1, 0, 0),
(29, 3, 0, 5, 2, NULL, NULL, NULL, '<p>Selesaikan kasus persoalan&nbsp;<span style=\"font-weight: bolder;\">Algoritma&nbsp;<i>Round Robin</i>&nbsp;</span>berikut dengan estimasi QT = 4</p><p></p><p><img src=\"http://localhost/cbt/uploads/bank_soal/file_20251125110755.png\" style=\"width: 601.458px;\"><br></p><p>Jawab pada kolom seperti contoh berikut:<br>WT = 80mili detik ... AWT = 80 mili detik ... TAT = 80 mili detik ... ATAT = 80 mili detik</p>', NULL, NULL, NULL, NULL, NULL, NULL, NULL, NULL, NULL, NULL, '<div><div>null</div></div>', 1763992065, 1764043677, 1, '', 1, 0, 0),
(30, 3, 0, 5, 3, NULL, NULL, NULL, '<p>Selesaikan kasus persoalan&nbsp;<span style=\"font-weight: bolder;\">Algoritma&nbsp;<i>Round Robin</i>&nbsp;</span>berikut dengan estimasi QT = 2</p><p></p><p><img src=\"http://localhost/cbt/uploads/bank_soal/file_20251125110804.png\" style=\"width: 576.944px;\"><br></p><p>Jawab pada kolom seperti contoh berikut:<br>WT = 80mili detik ... AWT = 80 mili detik ... TAT = 80 mili detik ... ATAT = 80 mili detik</p>', NULL, NULL, NULL, NULL, NULL, NULL, NULL, NULL, NULL, NULL, '<div><div>null</div></div>', 1763992146, 1764043685, 1, '', 1, 0, 0),
(32, 3, 0, 1, 4, NULL, NULL, NULL, '<div style=\"text-align: justify;\">Saat melintasi rawa dengan menggunakan jalan setapak yang terdiri dari batang -batang kayu, lima berang-berang bertemu dengan sekelompok kanguru yang sedang menuju ke arah berlawanan. Mereka dipisahkan satu batang kayu kosong. Tidak ada satupun dari mereka yang mau basah atau kotor sehingga mereka tetap berada di atas batang kayu.</div><div style=\"text-align: justify;\"><img src=\"http://localhost/cbt/uploads/bank_soal/file_20251125110648.png\" style=\"width: 601.458px;\"><br></div><div style=\"text-align: justify;\"><span style=\"font-size: 14px;\">Para kanguru sedang tergesa-gesa sementara para berang-berang tidak keberatan untuk balik ke tepi memberi jalan buat para kanguru, kecuali Fred, berang-berang yang berada paling depan. Kanguru menemukan bahwa di dekat batang kayu kosong ada satu batu yang dapat dipakai untuk tempat sementara dan balik melompat ke batang kayu itu lagi. Hanya satu kanguru yang dapat berdiri di atas batu setiap saat. Jadi kanguru pertama harus lompat ke batu lalu Fred maju dua langkah agar kanguru bisa lompat ke belakang Fred. Untuk kanguru kedua, Fred harus mundur dua langkah agar kanguru bisa lompat ke batu, dan seterusnya, Fred harus maju dan mundur berulang-ulang.&nbsp; Sayangnya Fred hanya mau total melangkah mundur 10 langkah saja.</span></div><div style=\"text-align: justify;\"><span style=\"font-size: 14px;\"><br></span></div><div style=\"text-align: justify;\"><span style=\"font-size: 14px;\"><b>Tantangan</b>: Berapa banyak maksimum kanguru dapat melewatinya Fred?</span></div>', 'Lebih dari 10 kanguru dapat melewati Fred.', 'Tepat ada 10 kanguru dapat melewati Fred.&nbsp;', 'Tepat ada 6 kanguru dapat melewati Fred.&nbsp;', 'Kurang dari 4 kanguru dapat melewati Fred.&nbsp;', 'Tidak mungkin ditentukan.&nbsp;', NULL, NULL, NULL, NULL, NULL, 'c', 1763992359, 1764043611, 1, '', 1, 0, 0),
(33, 3, 0, 1, 5, NULL, NULL, NULL, '<div style=\"text-align: justify;\">Perusahaan penerbangan Bebras International memiliki rute penerbangan yang menghubungkan beberapa kota di dunia seperti ditunjukkan pada gambar sebagai berikut:</div><div style=\"text-align: justify;\"><br></div><div style=\"text-align: justify;\"><img src=\"http://localhost/cbt/uploads/bank_soal/file_20251125110657.png\" style=\"width: 601.458px;\"><br></div><div style=\"text-align: justify;\"><span style=\"font-size: 14px;\">Emisi gas CO2 adalah penyebab utama pemanasan global. Untuk mengurangi CO2, perusahaan berencana untuk menghapus rute, yang tetap memungkinkan pelanggan pasti bisa bepergian dari satu kota ke kota lainnya. Misalnya, jika rute dari San Franscisco ke Washington D.C dihapus, pelanggan masih dapat bepergian dari San Francisco ke New York, kemudian dari New York ke Washington D.C.</span></div><div style=\"text-align: justify;\"><span style=\"font-size: 14px;\"><br></span></div><div style=\"text-align: justify;\"><span style=\"font-size: 14px;\"><b>Tantangan</b> : Untuk rute yang ditunjukkan di atas, berapa (maksimal) rute yang dapat dihapus?</span></div>', '5', '6', '7', '8', '9', NULL, NULL, NULL, NULL, NULL, 'd', 1763992463, 1764043619, 1, '', 1, 0, 0),
(34, 5, 0, 1, 1, NULL, NULL, NULL, '<p><img src=\"http://localhost/cbt/uploads/bank_soal/file_20251124210958.png\" style=\"width: 72.6913px; height: 72.6913px;\"></p><p>Gambar di atas merupakan <i>icon</i>&nbsp;pada materi <b>Berkenalan dengan Antarmuka Berbasis Grafis</b>&nbsp;pada aplikasi kalkulator, yang berfungsi sebagai....</p>', 'Aplikasi tetap terbuka sekalipun membuka aplikasi lain dan navigasi berada di atas.', 'Aplikasi tetap tertutup sekalipun membuka aplikasi lain dan navigasi berada di atas.', 'Aplikasi tetap terbuka tetapi membuka aplikasi lain jadi tertutup dan navigasi berada di atas.', 'Semua Salah', NULL, NULL, NULL, NULL, NULL, NULL, 'a', 1763993342, 1763993540, 1, '', 1, 0, 0),
(35, 5, 0, 1, 2, NULL, NULL, NULL, '<p><img src=\"http://localhost/cbt/uploads/bank_soal/file_20251124211303.png\" style=\"width: 90.6806px; height: 99.1783px;\"><br></p><p>Gambar di atas merupakan&nbsp;<i>icon</i>&nbsp;pada materi&nbsp;<span style=\"font-weight: bolder;\">Berkenalan dengan Antarmuka Berbasis Grafis</span>&nbsp;pada aplikasi kalkulator, yang berfungsi sebagai....</p>', 'Membuka navigasi panel sebelah kanan dan menampilkan menu lengkap pada aplikasi kalender.', 'Membuka navigasi panel sebelah kanan dan menampilkan menu lengkap pada aplikasi kalkulator.', 'Membuka navigasi panel sebelah kiri dan menampilkan menu lengkap pada aplikasi kalkulator.', 'Membuka navigasi panel sebelah kiri dan menampilkan menu lengkap pada aplikasi kalender.', NULL, NULL, NULL, NULL, NULL, NULL, 'c', 1763993554, 1763993660, 1, '', 1, 0, 0),
(36, 5, 0, 1, 3, NULL, NULL, NULL, '<p><img src=\"http://localhost/cbt/uploads/bank_soal/file_20251124211450.png\" style=\"width: 106.447px; height: 102.1px;\"><br></p><p>Gambar di atas merupakan&nbsp;<i>icon</i>&nbsp;pada materi&nbsp;<span style=\"font-weight: bolder;\">Berkenalan dengan Antarmuka Berbasis Grafis</span>&nbsp;pada aplikasi kalkulator, yang berfungsi sebagai....</p>', 'Melihat jawaban&nbsp; dari perhitungan yang sebelumnya dilakukan.', 'Melihat histori dari perhitungan yang sebelumnya dilakukan.', 'Melihat histori dari perhitungan yang sekarang dilakukan.', 'Melihat jawaban dari perhitungan yang sekarang dilakukan.', NULL, NULL, NULL, NULL, NULL, NULL, 'b', 1763993669, 1763993749, 1, '', 1, 0, 0),
(37, 5, 0, 4, 1, NULL, NULL, NULL, '<p><img src=\"http://localhost/cbt/uploads/bank_soal/file_20251124211755.png\" style=\"width: 600.465px;\"><b><br></b></p><p><b>SOAL DEKRIPSI</b></p><p><span style=\"font-size: 14px;\"><b>Melompat ke arah kanan sebanyak 3 kali</b></span></p><p>Ubahlah kata <b>acak</b> ini menjadi kata&nbsp;<i>plain text</i>.</p><p><i>PLAIN TEXT: ...............</i></p><p><i>Caesar Chiper:&nbsp;</i><span style=\"font-size: 14px;\"><b>LQiHUPXWLNR VHQJDW PXGDQ</b></span></p>', NULL, NULL, NULL, NULL, NULL, NULL, NULL, NULL, NULL, NULL, 'infermutiko sengat mudan', 1763993790, 1763994092, 1, '', 1, 0, 0),
(38, 5, 0, 4, 2, NULL, NULL, NULL, '<p><img src=\"http://localhost/cbt/uploads/bank_soal/file_20251124211755.png\" style=\"width: 600.465px;\"><span style=\"font-weight: bolder;\"><br></span></p><p><span style=\"font-weight: bolder;\">SOAL DEKRIPSI</span></p><p><span style=\"font-weight: bolder;\">Melompat ke arah kiri sebanyak 3 kali</span></p><p>Ubahlah kata&nbsp;<span style=\"font-weight: bolder;\">acak</span>&nbsp;ini menjadi kata&nbsp;<i>plain text</i>.</p><p><i>PLAIN TEXT: ...............</i></p><p><i>Caesar Chiper:&nbsp;</i><span style=\"font-size: 14px;\"><b>HBiXW QLBGLBE X XPVFH</b></span></p>', NULL, NULL, NULL, NULL, NULL, NULL, NULL, NULL, NULL, NULL, 'kelaz toejoeh a asyik', 1763994099, 1763994161, 1, '', 1, 0, 0),
(39, 5, 0, 4, 3, NULL, NULL, NULL, '<p><img src=\"http://localhost/cbt/uploads/bank_soal/file_20251124211755.png\" style=\"width: 600.465px;\"><span style=\"font-weight: bolder;\"><br></span></p><p><span style=\"font-weight: bolder;\">SOAL ENKRIPSI</span></p><p><span style=\"font-weight: bolder;\">Melompat ke arah kiri sebanyak 3 kali</span></p><p>Ubahlah kata <i>plain text&nbsp;</i>ini menjadi kata&nbsp;<b>acak</b>.</p><p><i>PLAIN TEXT:&nbsp;</i><span style=\"font-size: 14px;\"><b>WALI KELAS KALIAN BAIK BANGET</b></span></p><p><i>Caesar Chiper: <b>.................</b></i></p>', NULL, NULL, NULL, NULL, NULL, NULL, NULL, NULL, NULL, NULL, 'txif hbixp hxifxk yxfh yxkdbq', 1763994167, 1763994272, 1, '', 1, 0, 0),
(40, 5, 0, 4, 4, NULL, NULL, NULL, '<p><img src=\"http://localhost/cbt/uploads/bank_soal/file_20251124211755.png\" style=\"width: 600.465px;\"><span style=\"font-weight: bolder;\"><br></span></p><p><span style=\"font-weight: bolder;\">SOAL ENKRIPSI</span></p><p><span style=\"font-weight: bolder;\">Melompat ke arah kanan sebanyak 4 kali</span></p><p>Ubahlah kata&nbsp;<i>plain text&nbsp;</i>ini menjadi kata&nbsp;<span style=\"font-weight: bolder;\">acak</span>.</p><p><i>PLAIN TEXT:&nbsp;</i><span style=\"font-size: 14px;\"><b>NIAT BAIK BELAJAR INFORMATIKA</b></span></p><p><i>Caesar Chiper:&nbsp;<span style=\"font-weight: bolder;\">.................</span></i></p>', NULL, NULL, NULL, NULL, NULL, NULL, NULL, NULL, NULL, NULL, 'rmex femo fipenev mrjsvqexmoe', 1763994280, 1763994332, 1, '', 1, 0, 0),
(41, 5, 0, 5, 1, NULL, NULL, NULL, '<p><img src=\"http://localhost/cbt/uploads/bank_soal/file_20251124212616.png\" style=\"width: 600.465px;\"></p><p><b>Jelaskan jawaban kalian secara rinci, dapat berapa ..... jam ..... menit!!!</b></p>', NULL, NULL, NULL, NULL, NULL, NULL, NULL, NULL, NULL, NULL, '<div>null</div>', 1763994362, 1763994407, 1, '', 1, 0, 0),
(42, 5, 0, 5, 2, NULL, NULL, NULL, '<p style=\"text-align: justify; \"><img src=\"http://localhost/cbt/uploads/bank_soal/file_20251124212710.png\" style=\"width: 600.465px;\"></p><p style=\"text-align: justify; \">Pada materi Bab 1 Berpikir Komputasional, persoalan ini adalah <b>Kata Rahasia</b>, dengan kata kuncinya mencari satu kartu yang hanya mengandung satu huruf yang menjadi acuan awal sebuah kata, lalu dilanjutkan mencari huruf pada kartu berikutnya dan posisi di bawah huruf atas kartu, dan begitu seterusnya.</p><p style=\"text-align: justify; \"><b>Tantangan</b>: tuliskan jawaban benar dua kasus pada <b>Kata Rahasia</b>&nbsp;di atas!</p>', NULL, NULL, NULL, NULL, NULL, NULL, NULL, NULL, NULL, NULL, '<div>null</div>', 1763994411, 1763994575, 1, '', 1, 0, 0),
(43, 5, 0, 5, 3, NULL, NULL, NULL, '<p style=\"text-align: justify; \"><img src=\"http://localhost/cbt/uploads/bank_soal/file_20251124213010.png\" style=\"width: 616.44px; height: 186.639px;\"></p><p style=\"text-align: justify; \"><span style=\"font-size: 14px;\"><b>Tuliskan cara kalian menyelesaikan masalah ini!!!</b></span></p>', NULL, NULL, NULL, NULL, NULL, NULL, NULL, NULL, NULL, NULL, '<div>null</div>', 1763994580, 1763994643, 1, '', 1, 0, 0),
(44, 6, 0, 1, 1, NULL, NULL, NULL, '<p><img src=\"http://localhost/cbt/uploads/bank_soal/file_20251124210958.png\" style=\"width: 72.6913px; height: 72.6913px;\"></p><p>Gambar di atas merupakan <i>icon</i>&nbsp;pada materi <b>Berkenalan dengan Antarmuka Berbasis Grafis</b>&nbsp;pada aplikasi kalkulator, yang berfungsi sebagai....</p>', 'Aplikasi tetap terbuka sekalipun membuka aplikasi lain dan navigasi berada di atas.', 'Aplikasi tetap tertutup sekalipun membuka aplikasi lain dan navigasi berada di atas.', 'Aplikasi tetap terbuka tetapi membuka aplikasi lain jadi tertutup dan navigasi berada di atas.', 'Semua Salah', NULL, NULL, NULL, NULL, NULL, NULL, 'a', 1764046999, 1764046999, 1, '', 1, 0, 0),
(45, 6, 0, 1, 2, NULL, NULL, NULL, '<p><img src=\"http://localhost/cbt/uploads/bank_soal/file_20251124211303.png\" style=\"width: 90.6806px; height: 99.1783px;\"><br></p><p>Gambar di atas merupakan&nbsp;<i>icon</i>&nbsp;pada materi&nbsp;<span style=\"font-weight: bolder;\">Berkenalan dengan Antarmuka Berbasis Grafis</span>&nbsp;pada aplikasi kalkulator, yang berfungsi sebagai....</p>', 'Membuka navigasi panel sebelah kanan dan menampilkan menu lengkap pada aplikasi kalender.', 'Membuka navigasi panel sebelah kanan dan menampilkan menu lengkap pada aplikasi kalkulator.', 'Membuka navigasi panel sebelah kiri dan menampilkan menu lengkap pada aplikasi kalkulator.', 'Membuka navigasi panel sebelah kiri dan menampilkan menu lengkap pada aplikasi kalender.', NULL, NULL, NULL, NULL, NULL, NULL, 'c', 1764046999, 1764046999, 1, '', 1, 0, 0),
(46, 6, 0, 1, 3, NULL, NULL, NULL, '<p><img src=\"http://localhost/cbt/uploads/bank_soal/file_20251124211450.png\" style=\"width: 106.447px; height: 102.1px;\"><br></p><p>Gambar di atas merupakan&nbsp;<i>icon</i>&nbsp;pada materi&nbsp;<span style=\"font-weight: bolder;\">Berkenalan dengan Antarmuka Berbasis Grafis</span>&nbsp;pada aplikasi kalkulator, yang berfungsi sebagai....</p>', 'Melihat jawaban&nbsp; dari perhitungan yang sebelumnya dilakukan.', 'Melihat histori dari perhitungan yang sebelumnya dilakukan.', 'Melihat histori dari perhitungan yang sekarang dilakukan.', 'Melihat jawaban dari perhitungan yang sekarang dilakukan.', NULL, NULL, NULL, NULL, NULL, NULL, 'b', 1764046999, 1764046999, 1, '', 1, 0, 0),
(47, 6, 0, 4, 1, NULL, NULL, NULL, '<p><img src=\"http://localhost/cbt/uploads/bank_soal/file_20251124211755.png\" style=\"width: 600.465px;\"><b><br></b></p><p><b>SOAL DEKRIPSI</b></p><p><span style=\"font-size: 14px;\"><b>Melompat ke arah kanan sebanyak 3 kali</b></span></p><p>Ubahlah kata <b>acak</b> ini menjadi kata&nbsp;<i>plain text</i>.</p><p><i>PLAIN TEXT: ...............</i></p><p><i>Caesar Chiper:&nbsp;</i><span style=\"font-size: 14px;\"><b>LQiHUPXWLNR VHQJDW PXGDQ</b></span></p>', NULL, NULL, NULL, NULL, NULL, NULL, NULL, NULL, NULL, NULL, 'infermutiko sengat mudan', 1764046999, 1764046999, 1, '', 1, 0, 0),
(48, 6, 0, 4, 2, NULL, NULL, NULL, '<p><img src=\"http://localhost/cbt/uploads/bank_soal/file_20251124211755.png\" style=\"width: 600.465px;\"><span style=\"font-weight: bolder;\"><br></span></p><p><span style=\"font-weight: bolder;\">SOAL DEKRIPSI</span></p><p><span style=\"font-weight: bolder;\">Melompat ke arah kiri sebanyak 3 kali</span></p><p>Ubahlah kata&nbsp;<span style=\"font-weight: bolder;\">acak</span>&nbsp;ini menjadi kata&nbsp;<i>plain text</i>.</p><p><i>PLAIN TEXT: ...............</i></p><p><i>Caesar Chiper:&nbsp;</i><span style=\"font-size: 14px;\"><b>HBiXW QLBGLBE X XPVFH</b></span></p>', NULL, NULL, NULL, NULL, NULL, NULL, NULL, NULL, NULL, NULL, 'kelaz toejoeh a asyik', 1764046999, 1764046999, 1, '', 1, 0, 0),
(49, 6, 0, 4, 3, NULL, NULL, NULL, '<p><img src=\"http://localhost/cbt/uploads/bank_soal/file_20251124211755.png\" style=\"width: 600.465px;\"><span style=\"font-weight: bolder;\"><br></span></p><p><span style=\"font-weight: bolder;\">SOAL ENKRIPSI</span></p><p><span style=\"font-weight: bolder;\">Melompat ke arah kiri sebanyak 3 kali</span></p><p>Ubahlah kata <i>plain text&nbsp;</i>ini menjadi kata&nbsp;<b>acak</b>.</p><p><i>PLAIN TEXT:&nbsp;</i><span style=\"font-size: 14px;\"><b>WALI KELAS KALIAN BAIK BANGET</b></span></p><p><i>Caesar Chiper: <b>.................</b></i></p>', NULL, NULL, NULL, NULL, NULL, NULL, NULL, NULL, NULL, NULL, 'txif hbixp hxifxk yxfh yxkdbq', 1764046999, 1764046999, 1, '', 1, 0, 0),
(50, 6, 0, 4, 4, NULL, NULL, NULL, '<p><img src=\"http://localhost/cbt/uploads/bank_soal/file_20251124211755.png\" style=\"width: 600.465px;\"><span style=\"font-weight: bolder;\"><br></span></p><p><span style=\"font-weight: bolder;\">SOAL ENKRIPSI</span></p><p><span style=\"font-weight: bolder;\">Melompat ke arah kanan sebanyak 4 kali</span></p><p>Ubahlah kata&nbsp;<i>plain text&nbsp;</i>ini menjadi kata&nbsp;<span style=\"font-weight: bolder;\">acak</span>.</p><p><i>PLAIN TEXT:&nbsp;</i><span style=\"font-size: 14px;\"><b>NIAT BAIK BELAJAR INFORMATIKA</b></span></p><p><i>Caesar Chiper:&nbsp;<span style=\"font-weight: bolder;\">.................</span></i></p>', NULL, NULL, NULL, NULL, NULL, NULL, NULL, NULL, NULL, NULL, 'rmex femo fipenev mrjsvqexmoe', 1764046999, 1764046999, 1, '', 1, 0, 0),
(51, 6, 0, 5, 1, NULL, NULL, NULL, '<p><img src=\"http://localhost/cbt/uploads/bank_soal/file_20251124212616.png\" style=\"width: 600.465px;\"></p><p><b>Jelaskan jawaban kalian secara rinci, dapat berapa ..... jam ..... menit!!!</b></p>', NULL, NULL, NULL, NULL, NULL, NULL, NULL, NULL, NULL, NULL, '<div>null</div>', 1764046999, 1764046999, 1, '', 1, 0, 0),
(52, 6, 0, 5, 2, NULL, NULL, NULL, '<p style=\"text-align: justify; \"><img src=\"http://localhost/cbt/uploads/bank_soal/file_20251124212710.png\" style=\"width: 600.465px;\"></p><p style=\"text-align: justify; \">Pada materi Bab 1 Berpikir Komputasional, persoalan ini adalah <b>Kata Rahasia</b>, dengan kata kuncinya mencari satu kartu yang hanya mengandung satu huruf yang menjadi acuan awal sebuah kata, lalu dilanjutkan mencari huruf pada kartu berikutnya dan posisi di bawah huruf atas kartu, dan begitu seterusnya.</p><p style=\"text-align: justify; \"><b>Tantangan</b>: tuliskan jawaban benar dua kasus pada <b>Kata Rahasia</b>&nbsp;di atas!</p>', NULL, NULL, NULL, NULL, NULL, NULL, NULL, NULL, NULL, NULL, '<div>null</div>', 1764046999, 1764046999, 1, '', 1, 0, 0),
(53, 6, 0, 5, 3, NULL, NULL, NULL, '<p style=\"text-align: justify; \"><img src=\"http://localhost/cbt/uploads/bank_soal/file_20251124213010.png\" style=\"width: 616.44px; height: 186.639px;\"></p><p style=\"text-align: justify; \"><span style=\"font-size: 14px;\"><b>Tuliskan cara kalian menyelesaikan masalah ini!!!</b></span></p>', NULL, NULL, NULL, NULL, NULL, NULL, NULL, NULL, NULL, NULL, '<div>null</div>', 1764046999, 1764046999, 1, '', 1, 0, 0);

-- --------------------------------------------------------

--
-- Table structure for table `cbt_soal_siswa`
--

CREATE TABLE `cbt_soal_siswa` (
  `id_soal_siswa` varchar(15) NOT NULL,
  `id_bank` int(11) DEFAULT NULL,
  `id_jadwal` int(11) DEFAULT NULL,
  `id_soal` int(11) DEFAULT NULL,
  `id_siswa` int(11) DEFAULT NULL,
  `jenis_soal` int(11) NOT NULL,
  `no_soal_alias` int(11) NOT NULL,
  `opsi_alias_a` varchar(1) DEFAULT NULL,
  `opsi_alias_b` varchar(1) DEFAULT NULL,
  `opsi_alias_c` varchar(1) DEFAULT NULL,
  `opsi_alias_d` varchar(1) DEFAULT NULL,
  `opsi_alias_e` varchar(1) DEFAULT NULL,
  `jawaban_alias` longtext DEFAULT NULL,
  `jawaban_siswa` longtext DEFAULT NULL,
  `jawaban_benar` longtext DEFAULT NULL,
  `point_essai` int(11) DEFAULT 0,
  `soal_end` int(11) NOT NULL DEFAULT 0,
  `point_soal` varchar(5) NOT NULL DEFAULT '0',
  `nilai_koreksi` varchar(5) NOT NULL DEFAULT '0',
  `nilai_otomatis` int(11) NOT NULL DEFAULT 0 COMMENT '0=otomatis, 1=dari guru',
  `time_create` datetime DEFAULT NULL ON UPDATE current_timestamp()
) ENGINE=InnoDB DEFAULT CHARSET=utf8mb4 COLLATE=utf8mb4_general_ci ROW_FORMAT=DYNAMIC;

--
-- Dumping data for table `cbt_soal_siswa`
--

INSERT INTO `cbt_soal_siswa` (`id_soal_siswa`, `id_bank`, `id_jadwal`, `id_soal`, `id_siswa`, `jenis_soal`, `no_soal_alias`, `opsi_alias_a`, `opsi_alias_b`, `opsi_alias_c`, `opsi_alias_d`, `opsi_alias_e`, `jawaban_alias`, `jawaban_siswa`, `jawaban_benar`, `point_essai`, `soal_end`, `point_soal`, `nilai_koreksi`, `nilai_otomatis`, `time_create`) VALUES
('660551', 5, 5, 35, 66, 1, 1, 'B', 'A', 'D', 'C', '', 'B', 'A', 'c', 0, 0, '10', '0', 0, '2025-11-25 10:18:41'),
('6605510', 5, 5, 42, 66, 5, 10, 'A', 'D', 'C', 'B', '', '', '<p>kasus 1 :komputasi</p><p>kasus 2:proggraming</p>', '<div>null</div>', 0, 0, '10', '0', 0, '2025-11-25 10:40:06'),
('660552', 5, 5, 43, 66, 5, 2, 'A', 'D', 'C', 'B', '', '', '<p>3 KELAS F,H,I</p><p><br></p>', '<div>null</div>', 0, 1, '10', '0', 0, '2025-11-25 10:59:35'),
('660553', 5, 5, 37, 66, 4, 3, 'A', 'D', 'C', 'B', '', '', 'OTLKSRAZOQU YKTMGZ SAJGT', 'infermutiko sengat mudan', 0, 0, '10', '0', 0, '2025-11-25 10:51:53'),
('660554', 5, 5, 34, 66, 1, 4, 'A', 'C', 'D', 'B', '', 'A', 'A', 'a', 0, 0, '10', '0', 0, '2025-11-25 10:30:41'),
('660555', 5, 5, 39, 66, 4, 5, 'A', 'D', 'C', 'B', '', '', 'RMEX FEMO ', 'txif hbixp hxifxk yxfh yxkdbq', 0, 0, '10', '0', 0, '2025-11-25 10:48:57'),
('660556', 5, 5, 40, 66, 4, 6, 'A', 'D', 'C', 'B', '', '', 'RUEX FEMO FIPENEV URJSVQEXU', 'rmex femo fipenev mrjsvqexmoe', 0, 0, '10', '0', 0, '2025-11-25 10:58:42'),
('660557', 5, 5, 38, 66, 4, 7, 'A', 'D', 'C', 'B', '', '', 'EYFUT NIYDIYB U UMSCE', 'kelaz toejoeh a asyik', 0, 0, '10', '0', 0, '2025-11-25 10:45:39'),
('660558', 5, 5, 41, 66, 5, 8, 'A', 'D', 'C', 'B', '', '', '<p>1 jam 30 menit</p>', '<div>null</div>', 0, 0, '10', '0', 0, '2025-11-25 10:21:57'),
('660559', 5, 5, 36, 66, 1, 9, 'A', 'D', 'C', 'B', '', 'D', 'B', 'b', 0, 0, '10', '0', 0, '2025-11-25 10:45:55'),
('670551', 5, 5, 36, 67, 1, 1, 'D', 'A', 'B', 'C', '', 'A', 'B', 'b', 0, 0, '10', '0', 0, '2025-11-25 10:21:15'),
('6705510', 5, 5, 42, 67, 5, 10, 'D', 'A', 'B', 'C', '', '', '<p>Kasus 1:<br>K-O-M-P-U-T-A-S-I</p><p><br></p><p>Kasus 2:</p><p>P-R-O-G-R-A-M-M-I-N-G</p>', '<div>null</div>', 0, 0, '10', '0', 0, '2025-11-25 10:44:18'),
('670552', 5, 5, 43, 67, 5, 2, 'D', 'A', 'B', 'C', '', '', '<p>Senin ACEK</p><p>Selasa D</p><p>Rabu CGJ</p><p>Kamis BEL</p><p><br></p><p>ACK D GJ BEL</p><p>ABCDEGJKL</p><p>FHI</p><p>Tidak digunakan: FHI</p>', '<div>null</div>', 0, 1, '10', '0', 0, '2025-11-25 10:48:30'),
('670553', 5, 5, 37, 67, 4, 3, 'D', 'A', 'B', 'C', '', '', 'infermutiko sengat mudan', 'infermutiko sengat mudan', 0, 0, '10', '0', 0, '2025-11-25 10:28:22'),
('670554', 5, 5, 34, 67, 1, 4, 'C', 'A', 'B', 'D', '', 'C', 'A', 'a', 0, 0, '10', '0', 0, '2025-11-25 10:28:56'),
('670555', 5, 5, 38, 67, 4, 5, 'D', 'A', 'B', 'C', '', '', 'kelaz toejoeh a asyik', 'kelaz toejoeh a asyik', 0, 0, '10', '0', 0, '2025-11-25 10:31:34'),
('670556', 5, 5, 40, 67, 4, 6, 'D', 'A', 'B', 'C', '', '', 'RMEX FEMO FIPENEV MRJSVQEXMOE', 'rmex femo fipenev mrjsvqexmoe', 0, 0, '10', '0', 0, '2025-11-25 10:34:51'),
('670557', 5, 5, 41, 67, 5, 7, 'D', 'A', 'B', 'C', '', '', '<p>2 keran, 3 ember, 1 ember = 1 jam diisi</p><p>Isi 2 ember setengah = 30mnt</p><p>Isi satu ember yang diisi setengah dan ember kosong = 30mnt</p><p>1. Setengah</p><p>2. Diisi</p><p>3. Setengah</p><p>Isi sisanya = 30mnt</p><p>30+30+30 = 90mnt = 1 jam 30 mnt</p>', '<div>null</div>', 0, 0, '10', '0', 0, '2025-11-25 10:36:28'),
('670558', 5, 5, 35, 67, 1, 8, 'B', 'A', 'C', 'D', '', 'C', 'C', 'c', 0, 0, '10', '0', 0, '2025-11-25 10:37:33'),
('670559', 5, 5, 39, 67, 4, 9, 'D', 'A', 'B', 'C', '', '', 'TXIF HBIXP HXIFXK YXFH YXKDBQ', 'txif hbixp hxifxk yxfh yxkdbq', 0, 0, '10', '0', 0, '2025-11-25 10:57:10'),
('680551', 5, 5, 41, 68, 5, 1, 'D', 'B', 'A', 'C', '', '', '1 jam 30 menit, isi 2 ember setengah dengan 2 pancuran air dapet 30 menit, lalu isi ember 3 dengan 2 pancuran air dapet 30 menit, lalu isi 2 ember lagi dapet 30 menit, jadi hasil nya 1 jam 30 menit', '<div>null</div>', 0, 0, '10', '0', 0, '2025-11-25 10:31:31'),
('6805510', 5, 5, 38, 68, 4, 10, 'D', 'B', 'A', 'C', '', '', 'EYFUT NIYDIYB U UMSCE', 'kelaz toejoeh a asyik', 0, 0, '10', '0', 0, '2025-11-25 11:01:57'),
('680552', 5, 5, 40, 68, 4, 2, 'D', 'B', 'A', 'C', '', '', 'RMEX FEMO FIPENEV MRJSVQEXMOE', 'rmex femo fipenev mrjsvqexmoe', 0, 0, '10', '0', 0, '2025-11-25 10:38:45'),
('680553', 5, 5, 37, 68, 4, 3, 'D', 'B', 'A', 'C', '', '', 'OTLKXSAZOQU YKTMGZ SAJGT', 'infermutiko sengat mudan', 0, 0, '10', '0', 0, '2025-11-25 10:42:29'),
('680554', 5, 5, 39, 68, 4, 4, 'D', 'B', 'A', 'C', '', '', 'TXIF HBIXP HXIFXK YXFH YXKDBQ', 'txif hbixp hxifxk yxfh yxkdbq', 0, 0, '10', '0', 0, '2025-11-25 10:46:41'),
('680555', 5, 5, 34, 68, 1, 5, 'D', 'C', 'B', 'A', '', 'C', 'B', 'a', 0, 0, '10', '0', 0, '2025-11-25 10:47:40'),
('680556', 5, 5, 35, 68, 1, 6, 'B', 'D', 'A', 'C', '', 'A', 'C', 'c', 0, 0, '10', '0', 0, '2025-11-25 10:50:32'),
('680557', 5, 5, 36, 68, 1, 7, 'D', 'B', 'A', 'C', '', 'B', 'B', 'b', 0, 0, '10', '0', 0, '2025-11-25 10:50:42'),
('680558', 5, 5, 42, 68, 5, 8, 'D', 'B', 'A', 'C', '', '', '<p>KOMPUTASI = KASUS 1, PROGRAMING = KASUS 2</p>', '<div>null</div>', 0, 0, '10', '0', 0, '2025-11-25 10:54:26'),
('680559', 5, 5, 43, 68, 5, 9, 'D', 'B', 'A', 'C', '', '', '<p>F , H , I</p>', '<div>null</div>', 0, 1, '10', '0', 0, '2025-11-25 10:56:59'),
('710551', 5, 5, 39, 71, 4, 1, 'D', 'C', 'B', 'A', '', '', 'TXIF HBIXP HXIFXK YXFH YXHDBQ', 'txif hbixp hxifxk yxfh yxkdbq', 0, 0, '10', '0', 0, '2025-11-25 10:48:53'),
('7105510', 5, 5, 38, 71, 4, 10, 'D', 'C', 'B', 'A', '', '', 'EYFUT NIYDIYB U UMSCE', 'kelaz toejoeh a asyik', 0, 0, '10', '0', 0, '2025-11-25 10:39:26'),
('710552', 5, 5, 42, 71, 5, 2, 'D', 'C', 'B', 'A', '', '', '<p>KOMPUTASI PROGRAMMING</p>', '<div>null</div>', 0, 0, '10', '0', 0, '2025-11-25 10:52:15'),
('710553', 5, 5, 40, 71, 4, 3, 'D', 'C', 'B', 'A', '', '', 'RMEX FEMO FIPENEV MRIRVPEXMOE', 'rmex femo fipenev mrjsvqexmoe', 0, 0, '10', '0', 0, '2025-11-25 10:43:07'),
('710554', 5, 5, 36, 71, 1, 4, 'D', 'C', 'B', 'A', '', 'C', 'B', 'b', 0, 0, '10', '0', 0, '2025-11-25 10:22:54'),
('710555', 5, 5, 43, 71, 5, 5, 'D', 'C', 'B', 'A', '', '', '<p>3KELAS F,H,I</p>', '<div>null</div>', 0, 1, '10', '0', 0, '2025-11-25 10:52:43'),
('710556', 5, 5, 34, 71, 1, 6, 'B', 'A', 'C', 'D', '', 'B', 'A', 'a', 0, 0, '10', '0', 0, '2025-11-25 10:24:54'),
('710557', 5, 5, 41, 71, 5, 7, 'D', 'C', 'B', 'A', '', '', '<p>1JAM 30MENIT</p>', '<div>null</div>', 0, 0, '10', '0', 0, '2025-11-25 10:49:59'),
('710558', 5, 5, 37, 71, 4, 8, 'D', 'C', 'B', 'A', '', '', 'OTLKXSAZOQU YKTMGZ SAJGT', 'infermutiko sengat mudan', 0, 0, '10', '0', 0, '2025-11-25 10:36:29'),
('710559', 5, 5, 35, 71, 1, 9, 'D', 'B', 'A', 'C', '', 'A', 'C', 'c', 0, 0, '10', '0', 0, '2025-11-25 10:23:51'),
('720551', 5, 5, 36, 72, 1, 1, 'C', 'A', 'D', 'B', '', 'A', 'B', 'b', 0, 0, '10', '0', 0, '2025-11-25 10:19:05'),
('7205510', 5, 5, 41, 72, 5, 10, 'C', 'A', 'D', 'B', '', '', '<p>1JAM 30MENIT</p>', '<div>null</div>', 0, 0, '10', '0', 0, '2025-11-25 10:52:26'),
('720552', 5, 5, 34, 72, 1, 2, 'D', 'A', 'C', 'B', '', 'C', 'C', 'a', 0, 0, '10', '0', 0, '2025-11-25 10:19:25'),
('720553', 5, 5, 37, 72, 4, 3, 'C', 'A', 'D', 'B', '', '', 'OTLKXSAZOQU YKTMGZ SAJGT', 'infermutiko sengat mudan', 0, 0, '10', '0', 0, '2025-11-25 10:35:49'),
('720554', 5, 5, 39, 72, 4, 4, 'C', 'A', 'D', 'B', '', '', 'TXIF HBIAP HXIFXK YXFH YXKDBQ', 'txif hbixp hxifxk yxfh yxkdbq', 0, 0, '10', '0', 0, '2025-11-25 10:37:16'),
('720555', 5, 5, 40, 72, 4, 5, 'C', 'A', 'D', 'B', '', '', 'RMEX FEMO FIPENEV MRIRVPEXMOE', 'rmex femo fipenev mrjsvqexmoe', 0, 0, '10', '0', 0, '2025-11-25 10:43:30'),
('720556', 5, 5, 43, 72, 5, 6, 'C', 'A', 'D', 'B', '', '', '<p>3 KELAS.F.H.I</p>', '<div>null</div>', 0, 1, '10', '0', 0, '2025-11-25 10:44:55'),
('720557', 5, 5, 38, 72, 4, 7, 'C', 'A', 'D', 'B', '', '', 'KILZA TOIKOIH A ASYIK', 'kelaz toejoeh a asyik', 0, 0, '10', '0', 0, '2025-11-25 10:49:45'),
('720558', 5, 5, 35, 72, 1, 8, 'B', 'A', 'D', 'C', '', 'B', 'A', 'c', 0, 0, '10', '0', 0, '2025-11-25 10:50:11'),
('720559', 5, 5, 42, 72, 5, 9, 'C', 'A', 'D', 'B', '', '', '<p>KOMPUTASI.PROGRAMMING</p>', '<div>null</div>', 0, 0, '10', '0', 0, '2025-11-25 10:52:05'),
('730551', 5, 5, 35, 73, 1, 1, 'C', 'B', 'A', 'D', '', 'D', 'D', 'c', 0, 0, '10', '0', 0, '2025-11-25 10:18:00'),
('7305510', 5, 5, 40, 73, 4, 10, 'D', 'C', 'A', 'B', '', '', 'RUEX FEMO FIPENEV URJSVQEXUE', 'rmex femo fipenev mrjsvqexmoe', 0, 0, '10', '0', 0, '2025-11-25 10:58:44'),
('730552', 5, 5, 36, 73, 1, 2, 'D', 'C', 'A', 'B', '', 'C', 'B', 'b', 0, 0, '10', '0', 0, '2025-11-25 10:18:37'),
('730553', 5, 5, 39, 73, 4, 3, 'D', 'C', 'A', 'B', '', '', 'cfilnqtwz', 'txif hbixp hxifxk yxfh yxkdbq', 0, 0, '10', '0', 0, '2025-11-25 10:22:24'),
('730554', 5, 5, 43, 73, 5, 4, 'D', 'C', 'A', 'B', '', '', '<p>f</p>', '<div>null</div>', 0, 1, '10', '0', 0, '2025-11-25 10:28:44'),
('730555', 5, 5, 34, 73, 1, 5, 'C', 'B', 'A', 'D', '', 'B', 'B', 'a', 0, 0, '10', '0', 0, '2025-11-25 10:30:51'),
('730556', 5, 5, 41, 73, 5, 6, 'D', 'C', 'A', 'B', '', '', '<p>2 jam</p>', '<div>null</div>', 0, 0, '10', '0', 0, '2025-11-25 10:33:38'),
('730557', 5, 5, 42, 73, 5, 7, 'D', 'C', 'A', 'B', '', '', '<p>kasus1= komputasi</p><p>kasus2=proggraming</p>', '<div>null</div>', 0, 0, '10', '0', 0, '2025-11-25 10:39:48'),
('730558', 5, 5, 38, 73, 4, 8, 'D', 'C', 'A', 'B', '', '', 'EYFUT NIYDIYB U UMSCE', 'kelaz toejoeh a asyik', 0, 0, '10', '0', 0, '2025-11-25 10:45:32'),
('730559', 5, 5, 37, 73, 4, 9, 'D', 'C', 'A', 'B', '', '', 'OTLKSRAZOQU YKTMGZ SAJGT', 'infermutiko sengat mudan', 0, 0, '10', '0', 0, '2025-11-25 10:51:52'),
('740551', 5, 5, 40, 74, 4, 1, 'D', 'A', 'B', 'C', '', '', 'rmex femo fipenev mrjsvqexmoe', 'rmex femo fipenev mrjsvqexmoe', 0, 0, '10', '0', 0, '2025-11-25 10:40:18'),
('7405510', 5, 5, 41, 74, 5, 10, 'D', 'A', 'B', 'C', '', '', '<p>1 jam 30 menit</p>', '<div>null</div>', 0, 0, '10', '0', 0, '2025-11-25 10:49:44'),
('740552', 5, 5, 35, 74, 1, 2, 'A', 'C', 'D', 'B', '', 'B', 'D', 'c', 0, 0, '10', '0', 0, '2025-11-25 10:26:08'),
('740553', 5, 5, 42, 74, 5, 3, 'D', 'A', 'B', 'C', '', '', '<p>kasus 1=komputasi kasus 2=programming</p>', '<div>null</div>', 0, 0, '10', '0', 0, '2025-11-25 10:40:53'),
('740554', 5, 5, 37, 74, 4, 4, 'D', 'A', 'B', 'C', '', '', 'infermutika sengat mudan', 'infermutiko sengat mudan', 0, 0, '10', '0', 0, '2025-11-25 11:00:08'),
('740555', 5, 5, 39, 74, 4, 5, 'D', 'A', 'B', 'C', '', '', 'txif hbixp hxifxk yxfh yxkdbq', 'txif hbixp hxifxk yxfh yxkdbq', 0, 0, '10', '0', 0, '2025-11-25 10:47:14'),
('740556', 5, 5, 38, 74, 4, 6, 'D', 'A', 'B', 'C', '', '', 'eyfut niydiybb u umsce', 'kelaz toejoeh a asyik', 0, 0, '10', '0', 0, '2025-11-25 10:57:08'),
('740557', 5, 5, 34, 74, 1, 7, 'D', 'B', 'A', 'C', '', 'B', 'B', 'a', 0, 0, '10', '0', 0, '2025-11-25 10:41:24'),
('740558', 5, 5, 36, 74, 1, 8, 'D', 'A', 'B', 'C', '', 'A', 'B', 'b', 0, 0, '10', '0', 0, '2025-11-25 10:41:28'),
('740559', 5, 5, 43, 74, 5, 9, 'D', 'A', 'B', 'C', '', '', '<p>f,h,i</p>', '<div>null</div>', 0, 1, '10', '0', 0, '2025-11-25 10:49:12'),
('750551', 5, 5, 35, 75, 1, 1, 'D', 'C', 'B', 'A', '', 'A', 'D', 'c', 0, 0, '10', '0', 0, '2025-11-25 10:18:08'),
('7505510', 5, 5, 36, 75, 1, 10, 'A', 'D', 'B', 'C', '', 'A', 'A', 'b', 0, 0, '10', '0', 0, '2025-11-25 10:59:09'),
('750552', 5, 5, 43, 75, 5, 2, 'A', 'D', 'B', 'C', '', '', 'h i j', '<div>null</div>', 0, 1, '10', '0', 0, '2025-11-25 10:30:36'),
('750553', 5, 5, 40, 75, 4, 3, 'A', 'D', 'B', 'C', '', '', 'rlex felo fipenev lrjsvqexloe', 'rmex femo fipenev mrjsvqexmoe', 0, 0, '10', '0', 0, '2025-11-25 10:39:32'),
('750554', 5, 5, 37, 75, 4, 4, 'A', 'D', 'B', 'C', '', '', 'infermutiko sengat mudan', 'infermutiko sengat mudan', 0, 0, '10', '0', 0, '2025-11-25 10:45:58'),
('750555', 5, 5, 34, 75, 1, 5, 'B', 'C', 'A', 'D', '', 'B', 'A', 'a', 0, 0, '10', '0', 0, '2025-11-25 10:19:20'),
('750556', 5, 5, 41, 75, 5, 6, 'A', 'D', 'B', 'C', '', '', '<p>1JAM 30MENIT awal awal&nbsp; isi setengah ke ember 1 &amp; 2 lalu ember ke2 di ganti sama enber ke 3 dan ember ke 1 di is hingga penuh dan lakukan seperti tadi ke ember 2&amp;3</p>', '<div>null</div>', 0, 0, '10', '0', 0, '2025-11-25 10:24:40'),
('750557', 5, 5, 38, 75, 4, 7, 'A', 'D', 'B', 'C', '', '', 'kelaz toejoeh a asyik', 'kelaz toejoeh a asyik', 0, 0, '10', '0', 0, '2025-11-25 10:50:00'),
('750558', 5, 5, 42, 75, 5, 8, 'A', 'D', 'B', 'C', '', '', '<p>komputasi &amp;</p>', '<div>null</div>', 0, 0, '10', '0', 0, '2025-11-25 10:50:52'),
('750559', 5, 5, 39, 75, 4, 9, 'A', 'D', 'B', 'C', '', '', 'txif hbixp hixfik  yxfh yxpdbq', 'txif hbixp hxifxk yxfh yxkdbq', 0, 0, '10', '0', 0, '2025-11-25 10:58:51'),
('760551', 5, 5, 35, 76, 1, 1, 'C', 'B', 'D', 'A', '', 'B', 'B', 'c', 0, 0, '10', '0', 0, '2025-11-25 10:18:50'),
('7605510', 5, 5, 38, 76, 4, 10, 'D', 'B', 'A', 'C', '', '', 'EYFUT NIYDIYB U UNSCE', 'kelaz toejoeh a asyik', 0, 0, '10', '0', 0, '2025-11-25 11:00:21'),
('760552', 5, 5, 39, 76, 4, 2, 'D', 'B', 'A', 'C', '', '', ' TXIF HBIXP  HXIFXL YXFH YXLDCG', 'txif hbixp hxifxk yxfh yxkdbq', 0, 0, '10', '0', 0, '2025-11-25 10:27:02'),
('760553', 5, 5, 40, 76, 4, 3, 'D', 'B', 'A', 'C', '', '', 'RMEX FEMO FIPENEV MRJSVQEXEOE', 'rmex femo fipenev mrjsvqexmoe', 0, 0, '10', '0', 0, '2025-11-25 10:33:18'),
('760554', 5, 5, 37, 76, 4, 4, 'D', 'B', 'A', 'C', '', '', 'OTLKXSAZOQU YKTMGZ SAJGT', 'infermutiko sengat mudan', 0, 0, '10', '0', 0, '2025-11-25 10:41:51'),
('760555', 5, 5, 36, 76, 1, 5, 'D', 'B', 'A', 'C', '', 'A', 'C', 'b', 0, 0, '10', '0', 0, '2025-11-25 10:43:06'),
('760556', 5, 5, 43, 76, 5, 6, 'D', 'B', 'A', 'C', '', '', 'RUANGAN F H I&nbsp;', '<div>null</div>', 0, 1, '10', '0', 0, '2025-11-25 10:46:09'),
('760557', 5, 5, 41, 76, 5, 7, 'D', 'B', 'A', 'C', '', '', '30 MENIT', '<div>null</div>', 0, 0, '10', '0', 0, '2025-11-25 10:49:04'),
('760558', 5, 5, 34, 76, 1, 8, 'C', 'A', 'D', 'B', '', 'D', 'C', 'a', 0, 0, '10', '0', 0, '2025-11-25 10:49:14'),
('760559', 5, 5, 42, 76, 5, 9, 'D', 'B', 'A', 'C', '', '', '<p>K O M P U T A S I&nbsp; = Komputasi</p>', '<div>null</div>', 0, 0, '10', '0', 0, '2025-11-25 10:53:26'),
('770551', 5, 5, 34, 77, 1, 1, 'D', 'A', 'C', 'B', '', 'D', 'A', 'a', 0, 0, '10', '0', 0, '2025-11-25 10:31:52'),
('7705510', 5, 5, 35, 77, 1, 10, 'C', 'D', 'A', 'B', '', 'D', 'B', 'c', 0, 0, '10', '0', 0, '2025-11-25 10:51:57'),
('770552', 5, 5, 39, 77, 4, 2, 'B', 'C', 'D', 'A', '', '', 'TXIFHBIXPHXIFXKYXFHYXKDBQ', 'txif hbixp hxifxk yxfh yxkdbq', 0, 0, '10', '0', 0, '2025-11-25 10:40:08'),
('770553', 5, 5, 40, 77, 4, 3, 'B', 'C', 'D', 'A', '', '', 'RMEX FEMO FIPENEV MRJSV', 'rmex femo fipenev mrjsvqexmoe', 0, 0, '10', '0', 0, '2025-11-25 10:59:52'),
('770554', 5, 5, 37, 77, 4, 4, 'B', 'C', 'D', 'A', '', '', 'DGHGGYURIRUGRUKGRGJU', 'infermutiko sengat mudan', 0, 0, '10', '0', 0, '2025-11-25 11:00:27'),
('770555', 5, 5, 43, 77, 5, 5, 'B', 'C', 'D', 'A', '', '', 'KELAS H,I,F', '<div>null</div>', 0, 1, '10', '0', 0, '2025-11-25 10:45:44'),
('770556', 5, 5, 42, 77, 5, 6, 'B', 'C', 'D', 'A', '', '', '<p>KASUS 1 :KOMPUTASI</p><p>KASUS 2:PROGREMING</p>', '<div>null</div>', 0, 0, '10', '0', 0, '2025-11-25 10:50:19'),
('770557', 5, 5, 41, 77, 5, 7, 'B', 'C', 'D', 'A', '', '', '<p>BOBO MEMBUTUHKAN 2JAM 30 MENIT</p>', '<div>null</div>', 0, 0, '10', '0', 0, '2025-11-25 10:50:59'),
('770558', 5, 5, 38, 77, 4, 8, 'B', 'C', 'D', 'A', '', '', 'KOFDUIFRGHUIRRJRGTU', 'kelaz toejoeh a asyik', 0, 0, '10', '0', 0, '2025-11-25 11:00:18'),
('770559', 5, 5, 36, 77, 1, 9, 'B', 'C', 'D', 'A', '', 'C', 'B', 'b', 0, 0, '10', '0', 0, '2025-11-25 10:51:29'),
('780551', 5, 5, 42, 78, 5, 1, 'D', 'B', 'C', 'A', '', '', '<p>Kasus 1=komputasi</p><p>Kasus 2=praminggogm</p>', '<div>null</div>', 0, 0, '10', '0', 0, '2025-11-25 10:39:06'),
('7805510', 5, 5, 38, 78, 4, 10, 'D', 'B', 'C', 'A', '', '', 'EYFUT NIYDIYN U UMSCE', 'kelaz toejoeh a asyik', 0, 0, '10', '0', 0, '2025-11-25 10:59:34'),
('780552', 5, 5, 39, 78, 4, 2, 'D', 'B', 'C', 'A', '', '', 'TXIF HBIXP HXIFXK YXFH YXHDBQ', 'txif hbixp hxifxk yxfh yxkdbq', 0, 0, '10', '0', 0, '2025-11-25 10:43:36'),
('780553', 5, 5, 34, 78, 1, 3, 'B', 'C', 'A', 'D', '', 'A', 'C', 'a', 0, 0, '10', '0', 0, '2025-11-25 10:34:09'),
('780554', 5, 5, 43, 78, 5, 4, 'D', 'B', 'C', 'A', '', '', 'F,H,I', '<div>null</div>', 0, 1, '10', '0', 0, '2025-11-25 10:45:09'),
('780555', 5, 5, 36, 78, 1, 5, 'D', 'B', 'C', 'A', '', 'C', 'C', 'b', 0, 0, '10', '0', 0, '2025-11-25 10:34:19'),
('780556', 5, 5, 37, 78, 4, 6, 'D', 'B', 'C', 'A', '', '', 'INFERMUTIKO SENGAT MUDAN', 'infermutiko sengat mudan', 0, 0, '10', '0', 0, '2025-11-25 10:50:31'),
('780557', 5, 5, 40, 78, 4, 7, 'D', 'B', 'C', 'A', '', '', 'RMEX FEMO FIPENEV MRJSVQEXMOE', 'rmex femo fipenev mrjsvqexmoe', 0, 0, '10', '0', 0, '2025-11-25 10:55:42'),
('780558', 5, 5, 35, 78, 1, 8, 'B', 'C', 'D', 'A', '', 'A', 'D', 'c', 0, 0, '10', '0', 0, '2025-11-25 10:34:26'),
('780559', 5, 5, 41, 78, 5, 9, 'D', 'B', 'C', 'A', '', '', '<p>butuh 2 jam 0 menit</p><p><br></p>', '<div>null</div>', 0, 0, '10', '0', 0, '2025-11-25 10:34:45'),
('790551', 5, 5, 35, 79, 1, 1, 'B', 'C', 'A', 'D', '', 'C', 'B', 'c', 0, 0, '10', '0', 0, '2025-11-25 10:20:24'),
('7905510', 5, 5, 41, 79, 5, 10, 'C', 'A', 'D', 'B', '', '', '<p>1 JAM 30 MENIT</p>', '<div>null</div>', 0, 0, '10', '0', 0, '2025-11-25 10:49:55'),
('790552', 5, 5, 39, 79, 4, 2, 'C', 'A', 'D', 'B', '', '', 'TXIF HBIAP HXIFXK YXFH YXKDBQ', 'txif hbixp hxifxk yxfh yxkdbq', 0, 0, '10', '0', 0, '2025-11-25 10:30:02'),
('790553', 5, 5, 42, 79, 5, 3, 'C', 'A', 'D', 'B', '', '', '<p>KOMPUTASI,PROGRAMMING</p><p><br></p>', '<div>null</div>', 0, 0, '10', '0', 0, '2025-11-25 10:34:16'),
('790554', 5, 5, 43, 79, 5, 4, 'C', 'A', 'D', 'B', '', '', '<p>3 kelas, F,H,I</p>', '<div>null</div>', 0, 1, '10', '0', 0, '2025-11-25 10:38:50'),
('790555', 5, 5, 36, 79, 1, 5, 'C', 'A', 'D', 'B', '', 'A', 'B', 'b', 0, 0, '10', '0', 0, '2025-11-25 10:39:29'),
('790556', 5, 5, 37, 79, 4, 6, 'C', 'A', 'D', 'B', '', '', 'OTLKXSAZOQU YKTMGZ SAJGT', 'infermutiko sengat mudan', 0, 0, '10', '0', 0, '2025-11-25 10:40:34'),
('790557', 5, 5, 40, 79, 4, 7, 'C', 'A', 'D', 'B', '', '', 'RMEX FEMO FIPENEV MRIRVPEXMOE', 'rmex femo fipenev mrjsvqexmoe', 0, 0, '10', '0', 0, '2025-11-25 10:43:15'),
('790558', 5, 5, 34, 79, 1, 8, 'B', 'D', 'A', 'C', '', 'B', 'A', 'a', 0, 0, '10', '0', 0, '2025-11-25 10:45:16'),
('790559', 5, 5, 38, 79, 4, 9, 'C', 'A', 'D', 'B', '', '', 'EYGUT NIYDJYB U UMTCE', 'kelaz toejoeh a asyik', 0, 0, '10', '0', 0, '2025-11-25 10:48:37'),
('800551', 5, 5, 41, 80, 5, 1, 'A', 'D', 'B', 'C', '', '', 'bobo memerluhi 2 jam untuk mengisi 3 ember air', '<div>null</div>', 0, 0, '10', '0', 0, '2025-11-25 10:28:11'),
('8005510', 5, 5, 43, 80, 5, 10, 'A', 'D', 'B', 'C', '', '', '<p>F,H,I,</p>', '<div>null</div>', 0, 1, '10', '0', 0, '2025-11-25 10:56:28'),
('800552', 5, 5, 36, 80, 1, 2, 'A', 'D', 'B', 'C', '', 'B', 'C', 'b', 0, 0, '10', '0', 0, '2025-11-25 10:28:44'),
('800553', 5, 5, 35, 80, 1, 3, 'C', 'A', 'D', 'B', '', 'A', 'B', 'c', 0, 0, '10', '0', 0, '2025-11-25 10:30:29'),
('800554', 5, 5, 34, 80, 1, 4, 'C', 'A', 'B', 'D', '', 'D', 'D', 'a', 0, 0, '10', '0', 0, '2025-11-25 10:30:56'),
('800555', 5, 5, 37, 80, 4, 5, 'A', 'D', 'B', 'C', '', '', 'infermutiko sengat mudgt', 'infermutiko sengat mudan', 0, 0, '10', '0', 0, '2025-11-25 10:38:41'),
('800556', 5, 5, 42, 80, 5, 6, 'A', 'D', 'B', 'C', '', '', '<p>kasus 1: komputasi</p><p>kasus 2: prognima</p>', '<div>null</div>', 0, 0, '10', '0', 0, '2025-11-25 10:47:07'),
('800557', 5, 5, 39, 80, 4, 7, 'A', 'D', 'B', 'C', '', '', 'TXIF HBIXP HXIXK YXFH YXKGBQ', 'txif hbixp hxifxk yxfh yxkdbq', 0, 0, '10', '0', 0, '2025-11-25 10:52:19'),
('800558', 5, 5, 40, 80, 4, 8, 'A', 'D', 'B', 'C', '', '', 'RMEX FEMO FIPENEV MRJSVQETHO', 'rmex femo fipenev mrjsvqexmoe', 0, 0, '10', '0', 0, '2025-11-25 11:00:28'),
('800559', 5, 5, 38, 80, 4, 9, 'A', 'D', 'B', 'C', '', '', 'LKDLAKGR', 'kelaz toejoeh a asyik', 0, 0, '10', '0', 0, '2025-11-25 11:00:32'),
('810551', 5, 5, 42, 81, 5, 1, 'A', 'D', 'B', 'C', '', '', 'komputasi dan programming', '<div>null</div>', 0, 0, '10', '0', 0, '2025-11-25 11:01:34'),
('8105510', 5, 5, 38, 81, 4, 10, 'A', 'D', 'B', 'C', '', '', 'EYFUT NIYDIYB U UMSCE', 'kelaz toejoeh a asyik', 0, 0, '10', '0', 0, '2025-11-25 10:57:40'),
('810552', 5, 5, 37, 81, 4, 2, 'A', 'D', 'B', 'C', '', '', 'OTLKXSAZO', 'infermutiko sengat mudan', 0, 0, '10', '0', 0, '2025-11-25 11:02:02'),
('810553', 5, 5, 34, 81, 1, 3, 'A', 'B', 'D', 'C', '', 'B', 'B', 'a', 0, 0, '10', '0', 0, '2025-11-25 10:58:15'),
('810554', 5, 5, 40, 81, 4, 4, 'A', 'D', 'B', 'C', '', '', 'RMEX FEMO FIPENEV MRJSVQEXMOE', 'rmex femo fipenev mrjsvqexmoe', 0, 0, '10', '0', 0, '2025-11-25 10:41:14'),
('810555', 5, 5, 43, 81, 5, 5, 'A', 'D', 'B', 'C', '', '', '<p>FHI</p>', '<div>null</div>', 0, 1, '10', '0', 0, '2025-11-25 10:52:49'),
('810556', 5, 5, 36, 81, 1, 6, 'A', 'D', 'B', 'C', '', 'C', 'D', 'b', 0, 0, '10', '0', 0, '2025-11-25 10:53:49'),
('810557', 5, 5, 41, 81, 5, 7, 'A', 'D', 'B', 'C', '', '', '1 jam 30 menit karena isi 2 ember sampai setengah isi 1 ember sampai full', '<div>null</div>', 0, 0, '10', '0', 0, '2025-11-25 10:50:00'),
('810558', 5, 5, 39, 81, 4, 8, 'A', 'D', 'B', 'C', '', '', 'TXIF HBIXP HXIFXK YXFH YXKDBQ', 'txif hbixp hxifxk yxfh yxkdbq', 0, 0, '10', '0', 0, '2025-11-25 10:46:44'),
('810559', 5, 5, 35, 81, 1, 9, 'A', 'D', 'C', 'B', '', 'B', 'D', 'c', 0, 0, '10', '0', 0, '2025-11-25 10:34:15'),
('920631', 3, 6, 29, 92, 5, 1, 'C', 'D', 'B', 'E', 'A', '', '<p>WT = 91 mili detik</p><p>AWT = 15,6 mili detik</p><p>TAT = 143 mili detik</p><p>ATAT = 23,83 mili detik</p>', '<div><div>null</div></div>', 0, 0, '10', '0', 0, '2025-11-25 11:43:59'),
('9206310', 3, 6, 28, 92, 5, 10, 'C', 'D', 'B', 'E', 'A', '', '<p>WT = 79 mili detik</p><p>AWT = 15,8 mili detik</p><p>TAT = 111 mili detik</p><p>ATAT = 22,2 mili detik</p>', '<div><div><div>null</div></div></div>', 0, 0, '10', '0', 0, '2025-11-25 11:57:36'),
('920632', 3, 6, 26, 92, 3, 2, 'C', 'D', 'B', 'E', 'A', '', 'O:8:\"stdClass\":4:{s:4:\"type\";s:1:\"2\";s:5:\"model\";s:1:\"1\";s:5:\"links\";a:3:{i:0;N;i:1;a:1:{i:0;s:1:\"B\";}i:2;a:1:{i:0;s:1:\"A\";}}s:7:\"jawaban\";a:3:{i:0;a:3:{i:0;s:1:\"#\";i:1;s:219:\"<p>kesalahan sistematis dalam proses pengumpulan, pencatatan, atau penanganan informasi yang menyebabkan data tidak akurat atau terdistorsi, seperti bias pengukuran, bias ingatan, bias pengamat, atau bias pelaporan.</p>\";i:2;s:164:\"<p>asal mula informasi atau fakta mentah yang telah diubah ke dalam format biner atau elektronik yang dapat dibaca, diproses, dan disimpan oleh mesin (komputer)</p>\";}i:1;a:3:{i:0;s:39:\"<p>Pengertian Sumber Data Digital?</p>\n\";i:1;s:1:\"0\";i:2;s:1:\"1\";}i:2;a:3:{i:0;s:41:\"<p>Pengertian Bias Informasi?</p><p></p>\n\";i:1;s:1:\"1\";i:2;s:1:\"0\";}}}', 'a:3:{s:5:\"model\";s:1:\"1\";s:4:\"type\";s:1:\"2\";s:7:\"jawaban\";a:3:{i:0;a:3:{i:0;s:9:\"<p>#</p>\n\";i:1;s:219:\"<p>kesalahan sistematis dalam proses pengumpulan, pencatatan, atau penanganan informasi yang menyebabkan data tidak akurat atau terdistorsi, seperti bias pengukuran, bias ingatan, bias pengamat, atau bias pelaporan.</p>\";i:2;s:164:\"<p>asal mula informasi atau fakta mentah yang telah diubah ke dalam format biner atau elektronik yang dapat dibaca, diproses, dan disimpan oleh mesin (komputer)</p>\";}i:1;a:3:{i:0;s:39:\"<p>Pengertian Sumber Data Digital?</p>\n\";i:1;s:1:\"0\";i:2;s:1:\"1\";}i:2;a:3:{i:0;s:41:\"<p>Pengertian Bias Informasi?</p><p></p>\n\";i:1;s:1:\"1\";i:2;s:1:\"0\";}}}', 0, 0, '10', '0', 0, '2025-11-25 11:18:11'),
('920633', 3, 6, 30, 92, 5, 3, 'C', 'D', 'B', 'E', 'A', '', '<p>WT = 54 mili detik</p><p>AWT = 13,5 mili detik</p><p>TAT = 81 mili detik</p><p>ATAT = 20,25 mili detik</p>', '<div><div>null</div></div>', 0, 1, '10', '0', 0, '2025-11-25 11:51:01'),
('920634', 3, 6, 25, 92, 1, 4, 'D', 'B', 'E', 'C', 'A', 'E', 'C', 'c', 0, 0, '10', '0', 0, '2025-11-25 11:19:03'),
('920635', 3, 6, 23, 92, 1, 5, 'B', 'E', 'C', 'D', 'A', 'E', 'B', 'b', 0, 0, '10', '0', 0, '2025-11-25 11:23:19'),
('920636', 3, 6, 27, 92, 3, 6, 'C', 'D', 'B', 'E', 'A', '', 'O:8:\"stdClass\":4:{s:4:\"type\";s:1:\"2\";s:5:\"model\";s:1:\"1\";s:5:\"links\";a:3:{i:0;N;i:1;a:1:{i:0;s:1:\"B\";}i:2;a:1:{i:0;s:1:\"A\";}}s:7:\"jawaban\";a:3:{i:0;a:3:{i:0;s:1:\"#\";i:1;s:81:\"<p>wadah yang menyediakan data data valid, untuk memastikan kebenaran berita.</p>\";i:2;s:169:\"<p>mengonfirmasi kebenaran dan keaslian atas informasi atau idetitas seseorang dalam bentuk digital. Dan untuk memastikan bahwa data yang disajikan valid dan akurat.</p>\";}i:1;a:3:{i:0;s:27:\"<p>Verifikasi Digital?</p>\n\";i:1;s:1:\"0\";i:2;s:1:\"1\";}i:2;a:3:{i:0;s:38:\"<p>Platform Periksa Fakta?</p><p></p>\n\";i:1;s:1:\"1\";i:2;s:1:\"0\";}}}', 'a:3:{s:5:\"model\";s:1:\"1\";s:4:\"type\";s:1:\"2\";s:7:\"jawaban\";a:3:{i:0;a:3:{i:0;s:9:\"<p>#</p>\n\";i:1;s:81:\"<p>wadah yang menyediakan data data valid, untuk memastikan kebenaran berita.</p>\";i:2;s:169:\"<p>mengonfirmasi kebenaran dan keaslian atas informasi atau idetitas seseorang dalam bentuk digital. Dan untuk memastikan bahwa data yang disajikan valid dan akurat.</p>\";}i:1;a:3:{i:0;s:27:\"<p>Verifikasi Digital?</p>\n\";i:1;s:1:\"0\";i:2;s:1:\"1\";}i:2;a:3:{i:0;s:38:\"<p>Platform Periksa Fakta?</p><p></p>\n\";i:1;s:1:\"1\";i:2;s:1:\"0\";}}}', 0, 0, '10', '0', 0, '2025-11-25 11:19:43'),
('920637', 3, 6, 32, 92, 1, 7, 'B', 'C', 'A', 'D', 'E', 'A', 'C', 'c', 0, 0, '10', '0', 0, '2025-11-25 11:24:20'),
('920638', 3, 6, 33, 92, 1, 8, 'C', 'D', 'B', 'E', 'A', 'E', 'D', 'd', 0, 0, '10', '0', 0, '2025-11-25 11:22:21'),
('920639', 3, 6, 24, 92, 1, 9, 'A', 'E', 'D', 'C', 'B', 'B', 'E', 'e', 0, 0, '10', '0', 0, '2025-11-25 11:23:00'),
('930631', 3, 6, 26, 93, 3, 1, 'D', 'C', 'B', 'A', 'E', '', 'O:8:\"stdClass\":4:{s:4:\"type\";s:1:\"2\";s:5:\"model\";s:1:\"1\";s:5:\"links\";a:3:{i:0;N;i:1;a:1:{i:0;s:1:\"B\";}i:2;a:1:{i:0;s:1:\"A\";}}s:7:\"jawaban\";a:3:{i:0;a:3:{i:0;s:1:\"#\";i:1;s:219:\"<p>kesalahan sistematis dalam proses pengumpulan, pencatatan, atau penanganan informasi yang menyebabkan data tidak akurat atau terdistorsi, seperti bias pengukuran, bias ingatan, bias pengamat, atau bias pelaporan.</p>\";i:2;s:164:\"<p>asal mula informasi atau fakta mentah yang telah diubah ke dalam format biner atau elektronik yang dapat dibaca, diproses, dan disimpan oleh mesin (komputer)</p>\";}i:1;a:3:{i:0;s:39:\"<p>Pengertian Sumber Data Digital?</p>\n\";i:1;s:1:\"0\";i:2;s:1:\"1\";}i:2;a:3:{i:0;s:41:\"<p>Pengertian Bias Informasi?</p><p></p>\n\";i:1;s:1:\"1\";i:2;s:1:\"0\";}}}', 'a:3:{s:5:\"model\";s:1:\"1\";s:4:\"type\";s:1:\"2\";s:7:\"jawaban\";a:3:{i:0;a:3:{i:0;s:9:\"<p>#</p>\n\";i:1;s:219:\"<p>kesalahan sistematis dalam proses pengumpulan, pencatatan, atau penanganan informasi yang menyebabkan data tidak akurat atau terdistorsi, seperti bias pengukuran, bias ingatan, bias pengamat, atau bias pelaporan.</p>\";i:2;s:164:\"<p>asal mula informasi atau fakta mentah yang telah diubah ke dalam format biner atau elektronik yang dapat dibaca, diproses, dan disimpan oleh mesin (komputer)</p>\";}i:1;a:3:{i:0;s:39:\"<p>Pengertian Sumber Data Digital?</p>\n\";i:1;s:1:\"0\";i:2;s:1:\"1\";}i:2;a:3:{i:0;s:41:\"<p>Pengertian Bias Informasi?</p><p></p>\n\";i:1;s:1:\"1\";i:2;s:1:\"0\";}}}', 0, 0, '10', '0', 0, '2025-11-25 11:18:51'),
('9306310', 3, 6, 33, 93, 1, 10, 'D', 'C', 'B', 'A', 'E', 'A', 'D', 'd', 0, 0, '10', '0', 0, '2025-11-25 12:05:10'),
('930632', 3, 6, 24, 93, 1, 2, 'D', 'E', 'B', 'A', 'C', 'E', 'B', 'e', 0, 0, '10', '0', 0, '2025-11-25 11:19:33'),
('930633', 3, 6, 27, 93, 3, 3, 'D', 'C', 'B', 'A', 'E', '', 'O:8:\"stdClass\":4:{s:4:\"type\";s:1:\"2\";s:5:\"model\";s:1:\"1\";s:5:\"links\";a:3:{i:0;N;i:1;a:1:{i:0;s:1:\"B\";}i:2;a:1:{i:0;s:1:\"A\";}}s:7:\"jawaban\";a:3:{i:0;a:3:{i:0;s:1:\"#\";i:1;s:81:\"<p>wadah yang menyediakan data data valid, untuk memastikan kebenaran berita.</p>\";i:2;s:169:\"<p>mengonfirmasi kebenaran dan keaslian atas informasi atau idetitas seseorang dalam bentuk digital. Dan untuk memastikan bahwa data yang disajikan valid dan akurat.</p>\";}i:1;a:3:{i:0;s:27:\"<p>Verifikasi Digital?</p>\n\";i:1;s:1:\"0\";i:2;s:1:\"1\";}i:2;a:3:{i:0;s:38:\"<p>Platform Periksa Fakta?</p><p></p>\n\";i:1;s:1:\"1\";i:2;s:1:\"0\";}}}', 'a:3:{s:5:\"model\";s:1:\"1\";s:4:\"type\";s:1:\"2\";s:7:\"jawaban\";a:3:{i:0;a:3:{i:0;s:9:\"<p>#</p>\n\";i:1;s:81:\"<p>wadah yang menyediakan data data valid, untuk memastikan kebenaran berita.</p>\";i:2;s:169:\"<p>mengonfirmasi kebenaran dan keaslian atas informasi atau idetitas seseorang dalam bentuk digital. Dan untuk memastikan bahwa data yang disajikan valid dan akurat.</p>\";}i:1;a:3:{i:0;s:27:\"<p>Verifikasi Digital?</p>\n\";i:1;s:1:\"0\";i:2;s:1:\"1\";}i:2;a:3:{i:0;s:38:\"<p>Platform Periksa Fakta?</p><p></p>\n\";i:1;s:1:\"1\";i:2;s:1:\"0\";}}}', 0, 0, '10', '0', 0, '2025-11-25 11:20:02'),
('930634', 3, 6, 23, 93, 1, 4, 'B', 'E', 'A', 'C', 'D', 'D', 'E', 'b', 0, 0, '10', '0', 0, '2025-11-25 12:09:55'),
('930635', 3, 6, 30, 93, 5, 5, 'D', 'C', 'B', 'A', 'E', '', '<p>WT = 54md</p><p>AWT = 13,5md</p><p>TAT = 81md</p><p>ATAT = 20,25md</p>', '<div><div>null</div></div>', 0, 1, '10', '0', 0, '2025-11-25 11:37:50'),
('930636', 3, 6, 25, 93, 1, 6, 'E', 'C', 'D', 'A', 'B', 'D', 'C', 'c', 0, 0, '10', '0', 0, '2025-11-25 11:22:04'),
('930637', 3, 6, 29, 93, 5, 7, 'D', 'C', 'B', 'A', 'E', '', '<p>WT = 110md</p><p>AWT = 18,3md</p><p>TAT = 142md</p><p>ATAT = 23,6md</p>', '<div><div>null</div></div>', 0, 0, '10', '0', 0, '2025-11-25 11:50:15'),
('930638', 3, 6, 28, 93, 5, 8, 'D', 'C', 'B', 'A', 'E', '', '<p>WT = 79md</p><p>AWT = 15,8md</p><p>TAT = 111md</p><p>ATAT = 22,2md</p>', '<div><div><div>null</div></div></div>', 0, 0, '10', '0', 0, '2025-11-25 12:07:17'),
('930639', 3, 6, 32, 93, 1, 9, 'D', 'E', 'B', 'A', 'C', 'B', 'C', 'c', 0, 0, '10', '0', 0, '2025-11-25 12:02:12'),
('940631', 3, 6, 33, 94, 1, 1, 'B', 'D', 'C', 'A', 'E', 'C', 'C', 'd', 0, 0, '10', '0', 0, '2025-11-25 12:14:50'),
('9406310', 3, 6, 32, 94, 1, 10, 'D', 'C', 'A', 'B', 'E', 'A', 'C', 'c', 0, 0, '10', '0', 0, '2025-11-25 12:14:24'),
('940632', 3, 6, 30, 94, 5, 2, 'B', 'D', 'C', 'A', 'E', '', '<p>WT = 54 md</p><p>AWT = 13,5 md</p><p>TAT = 81 md</p><p>ATAT = 20,25 md</p>', '<div><div>null</div></div>', 0, 1, '10', '0', 0, '2025-11-25 12:02:57'),
('940633', 3, 6, 23, 94, 1, 3, 'E', 'D', 'A', 'C', 'B', 'D', 'B', 'b', 0, 0, '10', '0', 0, '2025-11-25 11:34:47'),
('940634', 3, 6, 24, 94, 1, 4, 'D', 'E', 'B', 'A', 'C', 'B', 'C', 'e', 0, 0, '10', '0', 0, '2025-11-25 11:35:25'),
('940635', 3, 6, 27, 94, 3, 5, 'B', 'D', 'C', 'A', 'E', '', 'O:8:\"stdClass\":4:{s:4:\"type\";s:1:\"2\";s:5:\"model\";s:1:\"1\";s:5:\"links\";a:3:{i:0;N;i:1;a:1:{i:0;s:1:\"B\";}i:2;a:1:{i:0;s:1:\"A\";}}s:7:\"jawaban\";a:3:{i:0;a:3:{i:0;s:1:\"#\";i:1;s:81:\"<p>wadah yang menyediakan data data valid, untuk memastikan kebenaran berita.</p>\";i:2;s:169:\"<p>mengonfirmasi kebenaran dan keaslian atas informasi atau idetitas seseorang dalam bentuk digital. Dan untuk memastikan bahwa data yang disajikan valid dan akurat.</p>\";}i:1;a:3:{i:0;s:27:\"<p>Verifikasi Digital?</p>\n\";i:1;s:1:\"0\";i:2;s:1:\"1\";}i:2;a:3:{i:0;s:38:\"<p>Platform Periksa Fakta?</p><p></p>\n\";i:1;s:1:\"1\";i:2;s:1:\"0\";}}}', 'a:3:{s:5:\"model\";s:1:\"1\";s:4:\"type\";s:1:\"2\";s:7:\"jawaban\";a:3:{i:0;a:3:{i:0;s:9:\"<p>#</p>\n\";i:1;s:81:\"<p>wadah yang menyediakan data data valid, untuk memastikan kebenaran berita.</p>\";i:2;s:169:\"<p>mengonfirmasi kebenaran dan keaslian atas informasi atau idetitas seseorang dalam bentuk digital. Dan untuk memastikan bahwa data yang disajikan valid dan akurat.</p>\";}i:1;a:3:{i:0;s:27:\"<p>Verifikasi Digital?</p>\n\";i:1;s:1:\"0\";i:2;s:1:\"1\";}i:2;a:3:{i:0;s:38:\"<p>Platform Periksa Fakta?</p><p></p>\n\";i:1;s:1:\"1\";i:2;s:1:\"0\";}}}', 0, 0, '10', '0', 0, '2025-11-25 11:50:44'),
('940636', 3, 6, 25, 94, 1, 6, 'A', 'D', 'E', 'B', 'C', 'E', 'C', 'c', 0, 0, '10', '0', 0, '2025-11-25 11:34:36'),
('940637', 3, 6, 28, 94, 5, 7, 'B', 'D', 'C', 'A', 'E', '', '<p>WT = 88 md</p><p>AWT = 17,6 md</p><p>TAT = 120 md</p><p>ATAT = 24 md</p>', '<div><div><div>null</div></div></div>', 0, 0, '10', '0', 0, '2025-11-25 11:50:02'),
('940638', 3, 6, 29, 94, 5, 8, 'B', 'D', 'C', 'A', 'E', '', '<p>WT = 111 md</p><p>AWT = 18,5 md</p><p>TAT = 143 md</p><p>ATAT = 23,8 md</p>', '<div><div>null</div></div>', 0, 0, '10', '0', 0, '2025-11-25 11:34:17'),
('940639', 3, 6, 26, 94, 3, 9, 'B', 'D', 'C', 'A', 'E', '', 'O:8:\"stdClass\":4:{s:4:\"type\";s:1:\"2\";s:5:\"model\";s:1:\"1\";s:5:\"links\";a:3:{i:0;N;i:1;a:1:{i:0;s:1:\"B\";}i:2;a:1:{i:0;s:1:\"A\";}}s:7:\"jawaban\";a:3:{i:0;a:3:{i:0;s:1:\"#\";i:1;s:219:\"<p>kesalahan sistematis dalam proses pengumpulan, pencatatan, atau penanganan informasi yang menyebabkan data tidak akurat atau terdistorsi, seperti bias pengukuran, bias ingatan, bias pengamat, atau bias pelaporan.</p>\";i:2;s:164:\"<p>asal mula informasi atau fakta mentah yang telah diubah ke dalam format biner atau elektronik yang dapat dibaca, diproses, dan disimpan oleh mesin (komputer)</p>\";}i:1;a:3:{i:0;s:39:\"<p>Pengertian Sumber Data Digital?</p>\n\";i:1;s:1:\"0\";i:2;s:1:\"1\";}i:2;a:3:{i:0;s:41:\"<p>Pengertian Bias Informasi?</p><p></p>\n\";i:1;s:1:\"1\";i:2;s:1:\"0\";}}}', 'a:3:{s:5:\"model\";s:1:\"1\";s:4:\"type\";s:1:\"2\";s:7:\"jawaban\";a:3:{i:0;a:3:{i:0;s:9:\"<p>#</p>\n\";i:1;s:219:\"<p>kesalahan sistematis dalam proses pengumpulan, pencatatan, atau penanganan informasi yang menyebabkan data tidak akurat atau terdistorsi, seperti bias pengukuran, bias ingatan, bias pengamat, atau bias pelaporan.</p>\";i:2;s:164:\"<p>asal mula informasi atau fakta mentah yang telah diubah ke dalam format biner atau elektronik yang dapat dibaca, diproses, dan disimpan oleh mesin (komputer)</p>\";}i:1;a:3:{i:0;s:39:\"<p>Pengertian Sumber Data Digital?</p>\n\";i:1;s:1:\"0\";i:2;s:1:\"1\";}i:2;a:3:{i:0;s:41:\"<p>Pengertian Bias Informasi?</p><p></p>\n\";i:1;s:1:\"1\";i:2;s:1:\"0\";}}}', 0, 0, '10', '0', 0, '2025-11-25 12:05:23'),
('950631', 3, 6, 28, 95, 5, 1, 'B', 'A', 'C', 'E', 'D', '', '<p>WT= 15,8mili detik A.WT= 15,8 TAT= 22,2mili detik A.TAT= 22,mili detik</p>', '<div><div><div>null</div></div></div>', 0, 0, '10', '0', 0, '2025-11-25 11:28:01'),
('9506310', 3, 6, 29, 95, 5, 10, 'B', 'A', 'C', 'E', 'D', '', '<p>WT= 19,5mili detik&nbsp; A.WT=19,5mili detik&nbsp; TAT= 24,83mili detik&nbsp; A.TAT=24,83mili detik</p>', '<div><div>null</div></div>', 0, 0, '10', '0', 0, '2025-11-25 11:56:29'),
('950632', 3, 6, 33, 95, 1, 2, 'B', 'A', 'C', 'E', 'D', 'C', 'C', 'd', 0, 0, '10', '0', 0, '2025-11-25 11:30:43'),
('950633', 3, 6, 23, 95, 1, 3, 'E', 'A', 'C', 'D', 'B', 'A', 'B', 'b', 0, 0, '10', '0', 0, '2025-11-25 11:30:52'),
('950634', 3, 6, 25, 95, 1, 4, 'B', 'D', 'E', 'C', 'A', 'E', 'C', 'c', 0, 0, '10', '0', 0, '2025-11-25 11:31:26'),
('950635', 3, 6, 26, 95, 3, 5, 'B', 'A', 'C', 'E', 'D', '', 'O:8:\"stdClass\":4:{s:4:\"type\";s:1:\"2\";s:5:\"model\";s:1:\"1\";s:5:\"links\";a:3:{i:0;N;i:1;a:1:{i:0;s:1:\"A\";}i:2;a:1:{i:0;s:1:\"B\";}}s:7:\"jawaban\";a:3:{i:0;a:3:{i:0;s:1:\"#\";i:1;s:219:\"<p>kesalahan sistematis dalam proses pengumpulan, pencatatan, atau penanganan informasi yang menyebabkan data tidak akurat atau terdistorsi, seperti bias pengukuran, bias ingatan, bias pengamat, atau bias pelaporan.</p>\";i:2;s:164:\"<p>asal mula informasi atau fakta mentah yang telah diubah ke dalam format biner atau elektronik yang dapat dibaca, diproses, dan disimpan oleh mesin (komputer)</p>\";}i:1;a:3:{i:0;s:39:\"<p>Pengertian Sumber Data Digital?</p>\n\";i:1;s:1:\"1\";i:2;s:1:\"0\";}i:2;a:3:{i:0;s:41:\"<p>Pengertian Bias Informasi?</p><p></p>\n\";i:1;s:1:\"0\";i:2;s:1:\"1\";}}}', 'a:3:{s:5:\"model\";s:1:\"1\";s:4:\"type\";s:1:\"2\";s:7:\"jawaban\";a:3:{i:0;a:3:{i:0;s:9:\"<p>#</p>\n\";i:1;s:219:\"<p>kesalahan sistematis dalam proses pengumpulan, pencatatan, atau penanganan informasi yang menyebabkan data tidak akurat atau terdistorsi, seperti bias pengukuran, bias ingatan, bias pengamat, atau bias pelaporan.</p>\";i:2;s:164:\"<p>asal mula informasi atau fakta mentah yang telah diubah ke dalam format biner atau elektronik yang dapat dibaca, diproses, dan disimpan oleh mesin (komputer)</p>\";}i:1;a:3:{i:0;s:39:\"<p>Pengertian Sumber Data Digital?</p>\n\";i:1;s:1:\"0\";i:2;s:1:\"1\";}i:2;a:3:{i:0;s:41:\"<p>Pengertian Bias Informasi?</p><p></p>\n\";i:1;s:1:\"1\";i:2;s:1:\"0\";}}}', 0, 0, '10', '0', 0, '2025-11-25 11:31:56'),
('950636', 3, 6, 27, 95, 3, 6, 'B', 'A', 'C', 'E', 'D', '', 'O:8:\"stdClass\":4:{s:4:\"type\";s:1:\"2\";s:5:\"model\";s:1:\"1\";s:5:\"links\";a:3:{i:0;N;i:1;a:1:{i:0;s:1:\"B\";}i:2;a:1:{i:0;s:1:\"A\";}}s:7:\"jawaban\";a:3:{i:0;a:3:{i:0;s:1:\"#\";i:1;s:81:\"<p>wadah yang menyediakan data data valid, untuk memastikan kebenaran berita.</p>\";i:2;s:169:\"<p>mengonfirmasi kebenaran dan keaslian atas informasi atau idetitas seseorang dalam bentuk digital. Dan untuk memastikan bahwa data yang disajikan valid dan akurat.</p>\";}i:1;a:3:{i:0;s:27:\"<p>Verifikasi Digital?</p>\n\";i:1;s:1:\"0\";i:2;s:1:\"1\";}i:2;a:3:{i:0;s:38:\"<p>Platform Periksa Fakta?</p><p></p>\n\";i:1;s:1:\"1\";i:2;s:1:\"0\";}}}', 'a:3:{s:5:\"model\";s:1:\"1\";s:4:\"type\";s:1:\"2\";s:7:\"jawaban\";a:3:{i:0;a:3:{i:0;s:9:\"<p>#</p>\n\";i:1;s:81:\"<p>wadah yang menyediakan data data valid, untuk memastikan kebenaran berita.</p>\";i:2;s:169:\"<p>mengonfirmasi kebenaran dan keaslian atas informasi atau idetitas seseorang dalam bentuk digital. Dan untuk memastikan bahwa data yang disajikan valid dan akurat.</p>\";}i:1;a:3:{i:0;s:27:\"<p>Verifikasi Digital?</p>\n\";i:1;s:1:\"0\";i:2;s:1:\"1\";}i:2;a:3:{i:0;s:38:\"<p>Platform Periksa Fakta?</p><p></p>\n\";i:1;s:1:\"1\";i:2;s:1:\"0\";}}}', 0, 0, '10', '0', 0, '2025-11-25 11:32:09'),
('950637', 3, 6, 24, 95, 1, 7, 'E', 'D', 'C', 'B', 'A', 'A', 'E', 'e', 0, 0, '10', '0', 0, '2025-11-25 11:32:45'),
('950638', 3, 6, 32, 95, 1, 8, 'A', 'B', 'D', 'C', 'E', 'D', 'C', 'c', 0, 0, '10', '0', 0, '2025-11-25 11:34:28'),
('950639', 3, 6, 30, 95, 5, 9, 'B', 'A', 'C', 'E', 'D', '', '<p>WT=13mili detik A.WT=13mili detik&nbsp; TAT=20,25mili detik&nbsp; A.TAT= 20,25mili detik</p>', '<div><div>null</div></div>', 0, 1, '10', '0', 0, '2025-11-25 11:43:08'),
('960631', 3, 6, 27, 96, 3, 1, 'A', 'C', 'D', 'B', 'E', '', 'O:8:\"stdClass\":4:{s:4:\"type\";s:1:\"2\";s:5:\"model\";s:1:\"1\";s:5:\"links\";a:3:{i:0;N;i:1;a:1:{i:0;s:1:\"B\";}i:2;a:1:{i:0;s:1:\"A\";}}s:7:\"jawaban\";a:3:{i:0;a:3:{i:0;s:1:\"#\";i:1;s:81:\"<p>wadah yang menyediakan data data valid, untuk memastikan kebenaran berita.</p>\";i:2;s:169:\"<p>mengonfirmasi kebenaran dan keaslian atas informasi atau idetitas seseorang dalam bentuk digital. Dan untuk memastikan bahwa data yang disajikan valid dan akurat.</p>\";}i:1;a:3:{i:0;s:27:\"<p>Verifikasi Digital?</p>\n\";i:1;s:1:\"0\";i:2;s:1:\"1\";}i:2;a:3:{i:0;s:38:\"<p>Platform Periksa Fakta?</p><p></p>\n\";i:1;s:1:\"1\";i:2;s:1:\"0\";}}}', 'a:3:{s:5:\"model\";s:1:\"1\";s:4:\"type\";s:1:\"2\";s:7:\"jawaban\";a:3:{i:0;a:3:{i:0;s:9:\"<p>#</p>\n\";i:1;s:81:\"<p>wadah yang menyediakan data data valid, untuk memastikan kebenaran berita.</p>\";i:2;s:169:\"<p>mengonfirmasi kebenaran dan keaslian atas informasi atau idetitas seseorang dalam bentuk digital. Dan untuk memastikan bahwa data yang disajikan valid dan akurat.</p>\";}i:1;a:3:{i:0;s:27:\"<p>Verifikasi Digital?</p>\n\";i:1;s:1:\"0\";i:2;s:1:\"1\";}i:2;a:3:{i:0;s:38:\"<p>Platform Periksa Fakta?</p><p></p>\n\";i:1;s:1:\"1\";i:2;s:1:\"0\";}}}', 0, 0, '10', '0', 0, '2025-11-25 11:16:52'),
('9606310', 3, 6, 28, 96, 5, 10, 'A', 'C', 'D', 'B', 'E', '', '<p>WT = 103mm, AWT = 20,6mm, TAT = 135mm, ATAT = 27mm.</p>', '<div><div><div>null</div></div></div>', 0, 0, '10', '0', 0, '2025-11-25 12:10:02'),
('960632', 3, 6, 23, 96, 1, 2, 'D', 'E', 'C', 'B', 'A', 'E', 'B', 'b', 0, 0, '10', '0', 0, '2025-11-25 11:17:46'),
('960633', 3, 6, 26, 96, 3, 3, 'A', 'C', 'D', 'B', 'E', '', 'O:8:\"stdClass\":4:{s:4:\"type\";s:1:\"2\";s:5:\"model\";s:1:\"1\";s:5:\"links\";a:3:{i:0;N;i:1;a:1:{i:0;s:1:\"B\";}i:2;a:1:{i:0;s:1:\"A\";}}s:7:\"jawaban\";a:3:{i:0;a:3:{i:0;s:1:\"#\";i:1;s:219:\"<p>kesalahan sistematis dalam proses pengumpulan, pencatatan, atau penanganan informasi yang menyebabkan data tidak akurat atau terdistorsi, seperti bias pengukuran, bias ingatan, bias pengamat, atau bias pelaporan.</p>\";i:2;s:164:\"<p>asal mula informasi atau fakta mentah yang telah diubah ke dalam format biner atau elektronik yang dapat dibaca, diproses, dan disimpan oleh mesin (komputer)</p>\";}i:1;a:3:{i:0;s:39:\"<p>Pengertian Sumber Data Digital?</p>\n\";i:1;s:1:\"0\";i:2;s:1:\"1\";}i:2;a:3:{i:0;s:41:\"<p>Pengertian Bias Informasi?</p><p></p>\n\";i:1;s:1:\"1\";i:2;s:1:\"0\";}}}', 'a:3:{s:5:\"model\";s:1:\"1\";s:4:\"type\";s:1:\"2\";s:7:\"jawaban\";a:3:{i:0;a:3:{i:0;s:9:\"<p>#</p>\n\";i:1;s:219:\"<p>kesalahan sistematis dalam proses pengumpulan, pencatatan, atau penanganan informasi yang menyebabkan data tidak akurat atau terdistorsi, seperti bias pengukuran, bias ingatan, bias pengamat, atau bias pelaporan.</p>\";i:2;s:164:\"<p>asal mula informasi atau fakta mentah yang telah diubah ke dalam format biner atau elektronik yang dapat dibaca, diproses, dan disimpan oleh mesin (komputer)</p>\";}i:1;a:3:{i:0;s:39:\"<p>Pengertian Sumber Data Digital?</p>\n\";i:1;s:1:\"0\";i:2;s:1:\"1\";}i:2;a:3:{i:0;s:41:\"<p>Pengertian Bias Informasi?</p><p></p>\n\";i:1;s:1:\"1\";i:2;s:1:\"0\";}}}', 0, 0, '10', '0', 0, '2025-11-25 11:18:49'),
('960634', 3, 6, 25, 96, 1, 4, 'D', 'A', 'E', 'C', 'B', 'E', 'C', 'c', 0, 0, '10', '0', 0, '2025-11-25 12:10:49'),
('960635', 3, 6, 24, 96, 1, 5, 'A', 'D', 'B', 'C', 'E', 'B', 'C', 'e', 0, 0, '10', '0', 0, '2025-11-25 11:20:28'),
('960636', 3, 6, 32, 96, 1, 6, 'E', 'C', 'A', 'B', 'D', 'A', 'C', 'c', 0, 0, '10', '0', 0, '2025-11-25 11:23:47'),
('960637', 3, 6, 33, 96, 1, 7, 'A', 'C', 'D', 'B', 'E', 'C', 'B', 'd', 0, 0, '10', '0', 0, '2025-11-25 11:28:19'),
('960638', 3, 6, 29, 96, 5, 8, 'A', 'C', 'D', 'B', 'E', '', '<p>WT =145 mili detik....AWT = 24,1 mili detik.....TAT = 177 mili detik.....ATAT = 29,5 mili detik</p>', '<div><div>null</div></div>', 0, 0, '10', '0', 0, '2025-11-25 11:49:53'),
('960639', 3, 6, 30, 96, 5, 9, 'A', 'C', 'D', 'B', 'E', '', '<p>WT= 68mm, AWT = 17mm, TAT = 95mm, ATAT= 23,7mm</p>', '<div><div>null</div></div>', 0, 1, '10', '0', 0, '2025-11-25 12:00:27'),
('970631', 3, 6, 23, 97, 1, 1, 'B', 'E', 'C', 'A', 'D', 'E', 'B', 'b', 0, 0, '10', '0', 0, '2025-11-25 11:17:00'),
('9706310', 3, 6, 29, 97, 5, 10, 'B', 'C', 'D', 'E', 'A', '', '<p>WT= 118md AWT=19,6md TAT= 35,3md ATAT= 212md</p>', '<div><div>null</div></div>', 0, 0, '10', '0', 0, '2025-11-25 11:35:50'),
('970632', 3, 6, 32, 97, 1, 2, 'C', 'E', 'A', 'D', 'B', 'A', 'C', 'c', 0, 0, '10', '0', 0, '2025-11-25 12:04:02'),
('970633', 3, 6, 30, 97, 5, 3, 'B', 'C', 'D', 'E', 'A', '', '<p>WT= 54md AWT= 13,5md TAT= 30md ATAT= 120md</p>', '<div><div>null</div></div>', 0, 1, '10', '0', 0, '2025-11-25 11:59:37'),
('970634', 3, 6, 24, 97, 1, 4, 'B', 'A', 'E', 'C', 'D', 'A', 'B', 'e', 0, 0, '10', '0', 0, '2025-11-25 11:37:35'),
('970635', 3, 6, 28, 97, 5, 5, 'B', 'C', 'D', 'E', 'A', '', '<p>WT= 79md AWT= 15,8md TAT=32md ATAT= 160md</p>', '<div><div><div>null</div></div></div>', 0, 0, '10', '0', 0, '2025-11-25 11:50:01'),
('970636', 3, 6, 33, 97, 1, 6, 'B', 'C', 'D', 'E', 'A', 'B', 'A', 'd', 0, 0, '10', '0', 0, '2025-11-25 12:03:07'),
('970637', 3, 6, 27, 97, 3, 7, 'B', 'C', 'D', 'E', 'A', '', 'O:8:\"stdClass\":4:{s:4:\"type\";s:1:\"2\";s:5:\"model\";s:1:\"1\";s:5:\"links\";a:3:{i:0;N;i:1;a:1:{i:0;s:1:\"B\";}i:2;a:1:{i:0;s:1:\"A\";}}s:7:\"jawaban\";a:3:{i:0;a:3:{i:0;s:1:\"#\";i:1;s:81:\"<p>wadah yang menyediakan data data valid, untuk memastikan kebenaran berita.</p>\";i:2;s:169:\"<p>mengonfirmasi kebenaran dan keaslian atas informasi atau idetitas seseorang dalam bentuk digital. Dan untuk memastikan bahwa data yang disajikan valid dan akurat.</p>\";}i:1;a:3:{i:0;s:27:\"<p>Verifikasi Digital?</p>\n\";i:1;s:1:\"0\";i:2;s:1:\"1\";}i:2;a:3:{i:0;s:38:\"<p>Platform Periksa Fakta?</p><p></p>\n\";i:1;s:1:\"1\";i:2;s:1:\"0\";}}}', 'a:3:{s:5:\"model\";s:1:\"1\";s:4:\"type\";s:1:\"2\";s:7:\"jawaban\";a:3:{i:0;a:3:{i:0;s:9:\"<p>#</p>\n\";i:1;s:81:\"<p>wadah yang menyediakan data data valid, untuk memastikan kebenaran berita.</p>\";i:2;s:169:\"<p>mengonfirmasi kebenaran dan keaslian atas informasi atau idetitas seseorang dalam bentuk digital. Dan untuk memastikan bahwa data yang disajikan valid dan akurat.</p>\";}i:1;a:3:{i:0;s:27:\"<p>Verifikasi Digital?</p>\n\";i:1;s:1:\"0\";i:2;s:1:\"1\";}i:2;a:3:{i:0;s:38:\"<p>Platform Periksa Fakta?</p><p></p>\n\";i:1;s:1:\"1\";i:2;s:1:\"0\";}}}', 0, 0, '10', '0', 0, '2025-11-25 11:38:22'),
('970638', 3, 6, 26, 97, 3, 8, 'B', 'C', 'D', 'E', 'A', '', 'O:8:\"stdClass\":4:{s:4:\"type\";s:1:\"2\";s:5:\"model\";s:1:\"1\";s:5:\"links\";a:3:{i:0;N;i:1;a:1:{i:0;s:1:\"B\";}i:2;a:1:{i:0;s:1:\"A\";}}s:7:\"jawaban\";a:3:{i:0;a:3:{i:0;s:1:\"#\";i:1;s:219:\"<p>kesalahan sistematis dalam proses pengumpulan, pencatatan, atau penanganan informasi yang menyebabkan data tidak akurat atau terdistorsi, seperti bias pengukuran, bias ingatan, bias pengamat, atau bias pelaporan.</p>\";i:2;s:164:\"<p>asal mula informasi atau fakta mentah yang telah diubah ke dalam format biner atau elektronik yang dapat dibaca, diproses, dan disimpan oleh mesin (komputer)</p>\";}i:1;a:3:{i:0;s:39:\"<p>Pengertian Sumber Data Digital?</p>\n\";i:1;s:1:\"0\";i:2;s:1:\"1\";}i:2;a:3:{i:0;s:41:\"<p>Pengertian Bias Informasi?</p><p></p>\n\";i:1;s:1:\"1\";i:2;s:1:\"0\";}}}', 'a:3:{s:5:\"model\";s:1:\"1\";s:4:\"type\";s:1:\"2\";s:7:\"jawaban\";a:3:{i:0;a:3:{i:0;s:9:\"<p>#</p>\n\";i:1;s:219:\"<p>kesalahan sistematis dalam proses pengumpulan, pencatatan, atau penanganan informasi yang menyebabkan data tidak akurat atau terdistorsi, seperti bias pengukuran, bias ingatan, bias pengamat, atau bias pelaporan.</p>\";i:2;s:164:\"<p>asal mula informasi atau fakta mentah yang telah diubah ke dalam format biner atau elektronik yang dapat dibaca, diproses, dan disimpan oleh mesin (komputer)</p>\";}i:1;a:3:{i:0;s:39:\"<p>Pengertian Sumber Data Digital?</p>\n\";i:1;s:1:\"0\";i:2;s:1:\"1\";}i:2;a:3:{i:0;s:41:\"<p>Pengertian Bias Informasi?</p><p></p>\n\";i:1;s:1:\"1\";i:2;s:1:\"0\";}}}', 0, 0, '10', '0', 0, '2025-11-25 11:38:41'),
('970639', 3, 6, 25, 97, 1, 9, 'E', 'A', 'B', 'C', 'D', 'B', 'C', 'c', 0, 0, '10', '0', 0, '2025-11-25 11:39:05'),
('980631', 3, 6, 23, 98, 1, 1, 'A', 'C', 'E', 'D', 'B', 'B', 'E', 'b', 0, 0, '10', '0', 0, '2025-11-25 11:15:37'),
('9806310', 3, 6, 27, 98, 3, 10, 'E', 'C', 'A', 'D', 'B', '', 'O:8:\"stdClass\":4:{s:4:\"type\";s:1:\"2\";s:5:\"model\";s:1:\"1\";s:5:\"links\";a:3:{i:0;N;i:1;a:1:{i:0;s:1:\"B\";}i:2;a:1:{i:0;s:1:\"A\";}}s:7:\"jawaban\";a:3:{i:0;a:3:{i:0;s:1:\"#\";i:1;s:81:\"<p>wadah yang menyediakan data data valid, untuk memastikan kebenaran berita.</p>\";i:2;s:169:\"<p>mengonfirmasi kebenaran dan keaslian atas informasi atau idetitas seseorang dalam bentuk digital. Dan untuk memastikan bahwa data yang disajikan valid dan akurat.</p>\";}i:1;a:3:{i:0;s:27:\"<p>Verifikasi Digital?</p>\n\";i:1;s:1:\"0\";i:2;s:1:\"1\";}i:2;a:3:{i:0;s:38:\"<p>Platform Periksa Fakta?</p><p></p>\n\";i:1;s:1:\"1\";i:2;s:1:\"0\";}}}', 'a:3:{s:5:\"model\";s:1:\"1\";s:4:\"type\";s:1:\"2\";s:7:\"jawaban\";a:3:{i:0;a:3:{i:0;s:9:\"<p>#</p>\n\";i:1;s:81:\"<p>wadah yang menyediakan data data valid, untuk memastikan kebenaran berita.</p>\";i:2;s:169:\"<p>mengonfirmasi kebenaran dan keaslian atas informasi atau idetitas seseorang dalam bentuk digital. Dan untuk memastikan bahwa data yang disajikan valid dan akurat.</p>\";}i:1;a:3:{i:0;s:27:\"<p>Verifikasi Digital?</p>\n\";i:1;s:1:\"0\";i:2;s:1:\"1\";}i:2;a:3:{i:0;s:38:\"<p>Platform Periksa Fakta?</p><p></p>\n\";i:1;s:1:\"1\";i:2;s:1:\"0\";}}}', 0, 0, '10', '0', 0, '2025-11-25 12:07:15'),
('980632', 3, 6, 26, 98, 3, 2, 'E', 'C', 'A', 'D', 'B', '', 'O:8:\"stdClass\":4:{s:4:\"type\";s:1:\"2\";s:5:\"model\";s:1:\"1\";s:5:\"links\";a:3:{i:0;N;i:1;a:1:{i:0;s:1:\"B\";}i:2;a:1:{i:0;s:1:\"A\";}}s:7:\"jawaban\";a:3:{i:0;a:3:{i:0;s:1:\"#\";i:1;s:219:\"<p>kesalahan sistematis dalam proses pengumpulan, pencatatan, atau penanganan informasi yang menyebabkan data tidak akurat atau terdistorsi, seperti bias pengukuran, bias ingatan, bias pengamat, atau bias pelaporan.</p>\";i:2;s:164:\"<p>asal mula informasi atau fakta mentah yang telah diubah ke dalam format biner atau elektronik yang dapat dibaca, diproses, dan disimpan oleh mesin (komputer)</p>\";}i:1;a:3:{i:0;s:39:\"<p>Pengertian Sumber Data Digital?</p>\n\";i:1;s:1:\"0\";i:2;s:1:\"1\";}i:2;a:3:{i:0;s:41:\"<p>Pengertian Bias Informasi?</p><p></p>\n\";i:1;s:1:\"1\";i:2;s:1:\"0\";}}}', 'a:3:{s:5:\"model\";s:1:\"1\";s:4:\"type\";s:1:\"2\";s:7:\"jawaban\";a:3:{i:0;a:3:{i:0;s:9:\"<p>#</p>\n\";i:1;s:219:\"<p>kesalahan sistematis dalam proses pengumpulan, pencatatan, atau penanganan informasi yang menyebabkan data tidak akurat atau terdistorsi, seperti bias pengukuran, bias ingatan, bias pengamat, atau bias pelaporan.</p>\";i:2;s:164:\"<p>asal mula informasi atau fakta mentah yang telah diubah ke dalam format biner atau elektronik yang dapat dibaca, diproses, dan disimpan oleh mesin (komputer)</p>\";}i:1;a:3:{i:0;s:39:\"<p>Pengertian Sumber Data Digital?</p>\n\";i:1;s:1:\"0\";i:2;s:1:\"1\";}i:2;a:3:{i:0;s:41:\"<p>Pengertian Bias Informasi?</p><p></p>\n\";i:1;s:1:\"1\";i:2;s:1:\"0\";}}}', 0, 0, '10', '0', 0, '2025-11-25 11:16:28'),
('980633', 3, 6, 30, 98, 5, 3, 'E', 'C', 'A', 'D', 'B', '', '<p>WT = 55mili detik ... AWT = 13.75mili detik ... TAT = 82mili detik ... ATAT = 20.5mili detik</p>', '<div><div>null</div></div>', 0, 1, '10', '0', 0, '2025-11-25 11:33:25'),
('980634', 3, 6, 25, 98, 1, 4, 'C', 'D', 'A', 'E', 'B', 'A', 'C', 'c', 0, 0, '10', '0', 0, '2025-11-25 11:33:42'),
('980635', 3, 6, 32, 98, 1, 5, 'D', 'E', 'B', 'C', 'A', 'E', 'B', 'c', 0, 0, '10', '0', 0, '2025-11-25 11:38:07'),
('980636', 3, 6, 24, 98, 1, 6, 'E', 'B', 'C', 'A', 'D', 'D', 'E', 'e', 0, 0, '10', '0', 0, '2025-11-25 11:39:15'),
('980637', 3, 6, 28, 98, 5, 7, 'E', 'C', 'A', 'D', 'B', '', '<p>WT = 79mili detik ... AWT = 15.8mili detik ... TAT = 111 mili detik ... ATAT = 22.2 mili detik</p>', '<div><div><div>null</div></div></div>', 0, 0, '10', '0', 0, '2025-11-25 11:48:32'),
('980638', 3, 6, 33, 98, 1, 8, 'E', 'C', 'A', 'D', 'B', 'B', 'E', 'd', 0, 0, '10', '0', 0, '2025-11-25 11:57:07');
INSERT INTO `cbt_soal_siswa` (`id_soal_siswa`, `id_bank`, `id_jadwal`, `id_soal`, `id_siswa`, `jenis_soal`, `no_soal_alias`, `opsi_alias_a`, `opsi_alias_b`, `opsi_alias_c`, `opsi_alias_d`, `opsi_alias_e`, `jawaban_alias`, `jawaban_siswa`, `jawaban_benar`, `point_essai`, `soal_end`, `point_soal`, `nilai_koreksi`, `nilai_otomatis`, `time_create`) VALUES
('980639', 3, 6, 29, 98, 5, 9, 'E', 'C', 'A', 'D', 'B', '', '<p>WT = 111 mili detik ... AWT = 18.5 mili detik ... TAT = 143 mili detik ... ATAT = 23.83 mili detik</p>', '<div><div>null</div></div>', 0, 0, '10', '0', 0, '2025-11-25 12:06:45');

-- --------------------------------------------------------

--
-- Table structure for table `cbt_token`
--

CREATE TABLE `cbt_token` (
  `token` varchar(6) NOT NULL,
  `auto` int(11) NOT NULL,
  `id_token` int(11) NOT NULL,
  `jarak` int(11) NOT NULL DEFAULT 0,
  `updated` varchar(20) DEFAULT ''
) ENGINE=InnoDB DEFAULT CHARSET=utf8mb4 COLLATE=utf8mb4_general_ci ROW_FORMAT=DYNAMIC;

--
-- Dumping data for table `cbt_token`
--

INSERT INTO `cbt_token` (`token`, `auto`, `id_token`, `jarak`, `updated`) VALUES
('TWXEJL', 0, 1, 0, '2025-11-23 11:06:20');

-- --------------------------------------------------------

--
-- Table structure for table `groups`
--

CREATE TABLE `groups` (
  `id` mediumint(8) UNSIGNED NOT NULL,
  `name` varchar(20) NOT NULL,
  `description` varchar(100) NOT NULL
) ENGINE=InnoDB DEFAULT CHARSET=utf8mb4 COLLATE=utf8mb4_general_ci ROW_FORMAT=DYNAMIC;

--
-- Dumping data for table `groups`
--

INSERT INTO `groups` (`id`, `name`, `description`) VALUES
(1, 'admin', 'Administrator'),
(2, 'guru', 'Pembuat Soal dan ujian'),
(3, 'siswa', 'Peserta Ujian');

-- --------------------------------------------------------

--
-- Table structure for table `hari`
--

CREATE TABLE `hari` (
  `id_hri` int(11) NOT NULL,
  `nama_hri` varchar(50) NOT NULL
) ENGINE=MyISAM DEFAULT CHARSET=utf8mb4 COLLATE=utf8mb4_general_ci ROW_FORMAT=DYNAMIC;

--
-- Dumping data for table `hari`
--

INSERT INTO `hari` (`id_hri`, `nama_hri`) VALUES
(1, 'Senin'),
(2, 'Selasa'),
(3, 'Rabu'),
(4, 'Kamis'),
(5, 'Jum\'at'),
(6, 'Sabtu'),
(7, 'Minggu');

-- --------------------------------------------------------

--
-- Table structure for table `jabatan_guru`
--

CREATE TABLE `jabatan_guru` (
  `id_jabatan_guru` varchar(50) NOT NULL,
  `id_guru` int(11) DEFAULT NULL,
  `id_jabatan` int(11) NOT NULL,
  `id_kelas` int(11) DEFAULT 0,
  `mapel_kelas` longtext DEFAULT NULL,
  `ekstra_kelas` longtext DEFAULT NULL,
  `id_tp` int(11) NOT NULL,
  `id_smt` int(11) NOT NULL
) ENGINE=InnoDB DEFAULT CHARSET=utf8mb4 COLLATE=utf8mb4_general_ci ROW_FORMAT=DYNAMIC;

--
-- Dumping data for table `jabatan_guru`
--

INSERT INTO `jabatan_guru` (`id_jabatan_guru`, `id_guru`, `id_jabatan`, `id_kelas`, `mapel_kelas`, `ekstra_kelas`, `id_tp`, `id_smt`) VALUES
('151', 1, 4, 1, 'a:1:{i:0;a:3:{s:8:\"id_mapel\";s:2:\"32\";s:10:\"nama_mapel\";s:11:\"Informatika\";s:11:\"kelas_mapel\";a:8:{i:0;a:1:{s:5:\"kelas\";s:1:\"7\";}i:1;a:1:{s:5:\"kelas\";s:1:\"5\";}i:2;a:1:{s:5:\"kelas\";s:1:\"6\";}i:3;a:1:{s:5:\"kelas\";s:1:\"1\";}i:4;a:1:{s:5:\"kelas\";s:1:\"4\";}i:5;a:1:{s:5:\"kelas\";s:1:\"3\";}i:6;a:1:{s:5:\"kelas\";s:1:\"2\";}i:7;a:1:{s:5:\"kelas\";N;}}}}', 'a:1:{i:0;a:3:{s:9:\"id_ekstra\";s:1:\"1\";s:11:\"nama_ekstra\";s:7:\"Pramuka\";s:12:\"kelas_ekstra\";a:2:{i:0;a:1:{s:5:\"kelas\";s:1:\"1\";}i:1;a:1:{s:5:\"kelas\";N;}}}}', 5, 1);

-- --------------------------------------------------------

--
-- Table structure for table `kelas_catatan_mapel`
--

CREATE TABLE `kelas_catatan_mapel` (
  `id_catatan` int(11) NOT NULL,
  `id_tp` int(11) NOT NULL,
  `id_smt` int(11) NOT NULL,
  `type` int(11) NOT NULL,
  `id_siswa` int(11) DEFAULT NULL,
  `id_mapel` int(11) DEFAULT NULL,
  `id_kelas` int(11) DEFAULT NULL,
  `id_guru` int(11) DEFAULT NULL,
  `level` varchar(1) NOT NULL DEFAULT '0',
  `tgl` datetime NOT NULL DEFAULT current_timestamp(),
  `text` mediumtext NOT NULL,
  `readed` varchar(22) NOT NULL DEFAULT '0',
  `reading` longtext DEFAULT NULL COMMENT 'array id_siswa yang membaca',
  `jml` int(11) NOT NULL DEFAULT 0
) ENGINE=InnoDB DEFAULT CHARSET=utf8mb4 COLLATE=utf8mb4_general_ci ROW_FORMAT=DYNAMIC;

-- --------------------------------------------------------

--
-- Table structure for table `kelas_catatan_wali`
--

CREATE TABLE `kelas_catatan_wali` (
  `id_catatan` int(11) NOT NULL,
  `id_tp` int(11) NOT NULL,
  `id_smt` int(11) NOT NULL,
  `type` int(11) NOT NULL COMMENT '1=semua siswa, 2=per siswa',
  `level` varchar(1) NOT NULL COMMENT '1=saran, 2=teguran, 3=peringatan, 4=sangsi',
  `tgl` datetime NOT NULL DEFAULT current_timestamp() ON UPDATE current_timestamp(),
  `id_siswa` int(11) DEFAULT NULL,
  `id_kelas` int(11) DEFAULT NULL,
  `text` mediumtext NOT NULL,
  `readed` varchar(22) NOT NULL DEFAULT '0',
  `reading` longtext DEFAULT NULL,
  `jml` int(11) NOT NULL DEFAULT 0
) ENGINE=InnoDB DEFAULT CHARSET=utf8mb4 COLLATE=utf8mb4_general_ci ROW_FORMAT=DYNAMIC;

-- --------------------------------------------------------

--
-- Table structure for table `kelas_ekstra`
--

CREATE TABLE `kelas_ekstra` (
  `id_kelas_ekstra` varchar(50) NOT NULL,
  `id_tp` int(11) NOT NULL,
  `id_smt` int(11) NOT NULL,
  `id_kelas` int(11) DEFAULT NULL,
  `ekstra` longtext NOT NULL
) ENGINE=InnoDB DEFAULT CHARSET=utf8mb4 COLLATE=utf8mb4_general_ci ROW_FORMAT=DYNAMIC;

-- --------------------------------------------------------

--
-- Table structure for table `kelas_jadwal_kbm`
--

CREATE TABLE `kelas_jadwal_kbm` (
  `id_kbm` int(11) NOT NULL,
  `id_tp` int(11) NOT NULL,
  `id_smt` int(11) NOT NULL,
  `id_kelas` int(11) DEFAULT NULL,
  `kbm_jam_pel` int(11) NOT NULL,
  `kbm_jam_mulai` varchar(5) NOT NULL,
  `kbm_jml_mapel_hari` int(11) NOT NULL,
  `istirahat` mediumtext NOT NULL
) ENGINE=InnoDB DEFAULT CHARSET=utf8mb4 COLLATE=utf8mb4_general_ci ROW_FORMAT=DYNAMIC;

-- --------------------------------------------------------

--
-- Table structure for table `kelas_jadwal_mapel`
--

CREATE TABLE `kelas_jadwal_mapel` (
  `id_jadwal` int(11) NOT NULL,
  `id_tp` int(11) NOT NULL,
  `id_smt` int(11) NOT NULL,
  `id_kelas` int(11) DEFAULT NULL,
  `id_hari` int(11) NOT NULL,
  `jam_ke` int(11) NOT NULL,
  `id_mapel` int(11) DEFAULT NULL
) ENGINE=InnoDB DEFAULT CHARSET=utf8mb4 COLLATE=utf8mb4_general_ci ROW_FORMAT=DYNAMIC;

-- --------------------------------------------------------

--
-- Table structure for table `kelas_jadwal_materi`
--

CREATE TABLE `kelas_jadwal_materi` (
  `id_kjm` varchar(50) NOT NULL,
  `id_tp` int(11) NOT NULL,
  `id_smt` int(11) NOT NULL,
  `id_materi` int(11) DEFAULT NULL,
  `id_mapel` int(11) DEFAULT NULL,
  `id_kelas` int(11) DEFAULT NULL,
  `jadwal_materi` varchar(20) NOT NULL,
  `jenis` int(11) DEFAULT NULL COMMENT '1=materi, 2=tugas'
) ENGINE=InnoDB DEFAULT CHARSET=utf8mb4 COLLATE=utf8mb4_general_ci ROW_FORMAT=DYNAMIC;

-- --------------------------------------------------------

--
-- Table structure for table `kelas_materi`
--

CREATE TABLE `kelas_materi` (
  `id_materi` int(11) NOT NULL,
  `id_tp` int(11) NOT NULL DEFAULT 1,
  `id_smt` int(11) NOT NULL DEFAULT 1,
  `kode_materi` mediumtext NOT NULL,
  `id_guru` int(11) DEFAULT NULL,
  `materi_kelas` mediumtext NOT NULL,
  `id_mapel` int(11) DEFAULT 0,
  `kode_mapel` varchar(300) DEFAULT NULL,
  `judul_materi` mediumtext NOT NULL,
  `isi_materi` longtext NOT NULL,
  `file` longtext DEFAULT NULL,
  `link_file` varchar(255) DEFAULT NULL,
  `tgl_mulai` datetime DEFAULT NULL,
  `created_on` datetime DEFAULT NULL,
  `updated_on` datetime DEFAULT current_timestamp(),
  `status` int(11) DEFAULT NULL,
  `youtube` varchar(255) NOT NULL,
  `jenis` int(11) NOT NULL DEFAULT 1 COMMENT '1=materi, 2=tugas'
) ENGINE=InnoDB DEFAULT CHARSET=utf8mb4 COLLATE=utf8mb4_general_ci ROW_FORMAT=DYNAMIC;

-- --------------------------------------------------------

--
-- Table structure for table `kelas_siswa`
--

CREATE TABLE `kelas_siswa` (
  `id_kelas_siswa` int(11) NOT NULL,
  `id_tp` int(11) NOT NULL,
  `id_smt` int(11) NOT NULL,
  `id_siswa` int(11) DEFAULT NULL,
  `id_kelas` int(11) DEFAULT NULL
) ENGINE=InnoDB DEFAULT CHARSET=utf8mb4 COLLATE=utf8mb4_general_ci ROW_FORMAT=DYNAMIC;

--
-- Dumping data for table `kelas_siswa`
--

INSERT INTO `kelas_siswa` (`id_kelas_siswa`, `id_tp`, `id_smt`, `id_siswa`, `id_kelas`) VALUES
(515, 5, 1, 5, 1),
(516, 5, 1, 6, 1),
(517, 5, 1, 7, 1),
(518, 5, 1, 8, 1),
(519, 5, 1, 9, 1),
(5110, 5, 1, 10, 1),
(5111, 5, 1, 11, 1),
(5112, 5, 1, 12, 1),
(5113, 5, 1, 13, 1),
(5114, 5, 1, 14, 1),
(5115, 5, 1, 15, 1),
(5116, 5, 1, 16, 1),
(5117, 5, 1, 17, 1),
(5118, 5, 1, 18, 1),
(5119, 5, 1, 19, 1),
(5120, 5, 1, 20, 1),
(5121, 5, 1, 21, 1),
(5122, 5, 1, 22, 1),
(5123, 5, 1, 23, 1),
(5124, 5, 1, 24, 1),
(5125, 5, 1, 25, 1),
(5126, 5, 1, 26, 2),
(5127, 5, 1, 27, 2),
(5128, 5, 1, 28, 2),
(5129, 5, 1, 29, 2),
(5130, 5, 1, 30, 2),
(5131, 5, 1, 31, 2),
(5132, 5, 1, 32, 2),
(5133, 5, 1, 33, 2),
(5134, 5, 1, 34, 2),
(5135, 5, 1, 35, 2),
(5136, 5, 1, 36, 2),
(5137, 5, 1, 37, 2),
(5138, 5, 1, 38, 2),
(5139, 5, 1, 39, 2),
(5140, 5, 1, 40, 3),
(5141, 5, 1, 41, 3),
(5142, 5, 1, 42, 3),
(5143, 5, 1, 43, 3),
(5144, 5, 1, 44, 3),
(5145, 5, 1, 45, 3),
(5146, 5, 1, 46, 3),
(5147, 5, 1, 47, 3),
(5148, 5, 1, 48, 3),
(5149, 5, 1, 49, 3),
(5150, 5, 1, 50, 4),
(5151, 5, 1, 51, 4),
(5152, 5, 1, 52, 4),
(5153, 5, 1, 53, 4),
(5154, 5, 1, 54, 4),
(5155, 5, 1, 55, 4),
(5156, 5, 1, 56, 4),
(5157, 5, 1, 57, 4),
(5158, 5, 1, 58, 4),
(5159, 5, 1, 59, 4),
(5160, 5, 1, 60, 4),
(5161, 5, 1, 61, 4),
(5162, 5, 1, 62, 4),
(5163, 5, 1, 63, 4),
(5164, 5, 1, 64, 4),
(5165, 5, 1, 65, 4),
(5166, 5, 1, 66, 5),
(5167, 5, 1, 67, 5),
(5168, 5, 1, 68, 5),
(5169, 5, 1, 69, 5),
(5170, 5, 1, 70, 5),
(5171, 5, 1, 71, 5),
(5172, 5, 1, 72, 5),
(5173, 5, 1, 73, 5),
(5174, 5, 1, 74, 5),
(5175, 5, 1, 75, 5),
(5176, 5, 1, 76, 5),
(5177, 5, 1, 77, 5),
(5178, 5, 1, 78, 5),
(5179, 5, 1, 79, 5),
(5180, 5, 1, 80, 5),
(5181, 5, 1, 81, 5),
(5182, 5, 1, 82, 6),
(5183, 5, 1, 83, 6),
(5184, 5, 1, 84, 6),
(5185, 5, 1, 85, 6),
(5186, 5, 1, 86, 6),
(5187, 5, 1, 87, 6),
(5188, 5, 1, 88, 6),
(5189, 5, 1, 89, 6),
(5190, 5, 1, 90, 6),
(5191, 5, 1, 91, 6),
(5192, 5, 1, 92, 7),
(5193, 5, 1, 93, 7),
(5194, 5, 1, 94, 7),
(5195, 5, 1, 95, 7),
(5196, 5, 1, 96, 7),
(5197, 5, 1, 97, 7),
(5198, 5, 1, 98, 7);

-- --------------------------------------------------------

--
-- Table structure for table `kelas_struktur`
--

CREATE TABLE `kelas_struktur` (
  `id_kelas` int(11) NOT NULL,
  `ketua` int(11) DEFAULT NULL,
  `wakil_ketua` int(11) DEFAULT NULL,
  `sekretaris_1` int(11) DEFAULT NULL,
  `sekretaris_2` int(11) DEFAULT NULL,
  `bendahara_1` int(11) DEFAULT NULL,
  `bendahara_2` int(11) DEFAULT NULL,
  `sie_ekstrakurikuler` int(11) DEFAULT NULL,
  `sie_upacara` int(11) DEFAULT NULL,
  `sie_olahraga` int(11) DEFAULT NULL,
  `sie_keagamaan` int(11) DEFAULT NULL,
  `sie_keamanan` int(11) DEFAULT NULL,
  `sie_ketertiban` int(11) DEFAULT NULL,
  `sie_kebersihan` int(11) DEFAULT NULL,
  `sie_keindahan` int(11) DEFAULT NULL,
  `sie_kesehatan` int(11) DEFAULT NULL,
  `sie_kekeluargaan` int(11) DEFAULT NULL,
  `sie_humas` int(11) DEFAULT NULL
) ENGINE=InnoDB DEFAULT CHARSET=utf8mb4 COLLATE=utf8mb4_general_ci ROW_FORMAT=DYNAMIC;

-- --------------------------------------------------------

--
-- Table structure for table `level_guru`
--

CREATE TABLE `level_guru` (
  `id_level` int(11) NOT NULL,
  `level` varchar(50) DEFAULT NULL
) ENGINE=InnoDB DEFAULT CHARSET=utf8mb4 COLLATE=utf8mb4_general_ci ROW_FORMAT=DYNAMIC;

--
-- Dumping data for table `level_guru`
--

INSERT INTO `level_guru` (`id_level`, `level`) VALUES
(1, 'Kepala Sekolah'),
(2, 'Wakil Kepala Sekolah'),
(3, 'Bimbingan Konseling'),
(4, 'Walikelas'),
(5, 'Guru'),
(6, 'Guru dan Walikelas');

-- --------------------------------------------------------

--
-- Table structure for table `level_kelas`
--

CREATE TABLE `level_kelas` (
  `id_level` int(11) NOT NULL,
  `level` varchar(2) DEFAULT NULL
) ENGINE=InnoDB DEFAULT CHARSET=utf8mb4 COLLATE=utf8mb4_general_ci ROW_FORMAT=DYNAMIC;

--
-- Dumping data for table `level_kelas`
--

INSERT INTO `level_kelas` (`id_level`, `level`) VALUES
(1, '1'),
(2, '2'),
(3, '3'),
(4, '4'),
(5, '5'),
(6, '6'),
(7, '7'),
(8, '8'),
(9, '9'),
(10, '10'),
(11, '11'),
(12, '12');

-- --------------------------------------------------------

--
-- Table structure for table `log`
--

CREATE TABLE `log` (
  `id_log` int(11) NOT NULL,
  `log_time` datetime NOT NULL DEFAULT current_timestamp(),
  `id_user` int(11) NOT NULL,
  `id_group` int(11) NOT NULL,
  `name_group` mediumtext NOT NULL,
  `log_type` int(11) NOT NULL,
  `log_desc` mediumtext NOT NULL,
  `address` mediumtext NOT NULL,
  `agent` mediumtext NOT NULL,
  `device` mediumtext NOT NULL
) ENGINE=InnoDB DEFAULT CHARSET=utf8mb4 COLLATE=utf8mb4_general_ci ROW_FORMAT=DYNAMIC;

--
-- Dumping data for table `log`
--

INSERT INTO `log` (`id_log`, `log_time`, `id_user`, `id_group`, `name_group`, `log_type`, `log_desc`, `address`, `agent`, `device`) VALUES
(1, '2025-11-23 10:32:39', 1, 1, 'admin', 0, 'Login', '::1', 'Chrome 142.0.0.0', 'Windows 10'),
(2, '2025-11-23 10:35:48', 1, 1, 'admin', 0, 'menambah tahun pelajaran', '::1', 'Chrome 142.0.0.0', 'Windows 10'),
(3, '2025-11-23 10:35:49', 1, 1, 'admin', 0, 'mengganti tahun ajaran aktif', '::1', 'Chrome 142.0.0.0', 'Windows 10'),
(4, '2025-11-23 10:41:05', 1, 1, 'admin', 0, 'menghapus tahun pelajaran', '::1', 'Chrome 142.0.0.0', 'Windows 10'),
(5, '2025-11-23 10:41:08', 1, 1, 'admin', 0, 'menghapus tahun pelajaran', '::1', 'Chrome 142.0.0.0', 'Windows 10'),
(6, '2025-11-23 10:41:11', 1, 1, 'admin', 0, 'menghapus tahun pelajaran', '::1', 'Chrome 142.0.0.0', 'Windows 10'),
(7, '2025-11-23 10:41:14', 1, 1, 'admin', 0, 'menghapus tahun pelajaran', '::1', 'Chrome 142.0.0.0', 'Windows 10'),
(8, '2025-11-23 10:56:41', 5, 3, 'siswa', 0, 'Login', '::1', 'Chrome 142.0.0.0', 'Windows 10'),
(9, '2025-11-23 11:01:57', 22, 2, 'guru', 0, 'Login', '::1', 'Chrome 142.0.0.0', 'Windows 10'),
(10, '2025-11-23 11:03:27', 23, 3, 'siswa', 0, 'Login', '::1', 'Chrome 142.0.0.0', 'Windows 10'),
(11, '2025-11-23 11:03:38', 1, 1, 'admin', 0, 'Login', '::1', 'Chrome 142.0.0.0', 'Windows 10'),
(12, '2025-11-23 11:07:43', 23, 3, 'siswa', 0, 'Login', '::1', 'Chrome 142.0.0.0', 'Windows 10'),
(13, '2025-11-23 11:16:43', 1, 1, 'admin', 0, 'menambah bank soal', '::1', 'Chrome 142.0.0.0', 'Windows 10'),
(14, '2025-11-23 11:38:17', 1, 1, 'admin', 0, 'mengedit soal', '::1', 'Chrome 142.0.0.0', 'Windows 10'),
(15, '2025-11-23 11:39:08', 22, 2, 'guru', 0, 'Login', '::1', 'Chrome 142.0.0.0', 'Windows 10'),
(16, '2025-11-23 11:43:22', 22, 2, 'guru', 0, 'Login', '::1', 'Chrome 142.0.0.0', 'Windows 10'),
(17, '2025-11-23 12:42:58', 1, 1, 'admin', 0, 'mengedit bank soal', '::1', 'Chrome 142.0.0.0', 'Windows 10'),
(18, '2025-11-23 12:52:44', 1, 1, 'admin', 0, 'mengedit bank soal', '::1', 'Chrome 142.0.0.0', 'Windows 10'),
(19, '2025-11-23 22:40:59', 1, 1, 'admin', 0, 'mengedit soal', '::1', 'Chrome 142.0.0.0', 'Windows 10'),
(20, '2025-11-23 22:44:52', 1, 1, 'admin', 0, 'mengedit bank soal', '::1', 'Chrome 142.0.0.0', 'Windows 10'),
(21, '2025-11-23 22:50:01', 1, 1, 'admin', 0, 'mengedit soal', '::1', 'Chrome 142.0.0.0', 'Windows 10'),
(22, '2025-11-23 22:52:34', 1, 1, 'admin', 0, 'mengedit soal', '::1', 'Chrome 142.0.0.0', 'Windows 10'),
(23, '2025-11-23 22:54:51', 1, 1, 'admin', 0, 'mengedit soal', '::1', 'Chrome 142.0.0.0', 'Windows 10'),
(24, '2025-11-23 22:55:39', 1, 1, 'admin', 0, 'mengedit soal', '::1', 'Chrome 142.0.0.0', 'Windows 10'),
(25, '2025-11-23 22:56:31', 1, 1, 'admin', 0, 'mengedit soal', '::1', 'Chrome 142.0.0.0', 'Windows 10'),
(26, '2025-11-23 22:57:50', 1, 1, 'admin', 0, 'mengedit soal', '::1', 'Chrome 142.0.0.0', 'Windows 10'),
(27, '2025-11-23 22:58:56', 1, 1, 'admin', 0, 'mengedit soal', '::1', 'Chrome 142.0.0.0', 'Windows 10'),
(28, '2025-11-23 23:00:03', 1, 1, 'admin', 0, 'mengedit soal', '::1', 'Chrome 142.0.0.0', 'Windows 10'),
(29, '2025-11-23 23:00:37', 1, 1, 'admin', 0, 'mengedit soal', '::1', 'Chrome 142.0.0.0', 'Windows 10'),
(30, '2025-11-23 23:01:26', 23, 3, 'siswa', 0, 'Login', '::1', 'Chrome 142.0.0.0', 'Windows 10'),
(31, '2025-11-23 23:03:58', 1, 1, 'admin', 0, 'menambah jadwal pelajaran', '::1', 'Chrome 142.0.0.0', 'Windows 10'),
(32, '2025-11-23 23:04:07', 23, 3, 'siswa', 0, 'Login', '::1', 'Chrome 142.0.0.0', 'Windows 10'),
(33, '2025-11-23 23:04:21', 1, 1, 'admin', 0, 'mengedit jadwal pelajaran', '::1', 'Chrome 142.0.0.0', 'Windows 10'),
(34, '2025-11-23 23:06:06', 23, 3, 'siswa', 0, 'Login', '::1', 'Chrome 142.0.0.0', 'Windows 10'),
(35, '2025-11-24 08:41:02', 1, 1, 'admin', 0, 'menghapus jadwal ujian', '::1', 'Chrome 142.0.0.0', 'Windows 10'),
(36, '2025-11-24 08:41:47', 1, 1, 'admin', 0, 'menambah jadwal pelajaran', '::1', 'Chrome 142.0.0.0', 'Windows 10'),
(37, '2025-11-24 10:02:04', 1, 1, 'admin', 0, 'Login', '::1', 'Chrome 142.0.0.0', 'Windows 10'),
(38, '2025-11-24 20:14:23', 1, 1, 'admin', 0, 'Login', '::1', 'Chrome 142.0.0.0', 'Windows 10'),
(39, '2025-11-24 20:25:27', 1, 1, 'admin', 0, 'menambah bank soal', '::1', 'Chrome 142.0.0.0', 'Windows 10'),
(40, '2025-11-24 20:25:52', 1, 1, 'admin', 0, 'membuat bank soal', '::1', 'Chrome 142.0.0.0', 'Windows 10'),
(41, '2025-11-24 20:26:04', 1, 1, 'admin', 0, 'mengedit bank soal', '::1', 'Chrome 142.0.0.0', 'Windows 10'),
(42, '2025-11-24 20:27:11', 1, 1, 'admin', 0, 'menghapus jadwal ujian', '::1', 'Chrome 142.0.0.0', 'Windows 10'),
(43, '2025-11-24 20:27:24', 1, 1, 'admin', 0, 'menghapus bank soal', '::1', 'Chrome 142.0.0.0', 'Windows 10'),
(44, '2025-11-24 20:27:42', 1, 1, 'admin', 0, 'mengedit bank soal', '::1', 'Chrome 142.0.0.0', 'Windows 10'),
(45, '2025-11-24 20:28:34', 1, 1, 'admin', 0, 'menambah jadwal pelajaran', '::1', 'Chrome 142.0.0.0', 'Windows 10'),
(46, '2025-11-24 20:30:30', 1, 1, 'admin', 0, 'mengedit soal', '::1', 'Chrome 142.0.0.0', 'Windows 10'),
(47, '2025-11-24 20:33:22', 1, 1, 'admin', 0, 'mengedit soal', '::1', 'Chrome 142.0.0.0', 'Windows 10'),
(48, '2025-11-24 20:36:41', 1, 1, 'admin', 0, 'mengedit soal', '::1', 'Chrome 142.0.0.0', 'Windows 10'),
(49, '2025-11-24 20:36:55', 1, 1, 'admin', 0, 'mengedit soal', '::1', 'Chrome 142.0.0.0', 'Windows 10'),
(50, '2025-11-24 20:37:02', 1, 1, 'admin', 0, 'mengedit soal', '::1', 'Chrome 142.0.0.0', 'Windows 10'),
(51, '2025-11-24 20:40:35', 1, 1, 'admin', 0, 'mengedit soal', '::1', 'Chrome 142.0.0.0', 'Windows 10'),
(52, '2025-11-24 20:42:41', 1, 1, 'admin', 0, 'mengedit soal', '::1', 'Chrome 142.0.0.0', 'Windows 10'),
(53, '2025-11-24 20:47:41', 1, 1, 'admin', 0, 'mengedit soal', '::1', 'Chrome 142.0.0.0', 'Windows 10'),
(54, '2025-11-24 20:48:56', 1, 1, 'admin', 0, 'mengedit soal', '::1', 'Chrome 142.0.0.0', 'Windows 10'),
(55, '2025-11-24 20:49:02', 1, 1, 'admin', 0, 'mengedit soal', '::1', 'Chrome 142.0.0.0', 'Windows 10'),
(56, '2025-11-24 20:49:56', 1, 1, 'admin', 0, 'mengedit soal', '::1', 'Chrome 142.0.0.0', 'Windows 10'),
(57, '2025-11-24 20:50:43', 1, 1, 'admin', 0, 'mengedit soal', '::1', 'Chrome 142.0.0.0', 'Windows 10'),
(58, '2025-11-24 20:52:24', 1, 1, 'admin', 0, 'mengedit bank soal', '::1', 'Chrome 142.0.0.0', 'Windows 10'),
(59, '2025-11-24 20:54:17', 1, 1, 'admin', 0, 'mengedit soal', '::1', 'Chrome 142.0.0.0', 'Windows 10'),
(60, '2025-11-24 20:56:59', 1, 1, 'admin', 0, 'mengedit soal', '::1', 'Chrome 142.0.0.0', 'Windows 10'),
(61, '2025-11-24 20:59:03', 1, 1, 'admin', 0, 'mengedit bank soal', '::1', 'Chrome 142.0.0.0', 'Windows 10'),
(62, '2025-11-24 20:59:37', 1, 1, 'admin', 0, 'menambah jadwal pelajaran', '::1', 'Chrome 142.0.0.0', 'Windows 10'),
(63, '2025-11-24 21:08:37', 1, 1, 'admin', 0, 'menambah bank soal', '::1', 'Chrome 142.0.0.0', 'Windows 10'),
(64, '2025-11-24 21:12:20', 1, 1, 'admin', 0, 'mengedit soal', '::1', 'Chrome 142.0.0.0', 'Windows 10'),
(65, '2025-11-24 21:14:20', 1, 1, 'admin', 0, 'mengedit soal', '::1', 'Chrome 142.0.0.0', 'Windows 10'),
(66, '2025-11-24 21:15:49', 1, 1, 'admin', 0, 'mengedit soal', '::1', 'Chrome 142.0.0.0', 'Windows 10'),
(67, '2025-11-24 21:21:32', 1, 1, 'admin', 0, 'mengedit soal', '::1', 'Chrome 142.0.0.0', 'Windows 10'),
(68, '2025-11-24 21:22:41', 1, 1, 'admin', 0, 'mengedit soal', '::1', 'Chrome 142.0.0.0', 'Windows 10'),
(69, '2025-11-24 21:24:32', 1, 1, 'admin', 0, 'mengedit soal', '::1', 'Chrome 142.0.0.0', 'Windows 10'),
(70, '2025-11-24 21:25:32', 1, 1, 'admin', 0, 'mengedit soal', '::1', 'Chrome 142.0.0.0', 'Windows 10'),
(71, '2025-11-24 21:26:47', 1, 1, 'admin', 0, 'mengedit soal', '::1', 'Chrome 142.0.0.0', 'Windows 10'),
(72, '2025-11-24 21:29:35', 1, 1, 'admin', 0, 'mengedit soal', '::1', 'Chrome 142.0.0.0', 'Windows 10'),
(73, '2025-11-24 21:30:43', 1, 1, 'admin', 0, 'mengedit soal', '::1', 'Chrome 142.0.0.0', 'Windows 10'),
(74, '2025-11-24 21:32:09', 1, 1, 'admin', 0, 'menambah jadwal pelajaran', '::1', 'Chrome 142.0.0.0', 'Windows 10'),
(75, '2025-11-25 09:38:34', 93, 3, 'siswa', 0, 'Login', '192.168.6.47', 'Chrome 142.0.0.0', 'Windows 10'),
(76, '2025-11-25 09:38:35', 91, 3, 'siswa', 0, 'Login', '192.168.6.10', 'Chrome 134.0.0.0', 'Windows 10'),
(77, '2025-11-25 09:39:42', 92, 3, 'siswa', 0, 'Login', '192.168.6.13', 'Chrome 142.0.0.0', 'Windows 10'),
(78, '2025-11-25 09:40:39', 96, 3, 'siswa', 0, 'Login', '::1', 'Chrome 142.0.0.0', 'Windows 10'),
(79, '2025-11-25 09:43:06', 1, 1, 'admin', 0, 'mengedit jadwal pelajaran', '::1', 'Chrome 142.0.0.0', 'Windows 10'),
(80, '2025-11-25 09:43:15', 23, 3, 'siswa', 0, 'Login', '::1', 'Chrome 142.0.0.0', 'Windows 10'),
(81, '2025-11-25 09:44:35', 1, 1, 'admin', 0, 'Login', '::1', 'Chrome 142.0.0.0', 'Windows 10'),
(82, '2025-11-25 09:45:24', 85, 3, 'siswa', 0, 'Login', '::1', 'Chrome 142.0.0.0', 'Windows 10'),
(83, '2025-11-25 09:45:29', 90, 3, 'siswa', 0, 'Login', '192.168.6.11', 'Chrome 140.0.0.0', 'Windows 10'),
(84, '2025-11-25 09:45:30', 83, 3, 'siswa', 0, 'Login', '192.168.6.12', 'Chrome 141.0.0.0', 'Windows 10'),
(85, '2025-11-25 09:46:42', 97, 3, 'siswa', 0, 'Login', '192.168.6.64', 'Chrome 142.0.0.0', 'Windows 10'),
(86, '2025-11-25 09:47:23', 94, 3, 'siswa', 0, 'Login', '192.168.6.99', 'Chrome 142.0.0.0', 'Windows 10'),
(87, '2025-11-25 09:47:39', 96, 3, 'siswa', 0, 'Login', '::1', 'Chrome 142.0.0.0', 'Windows 10'),
(88, '2025-11-25 09:48:14', 95, 3, 'siswa', 0, 'Login', '192.168.6.15', 'Chrome 142.0.0.0', 'Windows 10'),
(89, '2025-11-25 09:48:27', 1, 1, 'admin', 0, 'mengedit jadwal pelajaran', '::1', 'Chrome 142.0.0.0', 'Windows 10'),
(90, '2025-11-25 09:49:07', 96, 3, 'siswa', 0, 'Login', '192.168.6.19', 'Chrome 142.0.0.0', 'Windows 10'),
(91, '2025-11-25 09:49:33', 23, 3, 'siswa', 0, 'Login', '::1', 'Chrome 142.0.0.0', 'Windows 10'),
(92, '2025-11-25 09:50:35', 98, 3, 'siswa', 0, 'Login', '192.168.6.4', 'Chrome 137.0.0.0', 'Windows 10'),
(93, '2025-11-25 09:51:04', 89, 3, 'siswa', 0, 'Login', '192.168.6.20', 'Chrome 142.0.0.0', 'Windows 10'),
(94, '2025-11-25 09:51:36', 88, 3, 'siswa', 0, 'Login', '192.168.6.71', 'Chrome 142.0.0.0', 'Windows 10'),
(95, '2025-11-25 09:51:52', 104, 3, 'siswa', 0, 'Login', '192.168.6.19', 'Chrome 142.0.0.0', 'Windows 10'),
(96, '2025-11-25 09:52:03', 95, 3, 'siswa', 0, 'Login', '192.168.6.19', 'Chrome 142.0.0.0', 'Windows 10'),
(97, '2025-11-25 09:52:12', 1, 1, 'admin', 0, 'mengedit jadwal pelajaran', '::1', 'Chrome 142.0.0.0', 'Windows 10'),
(98, '2025-11-25 09:52:18', 88, 3, 'siswa', 0, 'Login', '192.168.6.20', 'Chrome 142.0.0.0', 'Windows 10'),
(99, '2025-11-25 09:52:30', 98, 3, 'siswa', 0, 'Login', '192.168.6.20', 'Chrome 142.0.0.0', 'Windows 10'),
(100, '2025-11-25 09:52:49', 87, 3, 'siswa', 0, 'Login', '192.168.6.20', 'Chrome 142.0.0.0', 'Windows 10'),
(101, '2025-11-25 09:52:51', 86, 3, 'siswa', 0, 'Login', '192.168.6.19', 'Chrome 142.0.0.0', 'Windows 10'),
(102, '2025-11-25 09:52:58', 96, 3, 'siswa', 0, 'Login', '::1', 'Chrome 142.0.0.0', 'Windows 10'),
(103, '2025-11-25 09:53:03', 101, 3, 'siswa', 0, 'Login', '192.168.6.19', 'Chrome 142.0.0.0', 'Windows 10'),
(104, '2025-11-25 09:53:20', 101, 3, 'siswa', 0, 'Login', '192.168.6.19', 'Chrome 142.0.0.0', 'Windows 10'),
(105, '2025-11-25 09:53:22', 85, 3, 'siswa', 0, 'Login', '192.168.6.3', 'Chrome 140.0.0.0', 'Windows 10'),
(106, '2025-11-25 09:53:28', 89, 3, 'siswa', 0, 'Login', '192.168.6.20', 'Chrome 142.0.0.0', 'Windows 10'),
(107, '2025-11-25 09:53:36', 84, 3, 'siswa', 0, 'Login', '192.168.6.23', 'Chrome 142.0.0.0', 'Windows 10'),
(108, '2025-11-25 09:54:17', 94, 3, 'siswa', 0, 'Login', '192.168.6.19', 'Chrome 142.0.0.0', 'Windows 10'),
(109, '2025-11-25 09:54:18', 97, 3, 'siswa', 0, 'Login', '::1', 'Chrome 142.0.0.0', 'Windows 10'),
(110, '2025-11-25 09:54:32', 96, 3, 'siswa', 0, 'Login', '::1', 'Chrome 142.0.0.0', 'Windows 10'),
(111, '2025-11-25 09:54:34', 104, 3, 'siswa', 0, 'Login', '192.168.6.19', 'Chrome 142.0.0.0', 'Windows 10'),
(112, '2025-11-25 09:54:47', 96, 3, 'siswa', 0, 'Login', '192.168.6.19', 'Chrome 142.0.0.0', 'Windows 10'),
(113, '2025-11-25 10:00:36', 23, 3, 'siswa', 0, 'Login', '::1', 'Chrome 142.0.0.0', 'Windows 10'),
(114, '2025-11-25 10:00:56', 1, 1, 'admin', 0, 'mengedit jadwal pelajaran', '::1', 'Chrome 142.0.0.0', 'Windows 10'),
(115, '2025-11-25 10:01:03', 1, 1, 'admin', 0, 'mengedit jadwal pelajaran', '::1', 'Chrome 142.0.0.0', 'Windows 10'),
(116, '2025-11-25 10:04:09', 88, 3, 'siswa', 0, 'Login', '192.168.6.71', 'Chrome 142.0.0.0', 'Windows 10'),
(117, '2025-11-25 10:11:16', 88, 3, 'siswa', 0, 'Login', '192.168.6.71', 'Chrome 142.0.0.0', 'Windows 10'),
(118, '2025-11-25 10:12:35', 85, 3, 'siswa', 0, 'Login', '192.168.6.3', 'Chrome 142.0.0.0', 'Windows 10'),
(119, '2025-11-25 10:13:33', 88, 3, 'siswa', 0, 'Login', '192.168.6.71', 'Chrome 142.0.0.0', 'Windows 10'),
(120, '2025-11-25 10:13:44', 88, 3, 'siswa', 0, 'Login', '::1', 'Chrome 142.0.0.0', 'Windows 10'),
(121, '2025-11-25 10:14:29', 85, 3, 'siswa', 0, 'Login', '::1', 'Chrome 142.0.0.0', 'Windows 10'),
(122, '2025-11-25 10:16:16', 90, 3, 'siswa', 0, 'Login', '192.168.6.11', 'Chrome 140.0.0.0', 'Windows 10'),
(123, '2025-11-25 10:16:19', 91, 3, 'siswa', 0, 'Login', '192.168.6.10', 'Chrome 134.0.0.0', 'Windows 10'),
(124, '2025-11-25 10:16:21', 93, 3, 'siswa', 0, 'Login', '192.168.6.47', 'Chrome 142.0.0.0', 'Windows 10'),
(125, '2025-11-25 10:16:21', 92, 3, 'siswa', 0, 'Login', '192.168.6.13', 'Chrome 142.0.0.0', 'Windows 10'),
(126, '2025-11-25 10:16:22', 1, 1, 'admin', 0, 'Login', '::1', 'Chrome 142.0.0.0', 'Windows 10'),
(127, '2025-11-25 10:16:24', 83, 3, 'siswa', 0, 'Login', '192.168.6.12', 'Chrome 141.0.0.0', 'Windows 10'),
(128, '2025-11-25 10:18:22', 89, 3, 'siswa', 0, 'Login', '192.168.6.20', 'Chrome 142.0.0.0', 'Windows 10'),
(129, '2025-11-25 11:05:38', 1, 1, 'admin', 0, 'menghapus jadwal ujian', '::1', 'Chrome 142.0.0.0', 'Windows 10'),
(130, '2025-11-25 11:06:24', 1, 1, 'admin', 0, 'mengedit soal', '::1', 'Chrome 142.0.0.0', 'Windows 10'),
(131, '2025-11-25 11:06:31', 1, 1, 'admin', 0, 'mengedit soal', '::1', 'Chrome 142.0.0.0', 'Windows 10'),
(132, '2025-11-25 11:06:41', 1, 1, 'admin', 0, 'mengedit soal', '::1', 'Chrome 142.0.0.0', 'Windows 10'),
(133, '2025-11-25 11:06:51', 1, 1, 'admin', 0, 'mengedit soal', '::1', 'Chrome 142.0.0.0', 'Windows 10'),
(134, '2025-11-25 11:06:52', 109, 3, 'siswa', 0, 'Login', '192.168.6.47', 'Chrome 142.0.0.0', 'Windows 10'),
(135, '2025-11-25 11:06:52', 110, 3, 'siswa', 0, 'Login', '192.168.6.13', 'Chrome 142.0.0.0', 'Windows 10'),
(136, '2025-11-25 11:06:53', 111, 3, 'siswa', 0, 'Login', '192.168.6.3', 'Chrome 142.0.0.0', 'Windows 10'),
(137, '2025-11-25 11:06:55', 115, 3, 'siswa', 0, 'Login', '192.168.6.71', 'Chrome 142.0.0.0', 'Windows 10'),
(138, '2025-11-25 11:06:59', 1, 1, 'admin', 0, 'mengedit soal', '::1', 'Chrome 142.0.0.0', 'Windows 10'),
(139, '2025-11-25 11:07:12', 112, 3, 'siswa', 0, 'Login', '192.168.6.19', 'Chrome 142.0.0.0', 'Windows 10'),
(140, '2025-11-25 11:07:50', 1, 1, 'admin', 0, 'mengedit soal', '::1', 'Chrome 142.0.0.0', 'Windows 10'),
(141, '2025-11-25 11:07:57', 1, 1, 'admin', 0, 'mengedit soal', '::1', 'Chrome 142.0.0.0', 'Windows 10'),
(142, '2025-11-25 11:08:05', 1, 1, 'admin', 0, 'mengedit soal', '::1', 'Chrome 142.0.0.0', 'Windows 10'),
(143, '2025-11-25 11:08:42', 1, 1, 'admin', 0, 'menambah jadwal pelajaran', '::1', 'Chrome 142.0.0.0', 'Windows 10'),
(144, '2025-11-25 11:08:54', 113, 3, 'siswa', 0, 'Login', '192.168.6.20', 'Chrome 142.0.0.0', 'Windows 10'),
(145, '2025-11-25 11:09:10', 1, 1, 'admin', 0, 'mengedit jadwal pelajaran', '::1', 'Chrome 142.0.0.0', 'Windows 10'),
(146, '2025-11-25 11:09:48', 111, 3, 'siswa', 0, 'Login', '::1', 'Chrome 142.0.0.0', 'Windows 10'),
(147, '2025-11-25 11:10:27', 116, 3, 'siswa', 0, 'Login', '::1', 'Chrome 142.0.0.0', 'Windows 10'),
(148, '2025-11-25 11:11:43', 1, 1, 'admin', 0, 'mengedit jadwal pelajaran', '::1', 'Chrome 142.0.0.0', 'Windows 10'),
(149, '2025-11-25 11:12:17', 1, 1, 'admin', 0, 'mengedit bank soal', '::1', 'Chrome 142.0.0.0', 'Windows 10'),
(150, '2025-11-25 11:13:24', 1, 1, 'admin', 0, 'mengedit jadwal pelajaran', '::1', 'Chrome 142.0.0.0', 'Windows 10'),
(151, '2025-11-25 11:13:32', 116, 3, 'siswa', 0, 'Login', '::1', 'Chrome 142.0.0.0', 'Windows 10'),
(152, '2025-11-25 11:14:53', 116, 3, 'siswa', 0, 'Login', '192.168.6.41', 'Chrome 142.0.0.0', 'Windows 10'),
(153, '2025-11-25 11:15:05', 116, 3, 'siswa', 0, 'Login', '192.168.6.11', 'Chrome 140.0.0.0', 'Windows 10'),
(154, '2025-11-25 11:40:37', 22, 2, 'guru', 0, 'Login', '192.168.6.41', 'Chrome 142.0.0.0', 'Windows 10'),
(155, '2025-11-25 11:44:47', 1, 1, 'admin', 0, 'mengedit jadwal pelajaran', '::1', 'Chrome 142.0.0.0', 'Windows 10'),
(156, '2025-11-25 11:46:26', 22, 2, 'guru', 0, 'mengedit jadwal pelajaran', '192.168.6.41', 'Chrome 142.0.0.0', 'Windows 10'),
(157, '2025-11-25 12:03:19', 22, 2, 'guru', 0, 'membuat bank soal', '192.168.6.41', 'Chrome 142.0.0.0', 'Windows 10'),
(158, '2025-11-25 12:03:30', 22, 2, 'guru', 0, 'mengedit bank soal', '192.168.6.41', 'Chrome 142.0.0.0', 'Windows 10'),
(159, '2025-11-25 12:04:57', 22, 2, 'guru', 0, 'mengedit jadwal pelajaran', '192.168.6.41', 'Chrome 142.0.0.0', 'Windows 10'),
(160, '2025-11-25 12:16:22', 1, 1, 'admin', 0, 'mengedit jadwal pelajaran', '::1', 'Chrome 142.0.0.0', 'Windows 10'),
(161, '2025-11-25 12:16:29', 1, 1, 'admin', 0, 'mengedit jadwal pelajaran', '::1', 'Chrome 142.0.0.0', 'Windows 10'),
(162, '2025-11-25 13:01:05', 1, 1, 'admin', 0, 'Login', '::1', 'Chrome 142.0.0.0', 'Windows 10');

-- --------------------------------------------------------

--
-- Table structure for table `login_attempts`
--

CREATE TABLE `login_attempts` (
  `id` int(10) UNSIGNED NOT NULL,
  `ip_address` varchar(45) NOT NULL,
  `login` varchar(100) NOT NULL,
  `time` int(10) UNSIGNED DEFAULT NULL
) ENGINE=InnoDB DEFAULT CHARSET=utf8mb4 COLLATE=utf8mb4_general_ci ROW_FORMAT=DYNAMIC;

--
-- Dumping data for table `login_attempts`
--

INSERT INTO `login_attempts` (`id`, `ip_address`, `login`, `time`) VALUES
(1, '192.168.6.13', 'darrell', 1764038315),
(2, '192.168.6.13', 'darell', 1764038326),
(4, '192.168.6.13', 'darel', 1764038335),
(5, '192.168.6.13', 'darrell', 1764038339),
(6, '192.168.6.13', 'darrell', 1764038344),
(7, '192.168.6.12', 'Adnan rafa saputra', 1764038691),
(8, '192.168.6.12', 'Adnan rafa saputra', 1764038699),
(9, '192.168.6.12', 'Adnan rafa saputra', 1764038705),
(10, '192.168.6.23', 'Averroes', 1764038983),
(11, '192.168.6.23', 'Averroes', 1764038985),
(12, '192.168.6.23', 'Averroes', 1764038985),
(13, '192.168.6.23', 'Verroes', 1764038993),
(14, '192.168.6.23', 'Verroes', 1764038994),
(15, '192.168.6.23', 'Veros', 1764038998),
(16, '192.168.6.23', 'Veroes', 1764039000),
(17, '192.168.6.23', 'Verros', 1764039003),
(18, '192.168.6.23', 'verroes', 1764039011),
(19, '192.168.6.23', 'alief', 1764039027),
(20, '192.168.6.23', 'alief averroes zihni', 1764039031),
(21, '192.168.6.23', 'alief averroes zihni', 1764039031),
(22, '192.168.6.23', 'alief averroes zihni', 1764039032),
(23, '192.168.6.23', 'Averos', 1764039093),
(24, '192.168.6.23', 'Alief Averroes', 1764039099),
(25, '192.168.6.23', 'veros', 1764039114),
(26, '192.168.6.23', 'ade', 1764039133),
(27, '192.168.6.23', 'rila', 1764039135),
(28, '192.168.6.23', 'veros', 1764039147),
(29, '192.168.6.20', 'sava', 1764039185),
(30, '192.168.6.20', 'savanah', 1764039193),
(31, '192.168.6.20', 'savana', 1764039195),
(32, '192.168.6.20', 'kella', 1764039199),
(33, '192.168.6.12', 'rizka', 1764043612),
(34, '192.168.6.12', 'rizka', 1764043642),
(35, '192.168.6.12', 'rizka', 1764043646);

-- --------------------------------------------------------

--
-- Table structure for table `log_materi`
--

CREATE TABLE `log_materi` (
  `id_log` varchar(50) NOT NULL,
  `log_time` datetime NOT NULL DEFAULT current_timestamp(),
  `id_siswa` int(11) DEFAULT NULL,
  `jam_ke` int(11) NOT NULL,
  `id_materi` varchar(50) NOT NULL,
  `id_mapel` int(11) DEFAULT NULL,
  `log_type` int(11) NOT NULL,
  `log_desc` mediumtext NOT NULL,
  `text` longtext DEFAULT NULL,
  `file` longtext DEFAULT NULL,
  `nilai` varchar(3) DEFAULT NULL,
  `catatan` longtext DEFAULT NULL,
  `address` mediumtext NOT NULL,
  `agent` mediumtext NOT NULL,
  `device` mediumtext NOT NULL,
  `finish_time` varchar(20) DEFAULT NULL
) ENGINE=InnoDB DEFAULT CHARSET=utf8mb4 COLLATE=utf8mb4_general_ci ROW_FORMAT=DYNAMIC;

-- --------------------------------------------------------

--
-- Table structure for table `log_ujian`
--

CREATE TABLE `log_ujian` (
  `id_log` int(11) NOT NULL,
  `log_time` datetime NOT NULL DEFAULT current_timestamp(),
  `id_siswa` int(11) DEFAULT NULL,
  `id_jadwal` int(11) DEFAULT NULL,
  `log_type` int(11) NOT NULL,
  `log_desc` mediumtext NOT NULL,
  `address` mediumtext NOT NULL,
  `agent` mediumtext NOT NULL,
  `device` mediumtext NOT NULL,
  `reset` int(11) NOT NULL COMMENT '0=tidak reset, 1=reset',
  `finish_time` varchar(20) DEFAULT NULL
) ENGINE=InnoDB DEFAULT CHARSET=utf8mb4 COLLATE=utf8mb4_general_ci ROW_FORMAT=DYNAMIC;

--
-- Dumping data for table `log_ujian`
--

INSERT INTO `log_ujian` (`id_log`, `log_time`, `id_siswa`, `id_jadwal`, `log_type`, `log_desc`, `address`, `agent`, `device`, `reset`, `finish_time`) VALUES
(5011, '2025-11-23 23:05:43', 5, 1, 1, 'Memulai Ujian', '::1', 'illegal agent', 'illegal device', 1, NULL),
(5012, '2025-11-23 23:09:06', 5, 1, 2, 'Menyelesaikan Ujian', '::1', 'Chrome 142.0.0.0', 'Windows 10', 0, NULL),
(66051, '2025-11-25 10:16:57', 66, 5, 1, 'Memulai Ujian', '192.168.6.12', 'Chrome 141.0.0.0', 'Windows 10', 0, NULL),
(66052, '2025-11-25 10:59:41', 66, 5, 2, 'Menyelesaikan Ujian', '192.168.6.12', 'Chrome 141.0.0.0', 'Windows 10', 0, NULL),
(67051, '2025-11-25 10:16:50', 67, 5, 1, 'Memulai Ujian', '192.168.6.23', 'Chrome 142.0.0.0', 'Windows 10', 0, NULL),
(67052, '2025-11-25 10:58:47', 67, 5, 2, 'Menyelesaikan Ujian', '192.168.6.23', 'Chrome 142.0.0.0', 'Windows 10', 0, NULL),
(68051, '2025-11-25 10:16:53', 68, 5, 1, 'Memulai Ujian', '192.168.6.3', 'Chrome 142.0.0.0', 'Windows 10', 0, NULL),
(68052, '2025-11-25 11:02:00', 68, 5, 2, 'Menyelesaikan Ujian', '192.168.6.3', 'Chrome 142.0.0.0', 'Windows 10', 0, NULL),
(71051, '2025-11-25 10:16:59', 71, 5, 1, 'Memulai Ujian', '192.168.6.71', 'Chrome 142.0.0.0', 'Windows 10', 0, NULL),
(71052, '2025-11-25 10:53:05', 71, 5, 2, 'Menyelesaikan Ujian', '192.168.6.71', 'Chrome 142.0.0.0', 'Windows 10', 0, NULL),
(72051, '2025-11-25 10:18:47', 72, 5, 1, 'Memulai Ujian', '192.168.6.20', 'Chrome 142.0.0.0', 'Windows 10', 0, NULL),
(72052, '2025-11-25 10:52:28', 72, 5, 2, 'Menyelesaikan Ujian', '192.168.6.20', 'Chrome 142.0.0.0', 'Windows 10', 0, NULL),
(73051, '2025-11-25 10:16:58', 73, 5, 1, 'Memulai Ujian', '192.168.6.11', 'Chrome 140.0.0.0', 'Windows 10', 0, NULL),
(73052, '2025-11-25 10:58:47', 73, 5, 2, 'Menyelesaikan Ujian', '192.168.6.11', 'Chrome 140.0.0.0', 'Windows 10', 0, NULL),
(74051, '2025-11-25 10:17:12', 74, 5, 1, 'Memulai Ujian', '192.168.6.10', 'Chrome 134.0.0.0', 'Windows 10', 0, NULL),
(74052, '2025-11-25 11:00:17', 74, 5, 2, 'Menyelesaikan Ujian', '192.168.6.10', 'Chrome 134.0.0.0', 'Windows 10', 0, NULL),
(75051, '2025-11-25 10:16:56', 75, 5, 1, 'Memulai Ujian', '192.168.6.13', 'Chrome 142.0.0.0', 'Windows 10', 0, NULL),
(75052, '2025-11-25 10:59:11', 75, 5, 2, 'Menyelesaikan Ujian', '192.168.6.13', 'Chrome 142.0.0.0', 'Windows 10', 0, NULL),
(76051, '2025-11-25 10:17:00', 76, 5, 1, 'Memulai Ujian', '192.168.6.47', 'Chrome 142.0.0.0', 'Windows 10', 0, NULL),
(76052, '2025-11-25 11:00:23', 76, 5, 2, 'Menyelesaikan Ujian', '192.168.6.47', 'Chrome 142.0.0.0', 'Windows 10', 0, NULL),
(77051, '2025-11-25 10:16:52', 77, 5, 1, 'Memulai Ujian', '192.168.6.99', 'Chrome 142.0.0.0', 'Windows 10', 0, NULL),
(77052, '2025-11-25 11:00:31', 77, 5, 2, 'Menyelesaikan Ujian', '192.168.6.99', 'Chrome 142.0.0.0', 'Windows 10', 0, NULL),
(78051, '2025-11-25 10:16:58', 78, 5, 1, 'Memulai Ujian', '192.168.6.15', 'Chrome 142.0.0.0', 'Windows 10', 0, NULL),
(78052, '2025-11-25 10:59:36', 78, 5, 2, 'Menyelesaikan Ujian', '192.168.6.15', 'Chrome 142.0.0.0', 'Windows 10', 0, NULL),
(79051, '2025-11-25 10:17:21', 79, 5, 1, 'Memulai Ujian', '192.168.6.19', 'Chrome 142.0.0.0', 'Windows 10', 0, NULL),
(79052, '2025-11-25 10:49:57', 79, 5, 2, 'Menyelesaikan Ujian', '192.168.6.19', 'Chrome 142.0.0.0', 'Windows 10', 0, NULL),
(80051, '2025-11-25 10:16:52', 80, 5, 1, 'Memulai Ujian', '192.168.6.64', 'Chrome 142.0.0.0', 'Windows 10', 0, NULL),
(80052, '2025-11-25 11:00:34', 80, 5, 2, 'Menyelesaikan Ujian', '192.168.6.64', 'Chrome 142.0.0.0', 'Windows 10', 0, NULL),
(81051, '2025-11-25 10:17:47', 81, 5, 1, 'Memulai Ujian', '192.168.6.4', 'Chrome 137.0.0.0', 'Windows 10', 0, NULL),
(81052, '2025-11-25 11:02:12', 81, 5, 2, 'Menyelesaikan Ujian', '192.168.6.4', 'Chrome 137.0.0.0', 'Windows 10', 0, NULL),
(92061, '2025-11-25 11:15:38', 92, 6, 1, 'Memulai Ujian', '192.168.6.47', 'Chrome 142.0.0.0', 'Windows 10', 0, NULL),
(92062, '2025-11-25 12:05:29', 92, 6, 2, 'Menyelesaikan Ujian', '192.168.6.47', 'Chrome 142.0.0.0', 'Windows 10', 0, NULL),
(93061, '2025-11-25 11:15:45', 93, 6, 1, 'Memulai Ujian', '192.168.6.13', 'Chrome 142.0.0.0', 'Windows 10', 0, NULL),
(93062, '2025-11-25 12:10:03', 93, 6, 2, 'Menyelesaikan Ujian', '192.168.6.13', 'Chrome 142.0.0.0', 'Windows 10', 0, NULL),
(94061, '2025-11-25 11:15:46', 94, 6, 1, 'Memulai Ujian', '192.168.6.3', 'Chrome 142.0.0.0', 'Windows 10', 0, NULL),
(94062, '2025-11-25 12:15:19', 94, 6, 2, 'Menyelesaikan Ujian', '192.168.6.3', 'Chrome 142.0.0.0', 'Windows 10', 0, NULL),
(95061, '2025-11-25 11:15:27', 95, 6, 1, 'Memulai Ujian', '192.168.6.19', 'Chrome 142.0.0.0', 'Windows 10', 0, NULL),
(95062, '2025-11-25 11:56:31', 95, 6, 2, 'Menyelesaikan Ujian', '192.168.6.19', 'Chrome 142.0.0.0', 'Windows 10', 0, NULL),
(96061, '2025-11-25 11:15:28', 96, 6, 1, 'Memulai Ujian', '192.168.6.20', 'Chrome 142.0.0.0', 'Windows 10', 0, NULL),
(96062, '2025-11-25 12:11:03', 96, 6, 2, 'Menyelesaikan Ujian', '192.168.6.20', 'Chrome 142.0.0.0', 'Windows 10', 0, NULL),
(97061, '2025-11-25 11:16:26', 97, 6, 1, 'Memulai Ujian', '192.168.6.11', 'Chrome 140.0.0.0', 'Windows 10', 0, NULL),
(97062, '2025-11-25 12:05:25', 97, 6, 2, 'Menyelesaikan Ujian', '192.168.6.11', 'Chrome 140.0.0.0', 'Windows 10', 0, NULL),
(98061, '2025-11-25 11:15:24', 98, 6, 1, 'Memulai Ujian', '192.168.6.71', 'Chrome 142.0.0.0', 'Windows 10', 0, NULL),
(98062, '2025-11-25 12:07:19', 98, 6, 2, 'Menyelesaikan Ujian', '192.168.6.71', 'Chrome 142.0.0.0', 'Windows 10', 0, NULL);

-- --------------------------------------------------------

--
-- Table structure for table `master_ekstra`
--

CREATE TABLE `master_ekstra` (
  `id_ekstra` int(11) NOT NULL,
  `nama_ekstra` varchar(100) NOT NULL,
  `kode_ekstra` varchar(20) NOT NULL
) ENGINE=InnoDB DEFAULT CHARSET=utf8mb4 COLLATE=utf8mb4_general_ci ROW_FORMAT=DYNAMIC;

--
-- Dumping data for table `master_ekstra`
--

INSERT INTO `master_ekstra` (`id_ekstra`, `nama_ekstra`, `kode_ekstra`) VALUES
(1, 'Pramuka', 'PRAM'),
(2, 'English Club', 'EC'),
(3, 'Karate', 'KRT'),
(4, 'Futsal', 'FTL'),
(5, 'Archery', 'ACR'),
(6, 'Basket', 'BST'),
(7, 'Science Club', 'SCB');

-- --------------------------------------------------------

--
-- Table structure for table `master_guru`
--

CREATE TABLE `master_guru` (
  `id_guru` int(11) NOT NULL,
  `id_user` int(11) DEFAULT NULL,
  `nip` char(30) NOT NULL,
  `nama_guru` varchar(50) NOT NULL,
  `email` varchar(254) DEFAULT NULL,
  `kode_guru` varchar(6) DEFAULT NULL,
  `username` varchar(50) DEFAULT NULL,
  `password` longtext DEFAULT NULL,
  `no_ktp` varchar(16) DEFAULT NULL,
  `tempat_lahir` varchar(30) DEFAULT NULL,
  `tgl_lahir` date DEFAULT NULL,
  `jenis_kelamin` varchar(10) DEFAULT NULL,
  `agama` varchar(10) DEFAULT NULL,
  `no_hp` varchar(13) DEFAULT NULL,
  `alamat_jalan` varchar(255) DEFAULT NULL,
  `rt_rw` varchar(8) DEFAULT NULL,
  `dusun` varchar(50) DEFAULT NULL,
  `kelurahan` varchar(50) DEFAULT NULL,
  `kecamatan` varchar(30) DEFAULT NULL,
  `kabupaten` varchar(30) DEFAULT NULL,
  `provinsi` varchar(30) DEFAULT NULL,
  `kode_pos` int(11) DEFAULT NULL,
  `kewarganegaraan` varchar(10) DEFAULT NULL,
  `nuptk` varchar(20) DEFAULT NULL,
  `jenis_ptk` varchar(50) DEFAULT NULL,
  `tgs_tambahan` varchar(50) DEFAULT NULL,
  `status_pegawai` varchar(50) DEFAULT NULL,
  `status_aktif` varchar(20) DEFAULT NULL,
  `status_nikah` varchar(20) DEFAULT NULL,
  `tmt` date DEFAULT NULL,
  `keahlian_isyarat` varchar(10) DEFAULT NULL,
  `npwp` varchar(16) DEFAULT NULL,
  `foto` longtext DEFAULT NULL
) ENGINE=InnoDB DEFAULT CHARSET=utf8mb4 COLLATE=utf8mb4_general_ci ROW_FORMAT=DYNAMIC;

--
-- Dumping data for table `master_guru`
--

INSERT INTO `master_guru` (`id_guru`, `id_user`, `nip`, `nama_guru`, `email`, `kode_guru`, `username`, `password`, `no_ktp`, `tempat_lahir`, `tgl_lahir`, `jenis_kelamin`, `agama`, `no_hp`, `alamat_jalan`, `rt_rw`, `dusun`, `kelurahan`, `kecamatan`, `kabupaten`, `provinsi`, `kode_pos`, `kewarganegaraan`, `nuptk`, `jenis_ptk`, `tgs_tambahan`, `status_pegawai`, `status_aktif`, `status_nikah`, `tmt`, `keahlian_isyarat`, `npwp`, `foto`) VALUES
(1, 22, '2958776677130242', 'Muhamad Quraisy, S.Kom., M.Kom.', '', NULL, 'mqrsy', 'SNmqrsy98', '', '', '0000-00-00', NULL, 'Pilih Agam', '', '', NULL, NULL, NULL, '', '', '', 0, NULL, NULL, NULL, NULL, NULL, NULL, NULL, NULL, NULL, NULL, 'uploads/profiles/2958776677130242.jpeg');

-- --------------------------------------------------------

--
-- Table structure for table `master_hari_efektif`
--

CREATE TABLE `master_hari_efektif` (
  `id_hari_efektif` int(11) NOT NULL,
  `jml_hari_efektif` int(11) NOT NULL
) ENGINE=InnoDB DEFAULT CHARSET=utf8mb4 COLLATE=utf8mb4_general_ci ROW_FORMAT=DYNAMIC;

-- --------------------------------------------------------

--
-- Table structure for table `master_jurusan`
--

CREATE TABLE `master_jurusan` (
  `id_jurusan` int(11) NOT NULL,
  `nama_jurusan` varchar(30) NOT NULL,
  `kode_jurusan` varchar(10) DEFAULT NULL,
  `mapel_peminatan` longtext DEFAULT NULL,
  `status` int(11) NOT NULL DEFAULT 1,
  `deletable` int(11) NOT NULL DEFAULT 1
) ENGINE=InnoDB DEFAULT CHARSET=utf8mb4 COLLATE=utf8mb4_general_ci ROW_FORMAT=DYNAMIC;

--
-- Dumping data for table `master_jurusan`
--

INSERT INTO `master_jurusan` (`id_jurusan`, `nama_jurusan`, `kode_jurusan`, `mapel_peminatan`, `status`, `deletable`) VALUES
(1, 'Informatika', 'INF', '', 1, 0),
(2, 'Kimia', 'KIM', '', 1, 0),
(3, 'Fisika', 'FIS', '', 1, 0),
(4, 'Ekonomi', 'EKO', '', 1, 1),
(5, 'Kewirausahaan', 'KWU', '', 1, 0),
(6, 'Sosiologi', 'SOS', '', 1, 1),
(7, 'Biologi', 'BIO', '', 1, 1),
(8, 'KELAS 7', 'K7', '', 1, 1),
(9, 'KELAS 8', 'K8', '', 1, 1),
(10, 'KELAS 9', 'K9', '', 1, 1),
(11, 'KELAS 10', 'K10', '', 1, 1);

-- --------------------------------------------------------

--
-- Table structure for table `master_kelas`
--

CREATE TABLE `master_kelas` (
  `id_kelas` int(11) NOT NULL,
  `id_tp` int(11) NOT NULL,
  `id_smt` int(11) NOT NULL,
  `nama_kelas` varchar(30) NOT NULL,
  `kode_kelas` varchar(20) DEFAULT NULL,
  `jurusan_id` int(11) DEFAULT NULL,
  `level_id` int(11) NOT NULL,
  `guru_id` int(11) DEFAULT NULL,
  `siswa_id` int(11) DEFAULT NULL,
  `jumlah_siswa` longtext DEFAULT NULL,
  `set_siswa` varchar(1) DEFAULT '0'
) ENGINE=InnoDB DEFAULT CHARSET=utf8mb4 COLLATE=utf8mb4_general_ci ROW_FORMAT=DYNAMIC;

--
-- Dumping data for table `master_kelas`
--

INSERT INTO `master_kelas` (`id_kelas`, `id_tp`, `id_smt`, `nama_kelas`, `kode_kelas`, `jurusan_id`, `level_id`, `guru_id`, `siswa_id`, `jumlah_siswa`, `set_siswa`) VALUES
(1, 5, 1, '8 Buya Hamka', '8A', 9, 11, 0, 15, 'a:21:{i:0;a:1:{s:2:\"id\";s:1:\"5\";}i:1;a:1:{s:2:\"id\";s:1:\"6\";}i:2;a:1:{s:2:\"id\";s:1:\"7\";}i:3;a:1:{s:2:\"id\";s:1:\"8\";}i:4;a:1:{s:2:\"id\";s:1:\"9\";}i:5;a:1:{s:2:\"id\";s:2:\"10\";}i:6;a:1:{s:2:\"id\";s:2:\"11\";}i:7;a:1:{s:2:\"id\";s:2:\"12\";}i:8;a:1:{s:2:\"id\";s:2:\"13\";}i:9;a:1:{s:2:\"id\";s:2:\"14\";}i:10;a:1:{s:2:\"id\";s:2:\"15\";}i:11;a:1:{s:2:\"id\";s:2:\"16\";}i:12;a:1:{s:2:\"id\";s:2:\"17\";}i:13;a:1:{s:2:\"id\";s:2:\"18\";}i:14;a:1:{s:2:\"id\";s:2:\"19\";}i:15;a:1:{s:2:\"id\";s:2:\"20\";}i:16;a:1:{s:2:\"id\";s:2:\"21\";}i:17;a:1:{s:2:\"id\";s:2:\"22\";}i:18;a:1:{s:2:\"id\";s:2:\"23\";}i:19;a:1:{s:2:\"id\";s:2:\"24\";}i:20;a:1:{s:2:\"id\";s:2:\"25\";}}', '0'),
(2, 5, 1, '9 Hasyim Asy\'ari', '9A', 10, 12, 0, 33, 'a:14:{i:0;a:1:{s:2:\"id\";s:2:\"26\";}i:1;a:1:{s:2:\"id\";s:2:\"27\";}i:2;a:1:{s:2:\"id\";s:2:\"28\";}i:3;a:1:{s:2:\"id\";s:2:\"29\";}i:4;a:1:{s:2:\"id\";s:2:\"30\";}i:5;a:1:{s:2:\"id\";s:2:\"31\";}i:6;a:1:{s:2:\"id\";s:2:\"32\";}i:7;a:1:{s:2:\"id\";s:2:\"33\";}i:8;a:1:{s:2:\"id\";s:2:\"34\";}i:9;a:1:{s:2:\"id\";s:2:\"35\";}i:10;a:1:{s:2:\"id\";s:2:\"36\";}i:11;a:1:{s:2:\"id\";s:2:\"37\";}i:12;a:1:{s:2:\"id\";s:2:\"38\";}i:13;a:1:{s:2:\"id\";s:2:\"39\";}}', '0'),
(3, 5, 1, '9 Dewi Sartika', '9B', 10, 12, 0, 48, 'a:10:{i:0;a:1:{s:2:\"id\";s:2:\"40\";}i:1;a:1:{s:2:\"id\";s:2:\"41\";}i:2;a:1:{s:2:\"id\";s:2:\"42\";}i:3;a:1:{s:2:\"id\";s:2:\"43\";}i:4;a:1:{s:2:\"id\";s:2:\"44\";}i:5;a:1:{s:2:\"id\";s:2:\"45\";}i:6;a:1:{s:2:\"id\";s:2:\"46\";}i:7;a:1:{s:2:\"id\";s:2:\"47\";}i:8;a:1:{s:2:\"id\";s:2:\"48\";}i:9;a:1:{s:2:\"id\";s:2:\"49\";}}', '0'),
(4, 5, 1, '8 Malahayati', '8B', 9, 11, 0, 63, 'a:16:{i:0;a:1:{s:2:\"id\";s:2:\"50\";}i:1;a:1:{s:2:\"id\";s:2:\"51\";}i:2;a:1:{s:2:\"id\";s:2:\"52\";}i:3;a:1:{s:2:\"id\";s:2:\"53\";}i:4;a:1:{s:2:\"id\";s:2:\"54\";}i:5;a:1:{s:2:\"id\";s:2:\"55\";}i:6;a:1:{s:2:\"id\";s:2:\"56\";}i:7;a:1:{s:2:\"id\";s:2:\"57\";}i:8;a:1:{s:2:\"id\";s:2:\"58\";}i:9;a:1:{s:2:\"id\";s:2:\"59\";}i:10;a:1:{s:2:\"id\";s:2:\"60\";}i:11;a:1:{s:2:\"id\";s:2:\"61\";}i:12;a:1:{s:2:\"id\";s:2:\"62\";}i:13;a:1:{s:2:\"id\";s:2:\"63\";}i:14;a:1:{s:2:\"id\";s:2:\"64\";}i:15;a:1:{s:2:\"id\";s:2:\"65\";}}', '0'),
(5, 5, 1, '7 Ahmad Dahlan', '7A', 8, 10, 0, 81, 'a:16:{i:0;a:1:{s:2:\"id\";s:2:\"66\";}i:1;a:1:{s:2:\"id\";s:2:\"67\";}i:2;a:1:{s:2:\"id\";s:2:\"68\";}i:3;a:1:{s:2:\"id\";s:2:\"69\";}i:4;a:1:{s:2:\"id\";s:2:\"70\";}i:5;a:1:{s:2:\"id\";s:2:\"71\";}i:6;a:1:{s:2:\"id\";s:2:\"72\";}i:7;a:1:{s:2:\"id\";s:2:\"73\";}i:8;a:1:{s:2:\"id\";s:2:\"74\";}i:9;a:1:{s:2:\"id\";s:2:\"75\";}i:10;a:1:{s:2:\"id\";s:2:\"76\";}i:11;a:1:{s:2:\"id\";s:2:\"77\";}i:12;a:1:{s:2:\"id\";s:2:\"78\";}i:13;a:1:{s:2:\"id\";s:2:\"79\";}i:14;a:1:{s:2:\"id\";s:2:\"80\";}i:15;a:1:{s:2:\"id\";s:2:\"81\";}}', '0'),
(6, 5, 1, '7 Cut Nyak Dien', '7B', 8, 10, 0, 86, 'a:10:{i:0;a:1:{s:2:\"id\";s:2:\"82\";}i:1;a:1:{s:2:\"id\";s:2:\"83\";}i:2;a:1:{s:2:\"id\";s:2:\"84\";}i:3;a:1:{s:2:\"id\";s:2:\"85\";}i:4;a:1:{s:2:\"id\";s:2:\"86\";}i:5;a:1:{s:2:\"id\";s:2:\"87\";}i:6;a:1:{s:2:\"id\";s:2:\"88\";}i:7;a:1:{s:2:\"id\";s:2:\"89\";}i:8;a:1:{s:2:\"id\";s:2:\"90\";}i:9;a:1:{s:2:\"id\";s:2:\"91\";}}', '0'),
(7, 5, 1, '10 Ibnu SIna', '10A', 11, 10, 0, 97, 'a:7:{i:0;a:1:{s:2:\"id\";s:2:\"92\";}i:1;a:1:{s:2:\"id\";s:2:\"93\";}i:2;a:1:{s:2:\"id\";s:2:\"94\";}i:3;a:1:{s:2:\"id\";s:2:\"95\";}i:4;a:1:{s:2:\"id\";s:2:\"96\";}i:5;a:1:{s:2:\"id\";s:2:\"97\";}i:6;a:1:{s:2:\"id\";s:2:\"98\";}}', '0');

-- --------------------------------------------------------

--
-- Table structure for table `master_kelompok_mapel`
--

CREATE TABLE `master_kelompok_mapel` (
  `id_kel_mapel` int(11) NOT NULL,
  `kode_kel_mapel` varchar(10) DEFAULT NULL,
  `nama_kel_mapel` varchar(100) DEFAULT NULL,
  `kategori` varchar(20) DEFAULT NULL,
  `id_parent` int(11) DEFAULT NULL
) ENGINE=InnoDB DEFAULT CHARSET=utf8mb4 COLLATE=utf8mb4_general_ci ROW_FORMAT=DYNAMIC;

--
-- Dumping data for table `master_kelompok_mapel`
--

INSERT INTO `master_kelompok_mapel` (`id_kel_mapel`, `kode_kel_mapel`, `nama_kel_mapel`, `kategori`, `id_parent`) VALUES
(1, 'MAP. WAJIB', 'Mata Pelajaran Wajib', 'WAJIB', 0),
(3, 'PEMINATAN', 'PEMINATAN', 'PEMINATAN AKADEMIK', 0),
(4, 'MULOK', 'Muatan Lokal', 'MULOK', 0);

-- --------------------------------------------------------

--
-- Table structure for table `master_mapel`
--

CREATE TABLE `master_mapel` (
  `id_mapel` int(11) NOT NULL,
  `nama_mapel` varchar(50) NOT NULL,
  `kode` varchar(20) DEFAULT NULL,
  `kelompok` varchar(5) NOT NULL DEFAULT '-',
  `bobot_p` int(11) NOT NULL DEFAULT 0,
  `bobot_k` int(11) NOT NULL DEFAULT 0,
  `jenjang` int(11) NOT NULL DEFAULT 0,
  `urutan` int(11) NOT NULL,
  `status` int(11) NOT NULL DEFAULT 1,
  `deletable` int(11) NOT NULL DEFAULT 1,
  `urutan_tampil` int(11) DEFAULT NULL
) ENGINE=InnoDB DEFAULT CHARSET=utf8mb4 COLLATE=utf8mb4_general_ci ROW_FORMAT=DYNAMIC;

--
-- Dumping data for table `master_mapel`
--

INSERT INTO `master_mapel` (`id_mapel`, `nama_mapel`, `kode`, `kelompok`, `bobot_p`, `bobot_k`, `jenjang`, `urutan`, `status`, `deletable`, `urutan_tampil`) VALUES
(5, 'Bahasa Arab', 'BAR', 'MAP. ', 0, 0, 1, 2, 1, 0, 3),
(6, 'Bahasa Indonesia', 'BIND', 'MAP. ', 0, 0, 1, 2, 1, 0, 2),
(7, 'Bahasa Inggris', 'BING', 'MAP. ', 0, 0, 1, 2, 1, 0, 7),
(8, 'Matematika', 'MTK', 'MAP. ', 0, 0, 1, 2, 1, 0, 4),
(9, 'Ilmu Pengetahuan Alam (SMP)', 'IPA', 'MAP. ', 0, 0, 1, 2, 1, 0, 5),
(10, 'Ilmu Pengetahuan Sosial (SMP)', 'IPS', 'MAP. ', 0, 0, 1, 2, 1, 0, 6),
(11, 'Pendidikan Pancasila dan Kewarganegaraan', 'PPKn', 'MAP. ', 0, 0, 1, 2, 1, 0, 1),
(12, 'Pendidikan Jasmani Olah Raga dan Kesehatan', 'PJOK', 'MAP. ', 0, 0, 1, 3, 1, 0, 2),
(15, 'SBDP', 'SBDP', 'MAP. ', 0, 0, 0, 3, 1, 0, 1),
(24, 'Biologi', 'BIO', 'PEMIN', 0, 0, 3, 0, 1, 0, 2),
(25, 'Ekonomi', 'EKN', 'PEMIN', 0, 0, 3, 0, 1, 0, 11),
(28, 'Fisika', 'FIS', 'PEMIN', 0, 0, 3, 0, 1, 0, 3),
(29, 'Geografi', 'GEO', 'PEMIN', 0, 0, 3, 0, 1, 0, 10),
(32, 'Informatika', 'INF', 'PEMIN', 0, 0, 3, 0, 1, 0, 13),
(34, 'Kimia', 'KIM', 'PEMIN', 0, 0, 3, 0, 1, 0, 2),
(35, 'Kewirausahaan', 'KWU', 'PEMIN', 0, 0, 3, 0, 1, 0, 3),
(36, 'Sejarah', 'SEJ', 'MAP. ', 0, 0, 3, 0, 1, 0, 8),
(38, 'Sosiologi', 'SOS', 'MAP. ', 0, 0, 3, 0, 1, 0, 9),
(40, 'Bahasa Sunda', 'BSUND', 'MULOK', 0, 0, 1, 0, 1, 1, 1),
(41, 'Pendidikan Agama Islam dan Budi Pekerti', 'PAI', 'MAP. ', 0, 0, 1, 1, 1, 0, 1),
(42, 'Matematika (Peminatan)', 'MTK-P', 'PEMIN', 0, 0, 3, 0, 1, 1, 1);

-- --------------------------------------------------------

--
-- Table structure for table `master_siswa`
--

CREATE TABLE `master_siswa` (
  `id_siswa` int(11) NOT NULL,
  `nisn` int(10) UNSIGNED ZEROFILL NOT NULL,
  `nis` varchar(20) NOT NULL,
  `nama` varchar(50) NOT NULL,
  `jenis_kelamin` varchar(1) DEFAULT NULL,
  `username` varchar(50) NOT NULL,
  `password` mediumtext NOT NULL,
  `kelas_awal` int(11) NOT NULL,
  `tahun_masuk` varchar(30) DEFAULT NULL,
  `sekolah_asal` varchar(100) DEFAULT NULL,
  `tempat_lahir` varchar(100) DEFAULT NULL,
  `tanggal_lahir` varchar(30) DEFAULT NULL,
  `agama` varchar(10) DEFAULT NULL,
  `hp` varchar(15) DEFAULT NULL,
  `email` varchar(254) DEFAULT NULL,
  `foto` varchar(255) DEFAULT 'siswa.png',
  `anak_ke` int(11) DEFAULT NULL,
  `status_keluarga` varchar(1) DEFAULT NULL,
  `alamat` longtext DEFAULT NULL,
  `rt` varchar(5) DEFAULT NULL,
  `rw` varchar(5) DEFAULT NULL,
  `kelurahan` varchar(100) DEFAULT NULL,
  `kecamatan` varchar(100) DEFAULT NULL,
  `kabupaten` varchar(100) DEFAULT NULL,
  `provinsi` varchar(100) DEFAULT NULL,
  `kode_pos` int(11) DEFAULT NULL,
  `nama_ayah` varchar(150) DEFAULT NULL,
  `tgl_lahir_ayah` varchar(50) DEFAULT NULL,
  `pendidikan_ayah` varchar(50) DEFAULT NULL,
  `pekerjaan_ayah` varchar(100) DEFAULT NULL,
  `nohp_ayah` varchar(20) DEFAULT NULL,
  `alamat_ayah` longtext DEFAULT NULL,
  `nama_ibu` varchar(50) DEFAULT NULL,
  `tgl_lahir_ibu` varchar(50) DEFAULT NULL,
  `pendidikan_ibu` varchar(50) DEFAULT NULL,
  `pekerjaan_ibu` varchar(100) DEFAULT NULL,
  `nohp_ibu` varchar(20) DEFAULT NULL,
  `alamat_ibu` longtext DEFAULT NULL,
  `nama_wali` varchar(150) DEFAULT NULL,
  `tgl_lahir_wali` varchar(50) DEFAULT NULL,
  `pendidikan_wali` varchar(50) DEFAULT NULL,
  `pekerjaan_wali` varchar(100) DEFAULT NULL,
  `nohp_wali` varchar(20) DEFAULT NULL,
  `alamat_wali` longtext DEFAULT NULL,
  `nik` varchar(30) NOT NULL,
  `warga_negara` varchar(20) NOT NULL,
  `uid` varchar(255) NOT NULL
) ENGINE=InnoDB DEFAULT CHARSET=utf8mb4 COLLATE=utf8mb4_general_ci ROW_FORMAT=DYNAMIC;

--
-- Dumping data for table `master_siswa`
--

INSERT INTO `master_siswa` (`id_siswa`, `nisn`, `nis`, `nama`, `jenis_kelamin`, `username`, `password`, `kelas_awal`, `tahun_masuk`, `sekolah_asal`, `tempat_lahir`, `tanggal_lahir`, `agama`, `hp`, `email`, `foto`, `anak_ke`, `status_keluarga`, `alamat`, `rt`, `rw`, `kelurahan`, `kecamatan`, `kabupaten`, `provinsi`, `kode_pos`, `nama_ayah`, `tgl_lahir_ayah`, `pendidikan_ayah`, `pekerjaan_ayah`, `nohp_ayah`, `alamat_ayah`, `nama_ibu`, `tgl_lahir_ibu`, `pendidikan_ibu`, `pekerjaan_ibu`, `nohp_ibu`, `alamat_ibu`, `nama_wali`, `tgl_lahir_wali`, `pendidikan_wali`, `pekerjaan_wali`, `nohp_wali`, `alamat_wali`, `nik`, `warga_negara`, `uid`) VALUES
(5, 2024202401, '2024201', 'Abdurrahman Ukasha Faisal', 'L', 'ukasha', '123', 8, '15-07-2024', 'SMPIT ALMARJAN', '', '', '', '0', '', 'uploads/foto_siswa/2024201.jpg', 1, '1', '', '', '', '', '', '', '', 0, '', '', '', '', '', '', '', '', '', '', '', '', '', '', '', '', '', '', '', '', '41f1f98a-c820-11f0-88d3-86b703ea8bfb'),
(6, 2024202402, '2024202', 'Akram Abil Iftikar', 'L', 'akram', '123', 8, '15-07-2024', 'SMPIT ALMARJAN', '', '', '', '0', '', 'uploads/foto_siswa/2024202.jpg', 1, '1', '', '', '', '', '', '', '', 0, '', '', '', '', '', '', '', '', '', '', '', '', '', '', '', '', '', '', '', '', '41f2ad6c-c820-11f0-88d3-86b703ea8bfb'),
(7, 2024202403, '2024203', 'Alif Umar Faiq Aryudyansyah', 'L', 'alif', '123', 8, '15-07-2024', 'SMPIT ALMARJAN', '', '', '', '0', '', 'uploads/foto_siswa/2024203.jpg', 1, '1', '', '', '', '', '', '', '', 0, '', '', '', '', '', '', '', '', '', '', '', '', '', '', '', '', '', '', '', '', '41f32702-c820-11f0-88d3-86b703ea8bfb'),
(8, 2024202404, '2024204', 'Alvin Gibran Abiyyu', 'L', 'alvin', '123', 8, '15-07-2024', 'SMPIT ALMARJAN', '', '', '', '0', '', 'uploads/foto_siswa/2024204.jpg', 1, '1', '', '', '', '', '', '', '', 0, '', '', '', '', '', '', '', '', '', '', '', '', '', '', '', '', '', '', '', '', '41f34cee-c820-11f0-88d3-86b703ea8bfb'),
(9, 2024202405, '2024205', 'Alvito Aqela Zibran', 'L', 'alvito', '123', 8, '15-07-2024', 'SMPIT ALMARJAN', '', '', '', '0', '', 'uploads/foto_siswa/2024205.jpg', 1, '1', '', '', '', '', '', '', '', 0, '', '', '', '', '', '', '', '', '', '', '', '', '', '', '', '', '', '', '', '', '41f3758c-c820-11f0-88d3-86b703ea8bfb'),
(10, 2024202406, '2024206', 'Banyu Bening Althaf', 'L', 'banyu', '123', 8, '15-07-2024', 'SMPIT ALMARJAN', '', '', '', '0', '', 'uploads/foto_siswa/2024206.jpg', 1, '1', '', '', '', '', '', '', '', 0, '', '', '', '', '', '', '', '', '', '', '', '', '', '', '', '', '', '', '', '', '41f39ebd-c820-11f0-88d3-86b703ea8bfb'),
(11, 2024202407, '2024207', 'Chalif Aditya Tjahyadi', 'L', 'adit', '123', 8, '15-07-2024', 'SMPIT ALMARJAN', '', '', '', '0', '', 'uploads/foto_siswa/2024207.jpg', 1, '1', '', '', '', '', '', '', '', 0, '', '', '', '', '', '', '', '', '', '', '', '', '', '', '', '', '', '', '', '', '41f3c0f1-c820-11f0-88d3-86b703ea8bfb'),
(12, 2024202408, '2024208', 'Danish Awra Hidayat', 'L', 'danish', '123', 8, '15-07-2024', 'SMPIT ALMARJAN', '', '', '', '0', '', 'uploads/foto_siswa/2024208.jpg', 1, '1', '', '', '', '', '', '', '', 0, '', '', '', '', '', '', '', '', '', '', '', '', '', '', '', '', '', '', '', '', '41f3e367-c820-11f0-88d3-86b703ea8bfb'),
(13, 2024202409, '2024209', 'Fathan Ibnu Wicaksono', 'L', 'fathan', '123', 8, '15-07-2024', 'SMPIT ALMARJAN', '', '', '', '0', '', 'uploads/foto_siswa/2024209.jpg', 1, '1', '', '', '', '', '', '', '', 0, '', '', '', '', '', '', '', '', '', '', '', '', '', '', '', '', '', '', '', '', '41f3fd85-c820-11f0-88d3-86b703ea8bfb'),
(14, 2024202410, '2024210', 'Gaviota Safaraz Utama', 'L', 'vio', '123', 8, '15-07-2024', 'SMPIT ALMARJAN', '', '', '', '0', '', 'uploads/foto_siswa/2024210.jpg', 1, '1', '', '', '', '', '', '', '', 0, '', '', '', '', '', '', '', '', '', '', '', '', '', '', '', '', '', '', '', '', '41f40f53-c820-11f0-88d3-86b703ea8bfb'),
(15, 2024202411, '2024211', 'Gazza Al-Malik Gumay', 'L', 'malik', '123', 8, '15-07-2024', 'SMPIT ALMARJAN', '', '', '', '0', '', 'uploads/foto_siswa/2024211.jpg', 1, '1', '', '', '', '', '', '', '', 0, '', '', '', '', '', '', '', '', '', '', '', '', '', '', '', '', '', '', '', '', '41f429ad-c820-11f0-88d3-86b703ea8bfb'),
(16, 2024202412, '2024212', 'Ghifari Martino Kusumantoro', 'L', 'ghifari', '123', 8, '15-07-2024', 'SMPIT ALMARJAN', '', '', '', '0', '', 'uploads/foto_siswa/2024212.jpg', 1, '1', '', '', '', '', '', '', '', 0, '', '', '', '', '', '', '', '', '', '', '', '', '', '', '', '', '', '', '', '', '41f43bf6-c820-11f0-88d3-86b703ea8bfb'),
(17, 2024202413, '2024213', 'Giory Santana', 'L', 'jio', '123', 8, '15-07-2024', 'SMPIT ALMARJAN', '', '', '', '0', '', 'uploads/foto_siswa/2024213.jpg', 1, '1', '', '', '', '', '', '', '', 0, '', '', '', '', '', '', '', '', '', '', '', '', '', '', '', '', '', '', '', '', '41f4523d-c820-11f0-88d3-86b703ea8bfb'),
(18, 2024202414, '2024214', 'Kenanda Aryasena Nicko Sylvaneo', 'L', 'kenanda', '123', 8, '15-07-2024', 'SMPIT ALMARJAN', '', '', '', '0', '', 'uploads/foto_siswa/2024214.jpg', 1, '1', '', '', '', '', '', '', '', 0, '', '', '', '', '', '', '', '', '', '', '', '', '', '', '', '', '', '', '', '', '41f467a8-c820-11f0-88d3-86b703ea8bfb'),
(19, 2024202415, '2024215', 'Muhammad Danish Ahza', 'L', 'danish', '123', 8, '15-07-2024', 'SMPIT ALMARJAN', '', '', '', '0', '', 'uploads/foto_siswa/2024215.jpg', 1, '1', '', '', '', '', '', '', '', 0, '', '', '', '', '', '', '', '', '', '', '', '', '', '', '', '', '', '', '', '', '41f475db-c820-11f0-88d3-86b703ea8bfb'),
(20, 2024202416, '2024216', 'Muhammad Razel Wydian Putra', 'L', 'razel', '123', 8, '15-07-2024', 'SMPIT ALMARJAN', '', '', '', '0', '', 'uploads/foto_siswa/2024216.jpg', 1, '1', '', '', '', '', '', '', '', 0, '', '', '', '', '', '', '', '', '', '', '', '', '', '', '', '', '', '', '', '', '41f48324-c820-11f0-88d3-86b703ea8bfb'),
(21, 2024202417, '2024217', 'Raffi Ashraf Fadhila', 'L', 'raffi', '123', 8, '15-07-2024', 'SMPIT ALMARJAN', '', '', '', '0', '', 'uploads/foto_siswa/2024217.jpg', 1, '1', '', '', '', '', '', '', '', 0, '', '', '', '', '', '', '', '', '', '', '', '', '', '', '', '', '', '', '', '', '41f49012-c820-11f0-88d3-86b703ea8bfb'),
(22, 2024202418, '2024218', 'Rajendra Fairus Zidane', 'L', 'zidane', '123', 8, '15-07-2024', 'SMPIT ALMARJAN', '', '', '', '0', '', 'uploads/foto_siswa/2024218.jpg', 1, '1', '', '', '', '', '', '', '', 0, '', '', '', '', '', '', '', '', '', '', '', '', '', '', '', '', '', '', '', '', '41f49d5b-c820-11f0-88d3-86b703ea8bfb'),
(23, 2024202419, '2024219', 'Ray Nathan Julian Arthadi', 'L', 'nathan', '123', 8, '15-07-2024', 'SMPIT ALMARJAN', '', '', '', '0', '', 'uploads/foto_siswa/2024219.jpg', 1, '1', '', '', '', '', '', '', '', 0, '', '', '', '', '', '', '', '', '', '', '', '', '', '', '', '', '', '', '', '', '41f4aa6c-c820-11f0-88d3-86b703ea8bfb'),
(24, 2024202420, '2024220', 'Takeyza Valerie Irmi', 'L', 'eza', '123', 8, '15-07-2024', 'SMPIT ALMARJAN', '', '', '', '0', '', 'uploads/foto_siswa/2024220.jpg', 1, '1', '', '', '', '', '', '', '', 0, '', '', '', '', '', '', '', '', '', '', '', '', '', '', '', '', '', '', '', '', '41f4b761-c820-11f0-88d3-86b703ea8bfb'),
(25, 2024202421, '2024221', 'Zafeer Alfarezel', 'L', 'zafeer', '123', 8, '15-07-2024', 'SMPIT ALMARJAN', '', '', '', '0', '', 'uploads/foto_siswa/2024221.jpg', 1, '1', '', '', '', '', '', '', '', 0, '', '', '', '', '', '', '', '', '', '', '', '', '', '', '', '', '', '', '', '', '41f4c468-c820-11f0-88d3-86b703ea8bfb'),
(26, 2024202422, '2024222', 'Agil Baihaqi Khaizan', 'L', 'agil', '123', 9, '15-07-2023', 'SMPIT ALMARJAN', '', '', '', '0', '', 'uploads/foto_siswa/2024222.jpg', 1, '1', '', '', '', '', '', '', '', 0, '', '', '', '', '', '', '', '', '', '', '', '', '', '', '', '', '', '', '', '', '5b961beb-c831-11f0-88d3-86b703ea8bfb'),
(27, 2024202423, '2024223', 'Ardhani Azfar Pratama', 'L', 'azfar', '123', 9, '15-07-2023', 'SMPIT ALMARJAN', '', '', '', '0', '', 'uploads/foto_siswa/2024223.jpg', 1, '1', '', '', '', '', '', '', '', 0, '', '', '', '', '', '', '', '', '', '', '', '', '', '', '', '', '', '', '', '', '5b968abd-c831-11f0-88d3-86b703ea8bfb'),
(28, 2024202424, '2024224', 'Ayyash Faiz Insyaha', 'L', 'ayyash', '123', 9, '15-07-2023', 'SMPIT ALMARJAN', '', '', '', '0', '', 'uploads/foto_siswa/2024224.jpg', 1, '1', '', '', '', '', '', '', '', 0, '', '', '', '', '', '', '', '', '', '', '', '', '', '', '', '', '', '', '', '', '5b96ca13-c831-11f0-88d3-86b703ea8bfb'),
(29, 2024202425, '2024225', 'Dzaki Ambadar Faidlurrahman', 'L', 'dzaki', '123', 9, '15-07-2023', 'SMPIT ALMARJAN', '', '', '', '0', '', 'uploads/foto_siswa/2024225.jpg', 1, '1', '', '', '', '', '', '', '', 0, '', '', '', '', '', '', '', '', '', '', '', '', '', '', '', '', '', '', '', '', '5b96e8b8-c831-11f0-88d3-86b703ea8bfb'),
(30, 2024202426, '2024226', 'Maliq Fauzan Achmad', 'L', 'maliq', '123', 9, '15-07-2023', 'SMPIT ALMARJAN', '', '', '', '0', '', 'uploads/foto_siswa/2024226.jpg', 1, '1', '', '', '', '', '', '', '', 0, '', '', '', '', '', '', '', '', '', '', '', '', '', '', '', '', '', '', '', '', '5b970697-c831-11f0-88d3-86b703ea8bfb'),
(31, 2024202427, '2024227', 'Muhammad Attariq Desfa', 'L', 'desfa', '123', 9, '15-07-2023', 'SMPIT ALMARJAN', '', '', '', '0', '', 'uploads/foto_siswa/2024227.jpg', 1, '1', '', '', '', '', '', '', '', 0, '', '', '', '', '', '', '', '', '', '', '', '', '', '', '', '', '', '', '', '', '5b997f44-c831-11f0-88d3-86b703ea8bfb'),
(32, 2024202428, '2024228', 'Muhammad Faiz Ritonga', 'L', 'faiz', '123', 9, '15-07-2023', 'SMPIT ALMARJAN', '', '', '', '0', '', 'uploads/foto_siswa/2024228.jpg', 1, '1', '', '', '', '', '', '', '', 0, '', '', '', '', '', '', '', '', '', '', '', '', '', '', '', '', '', '', '', '', '5b99a692-c831-11f0-88d3-86b703ea8bfb'),
(33, 2024202429, '2024229', 'Muhammad Ghozali', 'L', 'ghozali', '123', 9, '15-07-2023', 'SMPIT ALMARJAN', '', '', '', '0', '', 'uploads/foto_siswa/2024229.jpg', 1, '1', '', '', '', '', '', '', '', 0, '', '', '', '', '', '', '', '', '', '', '', '', '', '', '', '', '', '', '', '', '5b99bda9-c831-11f0-88d3-86b703ea8bfb'),
(34, 2024202430, '2024230', 'Muhammad Hanandhiya Naryamasatyo', 'L', 'hanan', '123', 9, '15-07-2023', 'SMPIT ALMARJAN', '', '', '', '0', '', 'uploads/foto_siswa/2024230.jpg', 1, '1', '', '', '', '', '', '', '', 0, '', '', '', '', '', '', '', '', '', '', '', '', '', '', '', '', '', '', '', '', '5b99d509-c831-11f0-88d3-86b703ea8bfb'),
(35, 2024202431, '2024231', 'Muhammad Radhitya Rinaldy', 'L', 'radhit', '123', 9, '15-07-2023', 'SMPIT ALMARJAN', '', '', '', '0', '', 'uploads/foto_siswa/2024231.jpg', 1, '1', '', '', '', '', '', '', '', 0, '', '', '', '', '', '', '', '', '', '', '', '', '', '', '', '', '', '', '', '', '5b99eb6d-c831-11f0-88d3-86b703ea8bfb'),
(36, 2024202432, '2024232', 'Rafif Harith Farisy', 'L', 'rafif', '123', 9, '15-07-2023', 'SMPIT ALMARJAN', '', '', '', '0', '', 'uploads/foto_siswa/2024232.jpg', 1, '1', '', '', '', '', '', '', '', 0, '', '', '', '', '', '', '', '', '', '', '', '', '', '', '', '', '', '', '', '', '5b9a014d-c831-11f0-88d3-86b703ea8bfb'),
(37, 2024202433, '2024233', 'Seno Rafid Pribadi', 'L', 'seno', '123', 9, '15-07-2023', 'SMPIT ALMARJAN', '', '', '', '0', '', 'uploads/foto_siswa/2024233.jpg', 1, '1', '', '', '', '', '', '', '', 0, '', '', '', '', '', '', '', '', '', '', '', '', '', '', '', '', '', '', '', '', '5b9a173d-c831-11f0-88d3-86b703ea8bfb'),
(38, 2024202434, '2024234', 'Syafiq Alwy', 'L', 'alwy', '123', 9, '15-07-2023', 'SMPIT ALMARJAN', '', '', '', '0', '', 'uploads/foto_siswa/2024234.jpg', 1, '1', '', '', '', '', '', '', '', 0, '', '', '', '', '', '', '', '', '', '', '', '', '', '', '', '', '', '', '', '', '5b9a2d12-c831-11f0-88d3-86b703ea8bfb'),
(39, 2024202435, '2024235', 'Thariq Saif Ababil', 'L', 'thariq', '123', 9, '15-07-2023', 'SMPIT ALMARJAN', '', '', '', '0', '', 'uploads/foto_siswa/2024235.jpg', 1, '1', '', '', '', '', '', '', '', 0, '', '', '', '', '', '', '', '', '', '', '', '', '', '', '', '', '', '', '', '', '5b9a42fe-c831-11f0-88d3-86b703ea8bfb'),
(40, 2024202436, '2024236', 'Alya Ayusyifa', 'P', 'alya', '123', 9, '15-07-2023', 'SMPIT ALMARJAN', '', '', '', '0', '', 'uploads/foto_siswa/2024236.jpg', 1, '1', '', '', '', '', '', '', '', 0, '', '', '', '', '', '', '', '', '', '', '', '', '', '', '', '', '', '', '', '', '5b9a5a02-c831-11f0-88d3-86b703ea8bfb'),
(41, 2024202437, '2024237', 'Alysa Farrah Lakeisha', 'P', 'alysa', '123', 9, '15-07-2023', 'SMPIT ALMARJAN', '', '', '', '0', '', 'uploads/foto_siswa/2024237.jpg', 1, '1', '', '', '', '', '', '', '', 0, '', '', '', '', '', '', '', '', '', '', '', '', '', '', '', '', '', '', '', '', '5b9a7072-c831-11f0-88d3-86b703ea8bfb'),
(42, 2024202438, '2024238', 'Daffina Aazkiya Putri', 'P', 'daffina', '123', 9, '15-07-2023', 'SMPIT ALMARJAN', '', '', '', '0', '', 'uploads/foto_siswa/2024238.jpg', 1, '1', '', '', '', '', '', '', '', 0, '', '', '', '', '', '', '', '', '', '', '', '', '', '', '', '', '', '', '', '', '5b9a8693-c831-11f0-88d3-86b703ea8bfb'),
(43, 2024202439, '2024239', 'Keisha Kori Maynarista', 'P', 'keisha', '123', 9, '15-07-2023', 'SMPIT ALMARJAN', '', '', '', '0', '', 'uploads/foto_siswa/2024239.jpg', 1, '1', '', '', '', '', '', '', '', 0, '', '', '', '', '', '', '', '', '', '', '', '', '', '', '', '', '', '', '', '', '5b9a9c88-c831-11f0-88d3-86b703ea8bfb'),
(44, 2024202440, '2024240', 'Nadyne Fara Malika', 'P', 'nadyne', '123', 9, '15-07-2023', 'SMPIT ALMARJAN', '', '', '', '0', '', 'uploads/foto_siswa/2024240.jpg', 1, '1', '', '', '', '', '', '', '', 0, '', '', '', '', '', '', '', '', '', '', '', '', '', '', '', '', '', '', '', '', '5b9ab25f-c831-11f0-88d3-86b703ea8bfb'),
(45, 2024202441, '2024241', 'Nisa Nur Ilahiyah', 'P', 'nisa', '123', 9, '15-07-2023', 'SMPIT ALMARJAN', '', '', '', '0', '', 'uploads/foto_siswa/2024241.jpg', 1, '1', '', '', '', '', '', '', '', 0, '', '', '', '', '', '', '', '', '', '', '', '', '', '', '', '', '', '', '', '', '5b9ac86f-c831-11f0-88d3-86b703ea8bfb'),
(46, 2024202442, '2024242', 'Quinsha Naifah Mantik', 'P', 'caca', '123', 9, '15-07-2023', 'SMPIT ALMARJAN', '', '', '', '0', '', 'uploads/foto_siswa/2024242.jpg', 1, '1', '', '', '', '', '', '', '', 0, '', '', '', '', '', '', '', '', '', '', '', '', '', '', '', '', '', '', '', '', '5b9ade6c-c831-11f0-88d3-86b703ea8bfb'),
(47, 2024202443, '2024243', 'Raihana Kawakibi Asahi', 'P', 'hanan', '123', 9, '15-07-2023', 'SMPIT ALMARJAN', '', '', '', '0', '', 'uploads/foto_siswa/2024243.jpg', 1, '1', '', '', '', '', '', '', '', 0, '', '', '', '', '', '', '', '', '', '', '', '', '', '', '', '', '', '', '', '', '5b9af421-c831-11f0-88d3-86b703ea8bfb'),
(48, 2024202444, '2024244', 'Raihanna Adilia Hartanto', 'P', 'rana', '123', 9, '15-07-2023', 'SMPIT ALMARJAN', '', '', '', '0', '', 'uploads/foto_siswa/2024244.jpg', 1, '1', '', '', '', '', '', '', '', 0, '', '', '', '', '', '', '', '', '', '', '', '', '', '', '', '', '', '', '', '', '5b9b0a27-c831-11f0-88d3-86b703ea8bfb'),
(49, 2024202445, '2024245', 'Zivanna Kazumi Arrasy', 'P', 'zivanna', '123456', 9, '15-07-2023', 'SMPIT ALMARJAN', '', '', '', '0', '', 'uploads/foto_siswa/2024245.jpg', 1, '1', '', '', '', '', '', '', '', 0, '', '', '', '', '', '', '', '', '', '', '', '', '', '', '', '', '', '', '', '', '5b9b2003-c831-11f0-88d3-86b703ea8bfb'),
(50, 2024202446, '2024246', 'Dayana Batrisya Janeeta', 'P', 'dayana', '123', 8, '15-07-2024', 'SMPIT ALMARJAN', '', '', '', '0', '', 'uploads/foto_siswa/2024246.jpg', 1, '1', '', '', '', '', '', '', '', 0, '', '', '', '', '', '', '', '', '', '', '', '', '', '', '', '', '', '', '', '', '147cad89-c832-11f0-88d3-86b703ea8bfb'),
(51, 2024202447, '2024247', 'Dzakira Nur Lubnanisa', 'P', 'dzakira', '123', 8, '15-07-2024', 'SMPIT ALMARJAN', '', '', '', '0', '', 'uploads/foto_siswa/2024247.jpg', 1, '1', '', '', '', '', '', '', '', 0, '', '', '', '', '', '', '', '', '', '', '', '', '', '', '', '', '', '', '', '', '147cf820-c832-11f0-88d3-86b703ea8bfb'),
(52, 2024202448, '2024248', 'Elle Hanifah Mutiara Karguna', 'P', 'elle', '123', 8, '15-07-2024', 'SMPIT ALMARJAN', '', '', '', '0', '', 'uploads/foto_siswa/2024248.jpg', 1, '1', '', '', '', '', '', '', '', 0, '', '', '', '', '', '', '', '', '', '', '', '', '', '', '', '', '', '', '', '', '147d0f99-c832-11f0-88d3-86b703ea8bfb'),
(53, 2024202449, '2024249', 'Harvina Yasmin', 'P', 'yasmin', '123', 8, '15-07-2024', 'SMPIT ALMARJAN', '', '', '', '0', '', 'uploads/foto_siswa/2024249.jpg', 1, '1', '', '', '', '', '', '', '', 0, '', '', '', '', '', '', '', '', '', '', '', '', '', '', '', '', '', '', '', '', '147d2627-c832-11f0-88d3-86b703ea8bfb'),
(54, 2024202450, '2024250', 'Irhamna Syaaban Hafiza Rahmani', 'P', 'rahma', '123', 8, '15-07-2024', 'SMPIT ALMARJAN', '', '', '', '0', '', 'uploads/foto_siswa/2024250.jpg', 1, '1', '', '', '', '', '', '', '', 0, '', '', '', '', '', '', '', '', '', '', '', '', '', '', '', '', '', '', '', '', '147d3c7d-c832-11f0-88d3-86b703ea8bfb'),
(55, 2024202451, '2024251', 'Kayla Avifa Putri', 'P', 'kayla', '123', 8, '15-07-2024', 'SMPIT ALMARJAN', '', '', '', '0', '', 'uploads/foto_siswa/2024251.jpg', 1, '1', '', '', '', '', '', '', '', 0, '', '', '', '', '', '', '', '', '', '', '', '', '', '', '', '', '', '', '', '', '147d5323-c832-11f0-88d3-86b703ea8bfb'),
(56, 2024202452, '2024252', 'Keyaharetha Ciara Kusuma', 'P', 'ciara', '123', 8, '15-07-2024', 'SMPIT ALMARJAN', '', '', '', '0', '', 'uploads/foto_siswa/2024252.jpg', 1, '1', '', '', '', '', '', '', '', 0, '', '', '', '', '', '', '', '', '', '', '', '', '', '', '', '', '', '', '', '', '147d7b97-c832-11f0-88d3-86b703ea8bfb'),
(57, 2024202453, '2024253', 'Khaira Zayan Asyarani', 'P', 'khaira', '123', 8, '15-07-2024', 'SMPIT ALMARJAN', '', '', '', '0', '', 'uploads/foto_siswa/2024253.jpg', 1, '1', '', '', '', '', '', '', '', 0, '', '', '', '', '', '', '', '', '', '', '', '', '', '', '', '', '', '', '', '', '147fee04-c832-11f0-88d3-86b703ea8bfb'),
(58, 2024202454, '2024254', 'Myesha Adeeva Safa Firmansyah', 'P', 'adeeva', '123', 8, '15-07-2024', 'SMPIT ALMARJAN', '', '', '', '0', '', 'uploads/foto_siswa/2024254.jpg', 1, '1', '', '', '', '', '', '', '', 0, '', '', '', '', '', '', '', '', '', '', '', '', '', '', '', '', '', '', '', '', '148020a3-c832-11f0-88d3-86b703ea8bfb'),
(59, 2024202455, '2024255', 'Najla Fahira Aulia', 'P', 'najla', '123', 8, '15-07-2024', 'SMPIT ALMARJAN', '', '', '', '0', '', 'uploads/foto_siswa/2024255.jpg', 1, '1', '', '', '', '', '', '', '', 0, '', '', '', '', '', '', '', '', '', '', '', '', '', '', '', '', '', '', '', '', '148058af-c832-11f0-88d3-86b703ea8bfb'),
(60, 2024202456, '2024256', 'Nayyara Dekka Aibar', 'P', 'nayya', '123', 8, '15-07-2024', 'SMPIT ALMARJAN', '', '', '', '0', '', 'uploads/foto_siswa/2024256.jpg', 1, '1', '', '', '', '', '', '', '', 0, '', '', '', '', '', '', '', '', '', '', '', '', '', '', '', '', '', '', '', '', '1480773d-c832-11f0-88d3-86b703ea8bfb'),
(61, 2024202457, '2024257', 'Nyssa Nashifa Naura', 'P', 'nyssa', '123', 8, '15-07-2024', 'SMPIT ALMARJAN', '', '', '', '0', '', 'uploads/foto_siswa/2024257.jpg', 1, '1', '', '', '', '', '', '', '', 0, '', '', '', '', '', '', '', '', '', '', '', '', '', '', '', '', '', '', '', '', '1480a14c-c832-11f0-88d3-86b703ea8bfb'),
(62, 2024202458, '2024258', 'Raesya Nadhif Fakhira', 'P', 'eca', '123', 8, '15-07-2024', 'SMPIT ALMARJAN', '', '', '', '0', '', 'uploads/foto_siswa/2024258.jpg', 1, '1', '', '', '', '', '', '', '', 0, '', '', '', '', '', '', '', '', '', '', '', '', '', '', '', '', '', '', '', '', '1480b86e-c832-11f0-88d3-86b703ea8bfb'),
(63, 2024202459, '2024259', 'Syahla Choiru Zhafifah', 'P', 'syahla', '123', 8, '15-07-2024', 'SMPIT ALMARJAN', '', '', '', '0', '', 'uploads/foto_siswa/2024259.jpg', 1, '1', '', '', '', '', '', '', '', 0, '', '', '', '', '', '', '', '', '', '', '', '', '', '', '', '', '', '', '', '', '1480cf94-c832-11f0-88d3-86b703ea8bfb'),
(64, 2024202460, '2024260', 'Syakiera Naila Putri', 'P', 'yaya', '123', 8, '15-07-2024', 'SMPIT ALMARJAN', '', '', '', '0', '', 'uploads/foto_siswa/2024260.jpg', 1, '1', '', '', '', '', '', '', '', 0, '', '', '', '', '', '', '', '', '', '', '', '', '', '', '', '', '', '', '', '', '1480e8ce-c832-11f0-88d3-86b703ea8bfb'),
(65, 2024202461, '2024261', 'Waode Jasmine Putri Aristyan', 'P', 'jasmine', '123', 8, '15-07-2024', 'SMPIT ALMARJAN', '', '', '', '0', '', 'uploads/foto_siswa/2024261.jpg', 1, '1', '', '', '', '', '', '', '', 0, '', '', '', '', '', '', '', '', '', '', '', '', '', '', '', '', '', '', '', '', '14810061-c832-11f0-88d3-86b703ea8bfb'),
(66, 2024202462, '2024262', 'Adnan Rafa Saputra', 'L', 'adnan', '123', 7, '16-07-2025', 'SMPIT ALMARJAN', '', '', '', '0', '', 'uploads/foto_siswa/2024262.jpg', 1, '1', '', '', '', '', '', '', '', 0, '', '', '', '', '', '', '', '', '', '', '', '', '', '', '', '', '', '', '', '', '9c6ab346-c881-11f0-be9c-b213462afd77'),
(67, 2024202463, '2024263', 'Alief Averroes Zihni', 'L', 'vero', '123', 7, '16-07-2025', 'SMPIT ALMARJAN', '', '', '', '0', '', 'uploads/foto_siswa/2024263.jpg', 1, '1', '', '', '', '', '', '', '', 0, '', '', '', '', '', '', '', '', '', '', '', '', '', '', '', '', '', '', '', '', '9c6b6574-c881-11f0-be9c-b213462afd77'),
(68, 2024202464, '2024264', 'Bhumi Adhyastha Putra Addisa', 'L', 'bhumi', '123', 7, '16-07-2025', 'SMPIT ALMARJAN', '', '', '', '0', '', 'uploads/foto_siswa/2024264.jpg', 1, '1', '', '', '', '', '', '', '', 0, '', '', '', '', '', '', '', '', '', '', '', '', '', '', '', '', '', '', '', '', '9c6b7c85-c881-11f0-be9c-b213462afd77'),
(69, 2024202465, '2024265', 'Elang Soetta Suwargono', 'L', 'elang', '123', 7, '16-07-2025', 'SMPIT ALMARJAN', '', '', '', '0', '', 'uploads/foto_siswa/2024265.jpg', 1, '1', '', '', '', '', '', '', '', 0, '', '', '', '', '', '', '', '', '', '', '', '', '', '', '', '', '', '', '', '', '9c6b9284-c881-11f0-be9c-b213462afd77'),
(70, 2024202466, '2024266', 'Fadel Ilham Ghani Hanafie', 'L', 'fadel', '123', 7, '16-07-2025', 'SMPIT ALMARJAN', '', '', '', '0', '', 'uploads/foto_siswa/2024266.jpg', 1, '1', '', '', '', '', '', '', '', 0, '', '', '', '', '', '', '', '', '', '', '', '', '', '', '', '', '', '', '', '', '9c6bb355-c881-11f0-be9c-b213462afd77'),
(71, 2024202467, '2024267', 'Farand Adibrata Widyadana', 'L', 'farand', '123', 7, '16-07-2025', 'SMPIT ALMARJAN', '', '', '', '0', '', 'uploads/foto_siswa/2024267.jpg', 1, '1', '', '', '', '', '', '', '', 0, '', '', '', '', '', '', '', '', '', '', '', '', '', '', '', '', '', '', '', '', '9c6bc975-c881-11f0-be9c-b213462afd77'),
(72, 2024202468, '2024268', 'Hilman Muhammad Rifqy Roseno', 'L', 'hilman', '123', 7, '16-07-2025', 'SMPIT ALMARJAN', '', '', '', '0', '', 'uploads/foto_siswa/2024268.jpg', 1, '1', '', '', '', '', '', '', '', 0, '', '', '', '', '', '', '', '', '', '', '', '', '', '', '', '', '', '', '', '', '9c6bdfad-c881-11f0-be9c-b213462afd77'),
(73, 2024202469, '2024269', 'Kenzie Syailendra Mada', 'L', 'kenzie', '123', 7, '16-07-2025', 'SMPIT ALMARJAN', '', '', '', '0', '', 'uploads/foto_siswa/2024269.jpg', 1, '1', '', '', '', '', '', '', '', 0, '', '', '', '', '', '', '', '', '', '', '', '', '', '', '', '', '', '', '', '', '9c6bf515-c881-11f0-be9c-b213462afd77'),
(74, 2024202470, '2024270', 'Muhammad Athar Ghifaari', 'L', 'athar', '123', 7, '16-07-2025', 'SMPIT ALMARJAN', '', '', '', '0', '', 'uploads/foto_siswa/2024270.jpg', 1, '1', '', '', '', '', '', '', '', 0, '', '', '', '', '', '', '', '', '', '', '', '', '', '', '', '', '', '', '', '', '9c6c1221-c881-11f0-be9c-b213462afd77'),
(75, 2024202471, '2024271', 'Muhammad Darrell Athallah', 'L', 'darrel', '123', 7, '16-07-2025', 'SMPIT ALMARJAN', '', '', '', '0', '', 'uploads/foto_siswa/2024271.jpg', 1, '1', '', '', '', '', '', '', '', 0, '', '', '', '', '', '', '', '', '', '', '', '', '', '', '', '', '', '', '', '', '9c6d4d8e-c881-11f0-be9c-b213462afd77'),
(76, 2024202472, '2024272', 'Muhammad Fathan Efendi', 'L', 'fathan1', '123', 7, '16-07-2025', 'SMPIT ALMARJAN', '', '', '', '0', '', 'uploads/foto_siswa/2024272.jpg', 1, '1', '', '', '', '', '', '', '', 0, '', '', '', '', '', '', '', '', '', '', '', '', '', '', '', '', '', '', '', '', '9c6dbb8a-c881-11f0-be9c-b213462afd77'),
(77, 2024202473, '2024273', 'Muhammad Rasyad', 'L', 'rasyad', '123', 7, '16-07-2025', 'SMPIT ALMARJAN', '', '', '', '0', '', 'uploads/foto_siswa/2024273.jpg', 1, '1', '', '', '', '', '', '', '', 0, '', '', '', '', '', '', '', '', '', '', '', '', '', '', '', '', '', '', '', '', '9c6ddc06-c881-11f0-be9c-b213462afd77'),
(78, 2024202474, '2024274', 'Raka Farras Indrayana', 'L', 'raka', '123', 7, '16-07-2025', 'SMPIT ALMARJAN', '', '', '', '0', '', 'uploads/foto_siswa/2024274.jpg', 1, '1', '', '', '', '', '', '', '', 0, '', '', '', '', '', '', '', '', '', '', '', '', '', '', '', '', '', '', '', '', '9c6dfd09-c881-11f0-be9c-b213462afd77'),
(79, 2024202475, '2024275', 'Raviar Aziz Ariski Saldi', 'L', 'raviar', '123', 7, '16-07-2025', 'SMPIT ALMARJAN', '', '', '', '0', '', 'uploads/foto_siswa/2024275.jpg', 1, '1', '', '', '', '', '', '', '', 0, '', '', '', '', '', '', '', '', '', '', '', '', '', '', '', '', '', '', '', '', '9c6e1c07-c881-11f0-be9c-b213462afd77'),
(80, 2024202476, '2024276', 'Razka Abercio Hidayat', 'L', 'razka', '123', 7, '16-07-2025', 'SMPIT ALMARJAN', '', '', '', '0', '', 'uploads/foto_siswa/2024276.jpg', 1, '1', '', '', '', '', '', '', '', 0, '', '', '', '', '', '', '', '', '', '', '', '', '', '', '', '', '', '', '', '', '9c6e396f-c881-11f0-be9c-b213462afd77'),
(81, 2024202477, '2024277', 'Zaky Rahmatul Afra', 'L', 'zaky', '123', 7, '16-07-2025', 'SMPIT ALMARJAN', '', '', '', '0', '', 'uploads/foto_siswa/2024277.jpg', 1, '1', '', '', '', '', '', '', '', 0, '', '', '', '', '', '', '', '', '', '', '', '', '', '', '', '', '', '', '', '', '9c6e5617-c881-11f0-be9c-b213462afd77'),
(82, 2024202478, '2024278', 'Aisyah Jasmine Aditya Putri', 'P', 'ajasmine', '123', 7, '16-07-2025', 'SMPIT ALMARJAN', '', '', '', '0', '', 'uploads/foto_siswa/2024278.jpg', 1, '1', '', '', '', '', '', '', '', 0, '', '', '', '', '', '', '', '', '', '', '', '', '', '', '', '', '', '', '', '', '038bd64d-c882-11f0-be9c-b213462afd77'),
(83, 2024202479, '2024279', 'Athifa Qairina Al Hadi', 'P', 'athifa', '123', 7, '16-07-2025', 'SMPIT ALMARJAN', '', '', '', '0', '', 'uploads/foto_siswa/2024279.jpg', 1, '1', '', '', '', '', '', '', '', 0, '', '', '', '', '', '', '', '', '', '', '', '', '', '', '', '', '', '', '', '', '038cd5a0-c882-11f0-be9c-b213462afd77'),
(84, 2024202480, '2024280', 'Azira Annida Rahman', 'P', 'azira', '123', 7, '16-07-2025', 'SMPIT ALMARJAN', '', '', '', '0', '', 'uploads/foto_siswa/2024280.jpg', 1, '1', '', '', '', '', '', '', '', 0, '', '', '', '', '', '', '', '', '', '', '', '', '', '', '', '', '', '', '', '', '038da28c-c882-11f0-be9c-b213462afd77'),
(85, 2024202481, '2024281', 'Carissa Bella', 'P', 'bella', '123', 7, '16-07-2025', 'SMPIT ALMARJAN', '', '', '', '0', '', 'uploads/foto_siswa/2024281.jpg', 1, '1', '', '', '', '', '', '', '', 0, '', '', '', '', '', '', '', '', '', '', '', '', '', '', '', '', '', '', '', '', '038dc565-c882-11f0-be9c-b213462afd77'),
(86, 2024202482, '2024282', 'Jihan Nabila Azhar', 'P', 'jihan', '123', 7, '16-07-2025', 'SMPIT ALMARJAN', '', '', '', '0', '', 'uploads/foto_siswa/2024282.jpg', 1, '1', '', '', '', '', '', '', '', 0, '', '', '', '', '', '', '', '', '', '', '', '', '', '', '', '', '', '', '', '', '038ddca1-c882-11f0-be9c-b213462afd77'),
(87, 2024202483, '2024283', 'Khansa Zhafira Safwani Pasya', 'P', 'khansa', '123', 7, '16-07-2025', 'SMPIT ALMARJAN', '', '', '', '0', '', 'uploads/foto_siswa/2024283.jpg', 1, '1', '', '', '', '', '', '', '', 0, '', '', '', '', '', '', '', '', '', '', '', '', '', '', '', '', '', '', '', '', '038df2f8-c882-11f0-be9c-b213462afd77'),
(88, 2024202484, '2024284', 'Nabila Verniza Putri', 'P', 'nabila', '123', 7, '16-07-2025', 'SMPIT ALMARJAN', '', '', '', '0', '', 'uploads/foto_siswa/2024284.jpg', 1, '1', '', '', '', '', '', '', '', 0, '', '', '', '', '', '', '', '', '', '', '', '', '', '', '', '', '', '', '', '', '038e0bb9-c882-11f0-be9c-b213462afd77'),
(89, 2024202485, '2024285', 'Nauli Aulia Deswika Putri', 'P', 'nauli', '123', 7, '16-07-2025', 'SMPIT ALMARJAN', '', '', '', '0', '', 'uploads/foto_siswa/2024285.jpg', 1, '1', '', '', '', '', '', '', '', 0, '', '', '', '', '', '', '', '', '', '', '', '', '', '', '', '', '', '', '', '', '038e24a7-c882-11f0-be9c-b213462afd77'),
(90, 2024202486, '2024286', 'Savannah Latisha Al Ulya', 'P', 'savannah', '123', 7, '16-07-2025', 'SMPIT ALMARJAN', '', '', '', '0', '', 'uploads/foto_siswa/2024286.jpg', 1, '1', '', '', '', '', '', '', '', 0, '', '', '', '', '', '', '', '', '', '', '', '', '', '', '', '', '', '', '', '', '038e3ad7-c882-11f0-be9c-b213462afd77'),
(91, 2024202487, '2024287', 'Shakeela Putri Handoko', 'P', 'keela', '123', 7, '16-07-2025', 'SMPIT ALMARJAN', '', '', '', '0', '', 'uploads/foto_siswa/2024287.jpg', 1, '1', '', '', '', '', '', '', '', 0, '', '', '', '', '', '', '', '', '', '', '', '', '', '', '', '', '', '', '', '', '038e5068-c882-11f0-be9c-b213462afd77'),
(92, 2024202488, '2024288', 'Athaya Kamila Panjaitan', 'P', 'athaya', '123', 10, '16-07-2025', 'SMAIT ALMARJAN', '', '', '', '0', '', 'uploads/foto_siswa/2024288.jpg', 1, '1', '', '', '', '', '', '', '', 0, '', '', '', '', '', '', '', '', '', '', '', '', '', '', '', '', '', '', '', '', 'eb37d446-c937-11f0-9d17-c0b64f6b298c'),
(93, 2024202489, '2024289', 'Farrah Haura', 'P', 'farrah', '123', 10, '16-07-2025', 'SMAIT ALMARJAN', '', '', '', '0', '', 'uploads/foto_siswa/2024289.jpg', 1, '1', '', '', '', '', '', '', '', 0, '', '', '', '', '', '', '', '', '', '', '', '', '', '', '', '', '', '', '', '', 'eb380b33-c937-11f0-9d17-c0b64f6b298c'),
(94, 2024202490, '2024290', 'Hanif Arfa Andhika', 'L', 'hanif', '123', 10, '16-07-2025', 'SMAIT ALMARJAN', '', '', '', '0', '', 'uploads/foto_siswa/2024290.jpg', 1, '1', '', '', '', '', '', '', '', 0, '', '', '', '', '', '', '', '', '', '', '', '', '', '', '', '', '', '', '', '', 'eb3822b2-c937-11f0-9d17-c0b64f6b298c'),
(95, 2024202491, '2024291', 'Nadia Khairunnisa', 'P', 'nadia', '123', 10, '16-07-2025', 'SMAIT ALMARJAN', '', '', '', '0', '', 'uploads/foto_siswa/2024291.jpg', 1, '1', '', '', '', '', '', '', '', 0, '', '', '', '', '', '', '', '', '', '', '', '', '', '', '', '', '', '', '', '', 'eb384050-c937-11f0-9d17-c0b64f6b298c'),
(96, 2024202492, '2024292', 'Ragita Fatimah Az Zahra', 'P', 'ragita', '123', 10, '16-07-2025', 'SMAIT ALMARJAN', '', '', '', '0', '', 'uploads/foto_siswa/2024292.jpg', 1, '1', '', '', '', '', '', '', '', 0, '', '', '', '', '', '', '', '', '', '', '', '', '', '', '', '', '', '', '', '', 'eb388b8b-c937-11f0-9d17-c0b64f6b298c'),
(97, 2024202493, '2024293', 'Rizka Alifia', 'P', 'rizka', '123456', 10, '16-07-2025', 'SMAIT ALMARJAN', '', '', '', '0', '', 'uploads/foto_siswa/2024293.jpg', 1, '1', '', '', '', '', '', '', '', 0, '', '', '', '', '', '', '', '', '', '', '', '', '', '', '', '', '', '', '', '', 'eb38ba48-c937-11f0-9d17-c0b64f6b298c'),
(98, 2024202494, '2024294', 'Syazwina Adya Radisti', 'P', 'syazwina', '123', 10, '16-07-2025', 'SMAIT ALMARJAN', '', '', '', '0', '', 'uploads/foto_siswa/2024294.jpg', 1, '1', '', '', '', '', '', '', '', 0, '', '', '', '', '', '', '', '', '', '', '', '', '', '', '', '', '', '', '', '', 'eb38d869-c937-11f0-9d17-c0b64f6b298c');

-- --------------------------------------------------------

--
-- Table structure for table `master_smt`
--

CREATE TABLE `master_smt` (
  `id_smt` int(11) NOT NULL,
  `smt` varchar(10) NOT NULL,
  `nama_smt` varchar(10) NOT NULL,
  `active` int(11) NOT NULL
) ENGINE=InnoDB DEFAULT CHARSET=utf8mb4 COLLATE=utf8mb4_general_ci ROW_FORMAT=DYNAMIC;

--
-- Dumping data for table `master_smt`
--

INSERT INTO `master_smt` (`id_smt`, `smt`, `nama_smt`, `active`) VALUES
(1, 'Ganjil', 'I (satu)', 1),
(2, 'Genap', 'II (dua)', 0);

-- --------------------------------------------------------

--
-- Table structure for table `master_tp`
--

CREATE TABLE `master_tp` (
  `id_tp` int(11) NOT NULL,
  `tahun` varchar(20) NOT NULL,
  `active` int(11) NOT NULL
) ENGINE=InnoDB DEFAULT CHARSET=utf8mb4 COLLATE=utf8mb4_general_ci ROW_FORMAT=DYNAMIC;

--
-- Dumping data for table `master_tp`
--

INSERT INTO `master_tp` (`id_tp`, `tahun`, `active`) VALUES
(5, '2025/2026', 1);

-- --------------------------------------------------------

--
-- Table structure for table `post`
--

CREATE TABLE `post` (
  `id_post` int(11) NOT NULL,
  `dari` int(11) DEFAULT NULL,
  `dari_group` int(11) DEFAULT NULL,
  `kepada` varchar(50) NOT NULL COMMENT 'group',
  `text` longtext NOT NULL,
  `tanggal` datetime NOT NULL DEFAULT current_timestamp(),
  `updated` datetime NOT NULL DEFAULT current_timestamp()
) ENGINE=InnoDB DEFAULT CHARSET=utf8mb4 COLLATE=utf8mb4_general_ci ROW_FORMAT=DYNAMIC;

-- --------------------------------------------------------

--
-- Table structure for table `post_comments`
--

CREATE TABLE `post_comments` (
  `id_comment` int(11) NOT NULL,
  `id_post` int(11) DEFAULT NULL,
  `dari` int(11) DEFAULT NULL,
  `dari_group` int(11) DEFAULT NULL,
  `text` longtext NOT NULL,
  `tanggal` datetime NOT NULL DEFAULT current_timestamp(),
  `updated` datetime NOT NULL DEFAULT current_timestamp() ON UPDATE current_timestamp(),
  `type` varchar(1) NOT NULL DEFAULT '1' COMMENT '1:pengumuman, 2:materi, 3:tugas'
) ENGINE=InnoDB DEFAULT CHARSET=utf8mb4 COLLATE=utf8mb4_general_ci ROW_FORMAT=DYNAMIC;

-- --------------------------------------------------------

--
-- Table structure for table `post_reply`
--

CREATE TABLE `post_reply` (
  `id_reply` int(11) NOT NULL,
  `id_comment` int(11) DEFAULT NULL,
  `dari` int(11) DEFAULT NULL,
  `dari_group` int(11) DEFAULT NULL,
  `text` longtext NOT NULL,
  `tanggal` datetime NOT NULL DEFAULT current_timestamp(),
  `updated` datetime NOT NULL DEFAULT current_timestamp() ON UPDATE current_timestamp(),
  `type` varchar(1) NOT NULL DEFAULT '1'
) ENGINE=InnoDB DEFAULT CHARSET=utf8mb4 COLLATE=utf8mb4_general_ci ROW_FORMAT=DYNAMIC;

-- --------------------------------------------------------

--
-- Table structure for table `rapor_admin_setting`
--

CREATE TABLE `rapor_admin_setting` (
  `id_setting` int(11) NOT NULL,
  `id_tp` int(11) NOT NULL DEFAULT 0,
  `id_smt` int(11) NOT NULL DEFAULT 0,
  `kkm_tunggal` int(11) NOT NULL DEFAULT 0,
  `kkm` int(11) DEFAULT NULL,
  `bobot_ph` int(11) DEFAULT NULL,
  `bobot_pts` int(11) DEFAULT NULL,
  `bobot_pas` int(11) DEFAULT NULL,
  `bobot_absen` int(11) DEFAULT NULL,
  `tgl_rapor_akhir` varchar(100) DEFAULT NULL,
  `tgl_rapor_kelas_akhir` varchar(100) DEFAULT NULL,
  `tgl_rapor_pts` varchar(100) DEFAULT NULL,
  `nip_kepsek` int(11) DEFAULT 0,
  `nip_walikelas` int(11) DEFAULT 0
) ENGINE=InnoDB DEFAULT CHARSET=utf8mb4 COLLATE=utf8mb4_general_ci ROW_FORMAT=DYNAMIC;

-- --------------------------------------------------------

--
-- Table structure for table `rapor_catatan_wali`
--

CREATE TABLE `rapor_catatan_wali` (
  `id_catatan_wali` int(11) NOT NULL,
  `id_tp` int(11) NOT NULL DEFAULT 0,
  `id_smt` int(11) NOT NULL DEFAULT 0,
  `id_kelas` int(11) DEFAULT NULL,
  `id_siswa` int(11) DEFAULT NULL,
  `nilai` longtext DEFAULT NULL,
  `deskripsi` longtext DEFAULT NULL
) ENGINE=InnoDB DEFAULT CHARSET=utf8mb4 COLLATE=utf8mb4_general_ci ROW_FORMAT=DYNAMIC;

-- --------------------------------------------------------

--
-- Table structure for table `rapor_data_catatan`
--

CREATE TABLE `rapor_data_catatan` (
  `id_catatan` int(11) NOT NULL,
  `id_tp` int(11) NOT NULL DEFAULT 0,
  `id_smt` int(11) NOT NULL DEFAULT 0,
  `id_kelas` int(11) DEFAULT NULL,
  `jenis` int(11) NOT NULL COMMENT '1=desk absensi, 2=desk catatan, 3=desk ranking',
  `kode` int(11) NOT NULL,
  `deskripsi` varchar(150) NOT NULL,
  `rank` varchar(7) DEFAULT NULL
) ENGINE=InnoDB DEFAULT CHARSET=utf8mb4 COLLATE=utf8mb4_general_ci ROW_FORMAT=DYNAMIC;

-- --------------------------------------------------------

--
-- Table structure for table `rapor_data_fisik`
--

CREATE TABLE `rapor_data_fisik` (
  `id_fisik` int(11) NOT NULL,
  `id_tp` int(11) NOT NULL DEFAULT 0,
  `id_smt` int(11) NOT NULL DEFAULT 0,
  `id_kelas` int(11) DEFAULT NULL,
  `jenis` int(11) NOT NULL COMMENT '1=pendengaran, 2=penglihatan, 3=gigi, 4=lain-lain',
  `kode` int(11) NOT NULL,
  `deskripsi` longtext NOT NULL
) ENGINE=InnoDB DEFAULT CHARSET=utf8mb4 COLLATE=utf8mb4_general_ci ROW_FORMAT=DYNAMIC;

-- --------------------------------------------------------

--
-- Table structure for table `rapor_data_sikap`
--

CREATE TABLE `rapor_data_sikap` (
  `id_sikap` int(11) NOT NULL,
  `id_tp` int(11) NOT NULL DEFAULT 0,
  `id_smt` int(11) NOT NULL DEFAULT 0,
  `id_kelas` int(11) DEFAULT NULL,
  `jenis` int(11) NOT NULL COMMENT '1=spiritual, 2=sosial',
  `kode` int(11) NOT NULL,
  `sikap` varchar(100) NOT NULL
) ENGINE=InnoDB DEFAULT CHARSET=utf8mb4 COLLATE=utf8mb4_general_ci ROW_FORMAT=DYNAMIC;

-- --------------------------------------------------------

--
-- Table structure for table `rapor_fisik`
--

CREATE TABLE `rapor_fisik` (
  `id_fisik` int(11) NOT NULL,
  `id_kelas` int(11) DEFAULT NULL,
  `id_siswa` int(11) DEFAULT NULL,
  `id_tp` int(11) NOT NULL,
  `id_smt` int(11) NOT NULL,
  `kondisi` longtext NOT NULL,
  `tinggi` int(11) NOT NULL,
  `berat` int(11) NOT NULL
) ENGINE=InnoDB DEFAULT CHARSET=utf8mb4 COLLATE=utf8mb4_general_ci ROW_FORMAT=DYNAMIC;

-- --------------------------------------------------------

--
-- Table structure for table `rapor_kikd`
--

CREATE TABLE `rapor_kikd` (
  `id_kikd` int(11) NOT NULL,
  `id_mapel_kelas` int(11) DEFAULT NULL,
  `aspek` int(11) NOT NULL,
  `id_tp` int(11) NOT NULL,
  `id_smt` int(11) NOT NULL,
  `materi_kikd` longtext NOT NULL
) ENGINE=InnoDB DEFAULT CHARSET=utf8mb4 COLLATE=utf8mb4_general_ci ROW_FORMAT=DYNAMIC;

-- --------------------------------------------------------

--
-- Table structure for table `rapor_kkm`
--

CREATE TABLE `rapor_kkm` (
  `id_kkm` int(11) NOT NULL,
  `kkm` int(11) DEFAULT 0,
  `bobot_ph` int(11) DEFAULT 0,
  `bobot_pts` int(11) DEFAULT 0,
  `bobot_pas` int(11) DEFAULT 0,
  `bobot_absen` int(11) DEFAULT 0,
  `beban_jam` int(11) DEFAULT 0,
  `id_tp` int(11) NOT NULL DEFAULT 0,
  `id_smt` int(11) NOT NULL DEFAULT 0,
  `jenis` int(11) NOT NULL,
  `id_kelas` int(11) DEFAULT NULL,
  `id_mapel` int(11) DEFAULT NULL
) ENGINE=InnoDB DEFAULT CHARSET=utf8mb4 COLLATE=utf8mb4_general_ci ROW_FORMAT=DYNAMIC;

-- --------------------------------------------------------

--
-- Table structure for table `rapor_naik`
--

CREATE TABLE `rapor_naik` (
  `id_naik` int(11) NOT NULL,
  `id_tp` int(11) NOT NULL,
  `id_smt` int(11) NOT NULL,
  `id_siswa` int(11) NOT NULL,
  `naik` int(11) NOT NULL
) ENGINE=InnoDB DEFAULT CHARSET=utf8mb4 COLLATE=utf8mb4_general_ci ROW_FORMAT=DYNAMIC;

-- --------------------------------------------------------

--
-- Table structure for table `rapor_nilai_akhir`
--

CREATE TABLE `rapor_nilai_akhir` (
  `id_nilai_akhir` int(11) NOT NULL,
  `id_mapel` int(11) DEFAULT NULL,
  `id_kelas` int(11) DEFAULT NULL,
  `id_siswa` int(11) DEFAULT NULL,
  `id_tp` int(11) NOT NULL,
  `id_smt` int(11) NOT NULL,
  `nilai` int(11) DEFAULT 0,
  `akhir` int(11) DEFAULT NULL,
  `predikat` varchar(1) DEFAULT NULL
) ENGINE=InnoDB DEFAULT CHARSET=utf8mb4 COLLATE=utf8mb4_general_ci ROW_FORMAT=DYNAMIC;

-- --------------------------------------------------------

--
-- Table structure for table `rapor_nilai_ekstra`
--

CREATE TABLE `rapor_nilai_ekstra` (
  `id_nilai_ekstra` int(11) NOT NULL,
  `id_ekstra` int(11) DEFAULT NULL,
  `id_kelas` int(11) DEFAULT NULL,
  `id_siswa` int(11) DEFAULT NULL,
  `id_tp` int(11) NOT NULL,
  `id_smt` int(11) NOT NULL,
  `nilai` int(11) NOT NULL,
  `predikat` varchar(1) DEFAULT NULL,
  `deskripsi` mediumtext DEFAULT NULL
) ENGINE=InnoDB DEFAULT CHARSET=utf8mb4 COLLATE=utf8mb4_general_ci ROW_FORMAT=DYNAMIC;

-- --------------------------------------------------------

--
-- Table structure for table `rapor_nilai_harian`
--

CREATE TABLE `rapor_nilai_harian` (
  `id_nilai_harian` int(11) NOT NULL,
  `id_siswa` int(11) DEFAULT NULL,
  `id_mapel` int(11) DEFAULT NULL,
  `id_kelas` int(11) DEFAULT NULL,
  `id_tp` int(11) NOT NULL,
  `id_smt` int(11) NOT NULL,
  `p1` varchar(3) DEFAULT NULL,
  `p2` varchar(3) DEFAULT NULL,
  `p3` varchar(3) DEFAULT NULL,
  `p4` varchar(3) DEFAULT NULL,
  `p5` varchar(3) DEFAULT NULL,
  `p6` varchar(3) DEFAULT NULL,
  `p7` varchar(3) DEFAULT NULL,
  `p8` varchar(3) DEFAULT NULL,
  `p_rata_rata` varchar(4) DEFAULT NULL,
  `p_predikat` varchar(1) DEFAULT NULL,
  `p_deskripsi` longtext DEFAULT NULL,
  `k1` varchar(3) DEFAULT NULL,
  `k2` varchar(3) DEFAULT NULL,
  `k3` varchar(3) DEFAULT NULL,
  `k4` varchar(3) DEFAULT NULL,
  `k5` varchar(3) DEFAULT NULL,
  `k6` varchar(3) DEFAULT NULL,
  `k7` varchar(3) DEFAULT NULL,
  `k8` varchar(3) DEFAULT NULL,
  `k_rata_rata` varchar(4) DEFAULT NULL,
  `k_predikat` varchar(1) DEFAULT NULL,
  `k_deskripsi` longtext DEFAULT NULL,
  `jml` int(11) NOT NULL DEFAULT 0
) ENGINE=InnoDB DEFAULT CHARSET=utf8mb4 COLLATE=utf8mb4_general_ci ROW_FORMAT=DYNAMIC;

-- --------------------------------------------------------

--
-- Table structure for table `rapor_nilai_pts`
--

CREATE TABLE `rapor_nilai_pts` (
  `id_nilai_pts` int(11) NOT NULL,
  `id_mapel` int(11) DEFAULT NULL,
  `id_kelas` int(11) DEFAULT NULL,
  `id_siswa` int(11) DEFAULT NULL,
  `id_tp` int(11) NOT NULL,
  `id_smt` int(11) NOT NULL,
  `nilai` int(11) DEFAULT 0,
  `predikat` varchar(1) DEFAULT NULL
) ENGINE=InnoDB DEFAULT CHARSET=utf8mb4 COLLATE=utf8mb4_general_ci ROW_FORMAT=DYNAMIC;

-- --------------------------------------------------------

--
-- Table structure for table `rapor_nilai_sikap`
--

CREATE TABLE `rapor_nilai_sikap` (
  `id_nilai_sikap` int(11) NOT NULL,
  `id_siswa` int(11) DEFAULT NULL,
  `id_kelas` int(11) DEFAULT NULL,
  `id_tp` int(11) NOT NULL DEFAULT 0,
  `id_smt` int(11) NOT NULL DEFAULT 0,
  `jenis` int(11) DEFAULT NULL,
  `nilai` longtext NOT NULL,
  `deskripsi` longtext DEFAULT NULL
) ENGINE=InnoDB DEFAULT CHARSET=utf8mb4 COLLATE=utf8mb4_general_ci ROW_FORMAT=DYNAMIC;

-- --------------------------------------------------------

--
-- Table structure for table `rapor_prestasi`
--

CREATE TABLE `rapor_prestasi` (
  `id_ranking` int(11) NOT NULL,
  `id_kelas` int(11) DEFAULT NULL,
  `id_siswa` int(11) DEFAULT NULL,
  `id_tp` int(11) NOT NULL,
  `id_smt` int(11) NOT NULL,
  `ranking` int(11) NOT NULL,
  `deskripsi` varchar(100) NOT NULL,
  `p1` varchar(100) NOT NULL,
  `p1_desk` varchar(100) NOT NULL,
  `p2` varchar(100) NOT NULL,
  `p2_desk` varchar(100) NOT NULL,
  `p3` varchar(100) NOT NULL,
  `p3_desk` varchar(100) NOT NULL
) ENGINE=InnoDB DEFAULT CHARSET=utf8mb4 COLLATE=utf8mb4_general_ci ROW_FORMAT=DYNAMIC;

-- --------------------------------------------------------

--
-- Table structure for table `running_text`
--

CREATE TABLE `running_text` (
  `id_text` int(11) NOT NULL,
  `text` varchar(255) DEFAULT NULL
) ENGINE=InnoDB DEFAULT CHARSET=utf8mb4 COLLATE=utf8mb4_general_ci ROW_FORMAT=DYNAMIC;

-- --------------------------------------------------------

--
-- Table structure for table `setting`
--

CREATE TABLE `setting` (
  `id_setting` int(11) NOT NULL,
  `kode_sekolah` varchar(10) DEFAULT NULL,
  `sekolah` varchar(50) DEFAULT NULL,
  `npsn` varchar(10) DEFAULT NULL,
  `nss` varchar(20) DEFAULT NULL,
  `jenjang` int(11) DEFAULT NULL,
  `kepsek` varchar(50) DEFAULT NULL,
  `nip` varchar(30) DEFAULT NULL,
  `tanda_tangan` longtext DEFAULT NULL,
  `alamat` longtext DEFAULT NULL,
  `desa` varchar(100) DEFAULT NULL,
  `kecamatan` varchar(50) DEFAULT NULL,
  `kota` varchar(30) DEFAULT NULL,
  `provinsi` varchar(100) DEFAULT NULL,
  `kode_pos` int(11) DEFAULT NULL,
  `telp` varchar(20) DEFAULT NULL,
  `fax` varchar(20) DEFAULT NULL,
  `web` varchar(50) DEFAULT NULL,
  `email` varchar(50) DEFAULT NULL,
  `nama_aplikasi` varchar(100) DEFAULT NULL,
  `logo_kanan` longtext DEFAULT NULL,
  `logo_kiri` longtext DEFAULT NULL,
  `versi` varchar(10) DEFAULT NULL,
  `ip_server` varchar(100) DEFAULT NULL,
  `waktu` varchar(50) DEFAULT NULL,
  `server` varchar(50) DEFAULT NULL,
  `id_server` varchar(50) DEFAULT NULL,
  `sekolah_id` varchar(50) DEFAULT NULL,
  `db_versi` varchar(10) DEFAULT NULL,
  `satuan_pendidikan` varchar(1) DEFAULT NULL
) ENGINE=InnoDB DEFAULT CHARSET=utf8mb4 COLLATE=utf8mb4_general_ci ROW_FORMAT=COMPACT;

--
-- Dumping data for table `setting`
--

INSERT INTO `setting` (`id_setting`, `kode_sekolah`, `sekolah`, `npsn`, `nss`, `jenjang`, `kepsek`, `nip`, `tanda_tangan`, `alamat`, `desa`, `kecamatan`, `kota`, `provinsi`, `kode_pos`, `telp`, `fax`, `web`, `email`, `nama_aplikasi`, `logo_kanan`, `logo_kiri`, `versi`, `ip_server`, `waktu`, `server`, `id_server`, `sekolah_id`, `db_versi`, `satuan_pendidikan`) VALUES
(1, NULL, 'Sekolah Islam AlMarjan', '', '', 3, 'Satria Diwo Fathurrahman', '', '', 'Jl. Palem Raya Duta Indah', 'Jatikramat', 'Jatiasih', 'Kota Bekasi', 'Jawa Barat', 0, '', '', '', '', 'AlMarjanCBT', 'uploads/settings/logo_kanan.png', 'uploads/settings/logo_kiri.png', NULL, NULL, NULL, NULL, NULL, NULL, NULL, '1');

-- --------------------------------------------------------

--
-- Table structure for table `users`
--

CREATE TABLE `users` (
  `id` int(10) UNSIGNED NOT NULL,
  `ip_address` varchar(45) NOT NULL,
  `username` varchar(100) DEFAULT NULL,
  `password` varchar(255) NOT NULL,
  `email` varchar(254) DEFAULT NULL,
  `activation_selector` varchar(255) DEFAULT NULL,
  `activation_code` varchar(255) DEFAULT NULL,
  `forgotten_password_selector` varchar(255) DEFAULT NULL,
  `forgotten_password_code` varchar(255) DEFAULT NULL,
  `forgotten_password_time` int(10) UNSIGNED DEFAULT NULL,
  `remember_selector` varchar(255) DEFAULT NULL,
  `remember_code` varchar(255) DEFAULT NULL,
  `created_on` int(10) UNSIGNED NOT NULL,
  `last_login` int(10) UNSIGNED DEFAULT NULL,
  `active` tinyint(3) UNSIGNED DEFAULT NULL,
  `first_name` varchar(50) DEFAULT NULL,
  `last_name` varchar(50) DEFAULT NULL,
  `company` varchar(100) DEFAULT NULL,
  `phone` varchar(20) DEFAULT NULL
) ENGINE=InnoDB DEFAULT CHARSET=utf8mb4 COLLATE=utf8mb4_general_ci ROW_FORMAT=DYNAMIC;

--
-- Dumping data for table `users`
--

INSERT INTO `users` (`id`, `ip_address`, `username`, `password`, `email`, `activation_selector`, `activation_code`, `forgotten_password_selector`, `forgotten_password_code`, `forgotten_password_time`, `remember_selector`, `remember_code`, `created_on`, `last_login`, `active`, `first_name`, `last_name`, `company`, `phone`) VALUES
(1, '::1', 'mquraisy', '$2y$12$I5pzTIBMDJwvgxSX1Yg1p.iDFFRxJ0Zd9BNwm1dpTHbWTH7N9VC12', 'muhammad quraisy@admin.com', NULL, NULL, NULL, NULL, NULL, NULL, NULL, 1763868150, 1764050465, 1, 'Muhammad', 'Quraisy', NULL, NULL),
(22, '::1', 'mqrsy', '$2y$10$8H5XDAvEZ.3CoHJATN4VVeyUzfBu8T/R7gRLyAom0/ImC4hSnEKRy', 'mqrsy@guru.com', NULL, NULL, NULL, NULL, NULL, NULL, NULL, 1763870308, 1764045637, 1, 'Muhamad', 'Quraisy,', NULL, NULL),
(23, '::1', 'ukasha', '$2y$10$PtnQYQlBihe5f5fqhdl/HujImPe/zg1olKa5.xDUK/rE0Uy85KjLK', '2024201@siswa.com', NULL, NULL, NULL, NULL, NULL, NULL, NULL, 1763870434, 1764039636, 1, 'Abdurrahman', 'Faisal', NULL, NULL),
(24, '::1', 'akram', '$2y$10$QQ7s95rhlXkZtHF2eXWPs.BTLm3C11FXE3BJo/mBCez9ptQkT8u3S', '2024202@siswa.com', NULL, NULL, NULL, NULL, NULL, NULL, NULL, 1763870438, NULL, 1, 'Akram', 'Iftikar', NULL, NULL),
(25, '::1', 'alif', '$2y$10$QkugM/mWYcDL07eAMPk1q.wa9G4exESeyxwvESW95V75Te97yhD2q', '2024203@siswa.com', NULL, NULL, NULL, NULL, NULL, NULL, NULL, 1763870438, NULL, 1, 'Alif', 'Aryudyansyah', NULL, NULL),
(26, '::1', 'alvin', '$2y$10$jXod22zFN8BNcse6CyrWpuCgX86.QhD3ebp.NWsvV7I6SQgSBnX82', '2024204@siswa.com', NULL, NULL, NULL, NULL, NULL, NULL, NULL, 1763870438, NULL, 1, 'Alvin', 'Abiyyu', NULL, NULL),
(27, '::1', 'alvito', '$2y$10$WcSgNSAR6WxERYB.zdPYJOAlUbDQMgbxYBW0B35XFWFrSThyIxX3i', '2024205@siswa.com', NULL, NULL, NULL, NULL, NULL, NULL, NULL, 1763870438, NULL, 1, 'Alvito', 'Zibran', NULL, NULL),
(28, '::1', 'banyu', '$2y$10$mNKdPqSNOp77TDkeF8RV.e7vYv8cIam9zz45d49fn5d7jJ2SrrSNm', '2024206@siswa.com', NULL, NULL, NULL, NULL, NULL, NULL, NULL, 1763870438, NULL, 1, 'Banyu', 'Althaf', NULL, NULL),
(29, '::1', 'adit', '$2y$10$JBTdVcaoIiHUmUWAxjQT1OOCo9MRMWVnAoM953LerRsn.C0bIex0a', '2024207@siswa.com', NULL, NULL, NULL, NULL, NULL, NULL, NULL, 1763870438, NULL, 1, 'Chalif', 'Tjahyadi', NULL, NULL),
(30, '::1', 'danish', '$2y$10$JW.CK8tWx/sD/gqpvqpqROTLQC6GuXu7lYRc0WaPnMHZbIcqdpi/O', '2024208@siswa.com', NULL, NULL, NULL, NULL, NULL, NULL, NULL, 1763870438, NULL, 1, 'Danish', 'Hidayat', NULL, NULL),
(31, '::1', 'fathan', '$2y$10$LITxiCgmd0YZUdtpkvazou1t4huM0k/cVfDD.Y71uvT4G1EhPNaZG', '2024209@siswa.com', NULL, NULL, NULL, NULL, NULL, NULL, NULL, 1763870438, NULL, 1, 'Fathan', 'Wicaksono', NULL, NULL),
(32, '::1', 'vio', '$2y$10$1I607cJDy/eZhPLLWykV9uwfRIJiiNxib0MyURoCAtQsyik.UkGzG', '2024210@siswa.com', NULL, NULL, NULL, NULL, NULL, NULL, NULL, 1763870438, NULL, 1, 'Gaviota', 'Utama', NULL, NULL),
(33, '::1', 'malik', '$2y$10$3LGixSagMw9/DsgDvpGwZeILavHwsPFpgKjnF8cBl68EBOZsOVkdu', '2024211@siswa.com', NULL, NULL, NULL, NULL, NULL, NULL, NULL, 1763870438, NULL, 1, 'Gazza', 'Gumay', NULL, NULL),
(34, '::1', 'ghifari', '$2y$10$NbDYvsGW5SEgrDMHe/yFF.nRYg39r4HJKUPcQxcjoIGa2J8qM8GIa', '2024212@siswa.com', NULL, NULL, NULL, NULL, NULL, NULL, NULL, 1763870438, NULL, 1, 'Ghifari', 'Kusumantoro', NULL, NULL),
(35, '::1', 'jio', '$2y$10$Fgi2WFQMNbVYQcJFuemS0uZmI46qmKALwyPzfRzGbeHs04cTAwFXi', '2024213@siswa.com', NULL, NULL, NULL, NULL, NULL, NULL, NULL, 1763870438, NULL, 1, 'Giory', 'Santana', NULL, NULL),
(36, '::1', 'kenanda', '$2y$10$jUML9Wt9UOE/Q3h6vUPpQuH.SKFBjcrL021.P3zWXvaLkhQkMoe7.', '2024214@siswa.com', NULL, NULL, NULL, NULL, NULL, NULL, NULL, 1763870439, NULL, 1, 'Kenanda', 'Sylvaneo', NULL, NULL),
(37, '::1', 'razel', '$2y$10$FDxaQUZWDehSteiGU4ZeYuoM28tU4MssvxgA8.g5o7oySbooLcRsK', '2024216@siswa.com', NULL, NULL, NULL, NULL, NULL, NULL, NULL, 1763870439, NULL, 1, 'Muhammad', 'Putra', NULL, NULL),
(38, '::1', 'raffi', '$2y$10$ipFhLTTjv0XBHJQRb5wHgOBM.v6cvfzsZrLqV2Ge55HVPE3MF83LS', '2024217@siswa.com', NULL, NULL, NULL, NULL, NULL, NULL, NULL, 1763870439, NULL, 1, 'Raffi', 'Fadhila', NULL, NULL),
(39, '::1', 'zidane', '$2y$10$gRpnfBLW.ap4b/rhgIhZau3o2juA9scQHl0a/aHysGo1Ntvnqao36', '2024218@siswa.com', NULL, NULL, NULL, NULL, NULL, NULL, NULL, 1763870439, NULL, 1, 'Rajendra', 'Zidane', NULL, NULL),
(40, '::1', 'nathan', '$2y$10$O5f4yWGztOPphFVTsPq2vuoLWlu.ccjBCOz9xn3x3REN2892MDyMq', '2024219@siswa.com', NULL, NULL, NULL, NULL, NULL, NULL, NULL, 1763870439, NULL, 1, 'Ray', 'Arthadi', NULL, NULL),
(41, '::1', 'eza', '$2y$10$wuJQ4caRNJZ/MaCg90Jyp.A8pt40ZAfptyKo5jTUlDSwQhnHGnfLe', '2024220@siswa.com', NULL, NULL, NULL, NULL, NULL, NULL, NULL, 1763870439, NULL, 1, 'Takeyza', 'Irmi', NULL, NULL),
(42, '::1', 'zafeer', '$2y$10$ztaI6XKJRdndb/55Uol.PeR6u/J5fLwCJbupN5YxuaHZLZT06syfa', '2024221@siswa.com', NULL, NULL, NULL, NULL, NULL, NULL, NULL, 1763870439, NULL, 1, 'Zafeer', 'Alfarezel', NULL, NULL),
(43, '::1', 'agil', '$2y$10$2sFkeasWOC7ELnwslwwmb.qykV1TeNBy8WQBsLOvkxF3mld6O8ksu', '2024222@siswa.com', NULL, NULL, NULL, NULL, NULL, NULL, NULL, 1763877489, NULL, 1, 'Agil', 'Khaizan', NULL, NULL),
(44, '::1', 'azfar', '$2y$10$AUqfwpG71RLofsh9YQJBHeV/A/cbzDV/p9NeaRwLmVeA8KCzPJANW', '2024223@siswa.com', NULL, NULL, NULL, NULL, NULL, NULL, NULL, 1763877489, NULL, 1, 'Ardhani', 'Pratama', NULL, NULL),
(45, '::1', 'ayyash', '$2y$10$96fbFCt47zdCZLt3k0sltu5PDMDZRNqdY3avMaWSfRt8BEw5xWQmq', '2024224@siswa.com', NULL, NULL, NULL, NULL, NULL, NULL, NULL, 1763877490, NULL, 1, 'Ayyash', 'Insyaha', NULL, NULL),
(46, '::1', 'dzaki', '$2y$10$eY8bdQ0BaW35oWcgLX1i2u1MteSFhgxvx/t9oWA/jnIK8QrnNswYm', '2024225@siswa.com', NULL, NULL, NULL, NULL, NULL, NULL, NULL, 1763877490, NULL, 1, 'Dzaki', 'Faidlurrahman', NULL, NULL),
(47, '::1', 'maliq', '$2y$10$VE0/ssF0Kpk2dsewjNpr/e26wb1UJp2OEw41AymQzKVTxBhC3VRq6', '2024226@siswa.com', NULL, NULL, NULL, NULL, NULL, NULL, NULL, 1763877490, NULL, 1, 'Maliq', 'Achmad', NULL, NULL),
(48, '::1', 'desfa', '$2y$10$pjNvMZ/seM1p1dF.5mKPme0MEB.dEqHfiBxOpnmcXtZY8qFiOM6XK', '2024227@siswa.com', NULL, NULL, NULL, NULL, NULL, NULL, NULL, 1763877490, NULL, 1, 'Muhammad', 'Desfa', NULL, NULL),
(49, '::1', 'faiz', '$2y$10$O5fNeurfR4MCFDxAWyzIrePXifw3MHPNkfhX19plBUhh0SeJ6LNoK', '2024228@siswa.com', NULL, NULL, NULL, NULL, NULL, NULL, NULL, 1763877490, NULL, 1, 'Muhammad', 'Ritonga', NULL, NULL),
(50, '::1', 'ghozali', '$2y$10$MGvbcnvpHTEunINWco2gpuo4etyvYzCjte/fiX60IhQ9bUIEjFCpS', '2024229@siswa.com', NULL, NULL, NULL, NULL, NULL, NULL, NULL, 1763877490, NULL, 1, 'Muhammad', 'Ghozali', NULL, NULL),
(51, '::1', 'hanan', '$2y$10$n0OnOEfczcAmj4hF4BY5BesIYxbPYsIrnkaEzsomG6keIFlWMxQEi', '2024230@siswa.com', NULL, NULL, NULL, NULL, NULL, NULL, NULL, 1763877490, NULL, 1, 'Muhammad', 'Naryamasatyo', NULL, NULL),
(52, '::1', 'radhit', '$2y$10$NGnKTe8.UW.iS2ffMbws3uRCQzh5XJEvvTPEC/5dzuecdzkVhu.sW', '2024231@siswa.com', NULL, NULL, NULL, NULL, NULL, NULL, NULL, 1763877490, NULL, 1, 'Muhammad', 'Rinaldy', NULL, NULL),
(53, '::1', 'rafif', '$2y$10$EIwpZ1JdbMjDppMethJ9/.Rw1YaijM6YXZ255fHzwIUmRC.j1cIi2', '2024232@siswa.com', NULL, NULL, NULL, NULL, NULL, NULL, NULL, 1763877491, NULL, 1, 'Rafif', 'Farisy', NULL, NULL),
(54, '::1', 'seno', '$2y$10$m6ybU.XU8NNXHn9GME4fDu1cNnjup187sPauxQj7xsqaj/VpNupxe', '2024233@siswa.com', NULL, NULL, NULL, NULL, NULL, NULL, NULL, 1763877491, NULL, 1, 'Seno', 'Pribadi', NULL, NULL),
(55, '::1', 'alwy', '$2y$10$M15M.HlE4cUOHEymFhsZ2eeyixR/gvKF4lQpRqFm3f2goS0iHhqsO', '2024234@siswa.com', NULL, NULL, NULL, NULL, NULL, NULL, NULL, 1763877491, NULL, 1, 'Syafiq', 'Alwy', NULL, NULL),
(56, '::1', 'thariq', '$2y$10$Pz0mlnuueEpP2ulrbjXFXeoSxxJ88.KUGqTK5t0IfksvzFvtY6aAq', '2024235@siswa.com', NULL, NULL, NULL, NULL, NULL, NULL, NULL, 1763877491, NULL, 1, 'Thariq', 'Ababil', NULL, NULL),
(57, '::1', 'alya', '$2y$10$2hF9rKHiovMmUyj81id6mOChB.7U2S6rKC9Y3ZnzMv/Hl6Bag8ygG', '2024236@siswa.com', NULL, NULL, NULL, NULL, NULL, NULL, NULL, 1763877491, NULL, 1, 'Alya', 'Ayusyifa', NULL, NULL),
(58, '::1', 'alysa', '$2y$10$SWd0UF8iC5CaRbrXuEZP6ul5NGpC93y90IsmDyjhhGbp.PhErqjx6', '2024237@siswa.com', NULL, NULL, NULL, NULL, NULL, NULL, NULL, 1763877491, NULL, 1, 'Alysa', 'Lakeisha', NULL, NULL),
(59, '::1', 'daffina', '$2y$10$8TkXu5T49XLVcg7C5VK3sehgtR45tRgXPxy1gNhpnN8YRtiRItO0C', '2024238@siswa.com', NULL, NULL, NULL, NULL, NULL, NULL, NULL, 1763877491, NULL, 1, 'Daffina', 'Putri', NULL, NULL),
(60, '::1', 'keisha', '$2y$10$aVVc6P0uAkMGdqtEsZN6C.2ac2jq6x3bqJfOdHbMO3xdxjJXrfH3q', '2024239@siswa.com', NULL, NULL, NULL, NULL, NULL, NULL, NULL, 1763877492, NULL, 1, 'Keisha', 'Maynarista', NULL, NULL),
(61, '::1', 'nadyne', '$2y$10$.q5niNUX.w6Kd7NY2pdHmODoi6RuOENw.PByNtnv60eD8qDlRDd1m', '2024240@siswa.com', NULL, NULL, NULL, NULL, NULL, NULL, NULL, 1763877492, NULL, 1, 'Nadyne', 'Malika', NULL, NULL),
(62, '::1', 'nisa', '$2y$10$/O7kGtPmeSvH7Lm1FeON1e/RLdnnezIAvQihuiJP8YTKd4Hf/sUV.', '2024241@siswa.com', NULL, NULL, NULL, NULL, NULL, NULL, NULL, 1763877492, NULL, 1, 'Nisa', 'Ilahiyah', NULL, NULL),
(63, '::1', 'caca', '$2y$10$00huJS66Vw3h5KY2fdGYZetyL0kdHres9PQAoKe6IkikpDJ041vb.', '2024242@siswa.com', NULL, NULL, NULL, NULL, NULL, NULL, NULL, 1763877492, NULL, 1, 'Quinsha', 'Mantik', NULL, NULL),
(64, '::1', 'rana', '$2y$10$BfnpYBW.c6aUvh2zehVcL.uVtBKv9fMNLDWLFykfpZVj09KPdaW2K', '2024244@siswa.com', NULL, NULL, NULL, NULL, NULL, NULL, NULL, 1763877492, NULL, 1, 'Raihanna', 'Hartanto', NULL, NULL),
(66, '::1', 'zivanna', '$2y$10$FNqS.1nOUM9wQWHPpnPqne53nFZkrkyy2JzsmkedmQY3ogGe7Yyyu', '2024245@siswa.com', NULL, NULL, NULL, NULL, NULL, NULL, NULL, 1763877610, NULL, 1, 'Zivanna', 'Arrasy', NULL, NULL),
(67, '::1', 'dayana', '$2y$10$tmzNz5XuWU3cIM0hT7mUpui/2Drfx2IZQAS/Zb8aINzhM1GTObibO', '2024246@siswa.com', NULL, NULL, NULL, NULL, NULL, NULL, NULL, 1763877793, NULL, 1, 'Dayana', 'Janeeta', NULL, NULL),
(68, '::1', 'dzakira', '$2y$10$WzOHc91kqFHpvxUSBxSh3erFsklo7D9.W5gMS8H4QskRUCmcsXsha', '2024247@siswa.com', NULL, NULL, NULL, NULL, NULL, NULL, NULL, 1763877793, NULL, 1, 'Dzakira', 'Lubnanisa', NULL, NULL),
(69, '::1', 'elle', '$2y$10$30PaSX25VCNYd4Vub.W/cehcb1yJNaxYydNCq/jF.7s6KH2euEkju', '2024248@siswa.com', NULL, NULL, NULL, NULL, NULL, NULL, NULL, 1763877793, NULL, 1, 'Elle', 'Karguna', NULL, NULL),
(70, '::1', 'yasmin', '$2y$10$v5JOcxodoGZF5LfTf0lCHO5AuoqER/jhmsIQoR1tesmfICokb2oVq', '2024249@siswa.com', NULL, NULL, NULL, NULL, NULL, NULL, NULL, 1763877793, NULL, 1, 'Harvina', 'Yasmin', NULL, NULL),
(71, '::1', 'rahma', '$2y$10$qfocHpIbTXv4WiioXTQ88uSbFYvt5zCCs5G1O4wRW21m3hzGDKRDi', '2024250@siswa.com', NULL, NULL, NULL, NULL, NULL, NULL, NULL, 1763877794, NULL, 1, 'Irhamna', 'Rahmani', NULL, NULL),
(72, '::1', 'kayla', '$2y$10$46QqUJEaqQsdOPkGpkUGRenjd6Z0s0E7aqlDDeQsnoTMk2uSQDeci', '2024251@siswa.com', NULL, NULL, NULL, NULL, NULL, NULL, NULL, 1763877794, NULL, 1, 'Kayla', 'Putri', NULL, NULL),
(73, '::1', 'ciara', '$2y$10$tJcuD7KJiWODDxG7MuQot.yMa17MYc6xxjrVS6igb4xkF8E9QWMEy', '2024252@siswa.com', NULL, NULL, NULL, NULL, NULL, NULL, NULL, 1763877794, NULL, 1, 'Keyaharetha', 'Kusuma', NULL, NULL),
(74, '::1', 'khaira', '$2y$10$fNZb9.gVLBTT/S4KXZXB7uq7cYGOgMuh6NyJEvKxcb3.c5ti.CpPa', '2024253@siswa.com', NULL, NULL, NULL, NULL, NULL, NULL, NULL, 1763877794, NULL, 1, 'Khaira', 'Asyarani', NULL, NULL),
(75, '::1', 'adeeva', '$2y$10$qlJSVfgaPsq3ANc4Lb/cPe4oEHmBB5huqtCModBYFZYqe9IvC2sXK', '2024254@siswa.com', NULL, NULL, NULL, NULL, NULL, NULL, NULL, 1763877794, NULL, 1, 'Myesha', 'Firmansyah', NULL, NULL),
(76, '::1', 'najla', '$2y$10$ZJiwXIam7WwbNBm8TyyoLuB9/mZN32cbOratUzXAliqH4bJzBTwXi', '2024255@siswa.com', NULL, NULL, NULL, NULL, NULL, NULL, NULL, 1763877794, NULL, 1, 'Najla', 'Aulia', NULL, NULL),
(77, '::1', 'nayya', '$2y$10$i80TpqY.QktHyWRW7DKIU.GdSdty3wfPIFrbu3i.Q.RvLXsovNgXy', '2024256@siswa.com', NULL, NULL, NULL, NULL, NULL, NULL, NULL, 1763877795, NULL, 1, 'Nayyara', 'Aibar', NULL, NULL),
(78, '::1', 'nyssa', '$2y$10$bxBhUETLQoFvY1XMnINSAeVQU48m6nRO30QfI6gN7nOUAD7Sg1EFm', '2024257@siswa.com', NULL, NULL, NULL, NULL, NULL, NULL, NULL, 1763877795, NULL, 1, 'Nyssa', 'Naura', NULL, NULL),
(79, '::1', 'eca', '$2y$10$ZY.2BcWOEIPiBjWDGKIlcOiuim2SqG2ACa2fxxNiRIH1pILcaCwoC', '2024258@siswa.com', NULL, NULL, NULL, NULL, NULL, NULL, NULL, 1763877795, NULL, 1, 'Raesya', 'Fakhira', NULL, NULL),
(80, '::1', 'syahla', '$2y$10$vLupTsogleN7Le7yW5ZNseFlHBLPhSL9KaUcAmBcauEQSLTX7aIny', '2024259@siswa.com', NULL, NULL, NULL, NULL, NULL, NULL, NULL, 1763877795, NULL, 1, 'Syahla', 'Zhafifah', NULL, NULL),
(81, '::1', 'yaya', '$2y$10$FhuxZJUwN8nRjbiWz/KCa.b9VPtAO0QEDHeZKCM0SDQ9EisoNpana', '2024260@siswa.com', NULL, NULL, NULL, NULL, NULL, NULL, NULL, 1763877795, NULL, 1, 'Syakiera', 'Putri', NULL, NULL),
(82, '::1', 'jasmine', '$2y$10$N3KB7zx.h.UOUBmyIXVPYO.JxnB44Kac9EMCOFlKvUxSApsDi5qfa', '2024261@siswa.com', NULL, NULL, NULL, NULL, NULL, NULL, NULL, 1763877795, NULL, 1, 'Waode', 'Aristyan', NULL, NULL),
(83, '::1', 'adnan', '$2y$10$NfB5UziiTJaZXAymHd3RDeXv4NUxzTRJfeA/z08pHgT6yNl4jd60.', '2024262@siswa.com', NULL, NULL, NULL, NULL, NULL, NULL, NULL, 1763912127, 1764040584, 1, 'Adnan', 'Saputra', NULL, NULL),
(84, '::1', 'vero', '$2y$10$s/vqDTIPGmfDCkRoDGBnM.p4aPlOKa7.Q1NtZ01EHcL/EGsVbHc.G', '2024263@siswa.com', NULL, NULL, NULL, NULL, NULL, NULL, NULL, 1763912127, 1764039216, 1, 'Alief', 'Zihni', NULL, NULL),
(85, '::1', 'bhumi', '$2y$10$BWNCzCgRkhvsQE5e1k9YQOrQZd0rmWwRQBDVOXtUPP6Ep623OaLaq', '2024264@siswa.com', NULL, NULL, NULL, NULL, NULL, NULL, NULL, 1763912127, 1764040469, 1, 'Bhumi', 'Addisa', NULL, NULL),
(86, '::1', 'elang', '$2y$10$mPDM2FV8Qkb.QEF2Sjrek.nXN9JYYNdI7accnFTSgcREc6CVQw2.m', '2024265@siswa.com', NULL, NULL, NULL, NULL, NULL, NULL, NULL, 1763912127, 1764039171, 1, 'Elang', 'Suwargono', NULL, NULL),
(87, '::1', 'fadel', '$2y$10$1vk9HSMakYGg/EBJtl3Gz.VrIALsWoxAochvTNI2UH544Hi9Y1Ewa', '2024266@siswa.com', NULL, NULL, NULL, NULL, NULL, NULL, NULL, 1763912127, 1764039169, 1, 'Fadel', 'Hanafie', NULL, NULL),
(88, '::1', 'farand', '$2y$10$qEyyEmO/wPcGaonWjWtV0ujfIjQS04W6hIrFaBpZo6XGnLZ4vJTNy', '2024267@siswa.com', NULL, NULL, NULL, NULL, NULL, NULL, NULL, 1763912127, 1764040424, 1, 'Farand', 'Widyadana', NULL, NULL),
(89, '::1', 'hilman', '$2y$10$/ODEGsd/YomkbFbE3DzfW.SCNW8lmCadAERK8jBjaTuUjS1y1JZXG', '2024268@siswa.com', NULL, NULL, NULL, NULL, NULL, NULL, NULL, 1763912128, 1764040702, 1, 'Hilman', 'Roseno', NULL, NULL),
(90, '::1', 'kenzie', '$2y$10$U.o5BRtbNhCAF5ewCzDKdOGbJP.fmNGlTbtlgVgA6v/g607QbT62e', '2024269@siswa.com', NULL, NULL, NULL, NULL, NULL, NULL, NULL, 1763912128, 1764040576, 1, 'Kenzie', 'Mada', NULL, NULL),
(91, '::1', 'athar', '$2y$10$nWQsqHOnJPbrp4UUNr76xuEtdTzZlhD2Av2IV91a7C5B3NpE1c.Aq', '2024270@siswa.com', NULL, NULL, NULL, NULL, NULL, NULL, NULL, 1763912128, 1764040579, 1, 'Muhammad', 'Ghifaari', NULL, NULL),
(92, '::1', 'darrel', '$2y$10$R86S3x/tphFuxk4AgjE5NODXundkHc6/l7DwizRRDPI1EPYB.qaAu', '2024271@siswa.com', NULL, NULL, NULL, NULL, NULL, NULL, NULL, 1763912128, 1764040581, 1, 'Muhammad', 'Athallah', NULL, NULL),
(93, '::1', 'fathan1', '$2y$10$YbIX.Sd.nVpQSgXCMpoYseRDnrxvLJ.A1Nbn9qDfEx7RbLqfQEiuO', '2024272@siswa.com', NULL, NULL, NULL, NULL, NULL, NULL, NULL, 1763912128, 1764040581, 1, 'Muhammad', 'Efendi', NULL, NULL),
(94, '::1', 'rasyad', '$2y$10$oD5GjyVSFSz3cYgplCtrzeUGKd2aKdlt4CvXFKPgmH421VqDRNKLq', '2024273@siswa.com', NULL, NULL, NULL, NULL, NULL, NULL, NULL, 1763912128, 1764039257, 1, 'Muhammad', 'Rasyad', NULL, NULL),
(95, '::1', 'raka', '$2y$10$8p//C3AwPLalejj56kqtMeptlzQ3D9uZEPKlV4R1lMnWGr7EHXYhG', '2024274@siswa.com', NULL, NULL, NULL, NULL, NULL, NULL, NULL, 1763912128, 1764039123, 1, 'Raka', 'Indrayana', NULL, NULL),
(96, '::1', 'raviar', '$2y$10$eLcKzehCQwkGIr/YQQbCCOwJulkzCVGrE6DGIp1jnKfEPUZaNabni', '2024275@siswa.com', NULL, NULL, NULL, NULL, NULL, NULL, NULL, 1763912128, 1764039287, 1, 'Raviar', 'Saldi', NULL, NULL),
(97, '::1', 'razka', '$2y$10$OU9ncZ.MVNp9s82BhS7xG.XfK.nLm28Qdzr357OQBp/w8.vh2gsMG', '2024276@siswa.com', NULL, NULL, NULL, NULL, NULL, NULL, NULL, 1763912129, 1764039258, 1, 'Razka', 'Hidayat', NULL, NULL),
(98, '::1', 'zaky', '$2y$10$xCRUrjOD9xRsRIbEk4Wm8uvi/2b0TiDpo390arKwD2Ci4pT5lLPj2', '2024277@siswa.com', NULL, NULL, NULL, NULL, NULL, NULL, NULL, 1763912129, 1764039150, 1, 'Zaky', 'Afra', NULL, NULL),
(99, '::1', 'ajasmine', '$2y$10$tXiRcvLSLwpUePKNnF5oJOyyvOu9THGB3/g5FU5LGxE31V06LRzHu', '2024278@siswa.com', NULL, NULL, NULL, NULL, NULL, NULL, NULL, 1763912129, NULL, 1, 'Aisyah', 'Putri', NULL, NULL),
(100, '::1', 'athifa', '$2y$10$7vrJzLY0akzLuWYB3Ce1ZesEG0Ki1UCSlRWlQmhY1XQ0EIrJolzx6', '2024279@siswa.com', NULL, NULL, NULL, NULL, NULL, NULL, NULL, 1763912129, NULL, 1, 'Athifa', 'Hadi', NULL, NULL),
(101, '::1', 'azira', '$2y$10$bU9gmUze5njDY0RKrsB98OcCySPocYinPB8AkxgkDzwxvSfpF17Wq', '2024280@siswa.com', NULL, NULL, NULL, NULL, NULL, NULL, NULL, 1763912129, 1764039200, 1, 'Azira', 'Rahman', NULL, NULL),
(102, '::1', 'bella', '$2y$10$s6bjGSF5xGdqovfpejS.yu6Rke8MqHAMV03aF4oUV9V6nWrE/DFq6', '2024281@siswa.com', NULL, NULL, NULL, NULL, NULL, NULL, NULL, 1763912129, NULL, 1, 'Carissa', 'Bella', NULL, NULL),
(103, '::1', 'jihan', '$2y$10$jWGc.0E.TXfweV9QjPSRzOowf6HQpsA.dtZ8TN2qXKmzHVP5XMBOq', '2024282@siswa.com', NULL, NULL, NULL, NULL, NULL, NULL, NULL, 1763912129, NULL, 1, 'Jihan', 'Azhar', NULL, NULL),
(104, '::1', 'khansa', '$2y$10$AxPYRtqqbbJG.xmMonf.Quvy7xDdBwmVJzTCgHs4l5KlPMkKkF/86', '2024283@siswa.com', NULL, NULL, NULL, NULL, NULL, NULL, NULL, 1763912130, 1764039274, 1, 'Khansa', 'Pasya', NULL, NULL),
(105, '::1', 'nabila', '$2y$10$jtbvf1xyRfNsk/I2fuapjel/vApPAJlEs1rmBTdzeJHoXRkHcv.TW', '2024284@siswa.com', NULL, NULL, NULL, NULL, NULL, NULL, NULL, 1763912130, NULL, 1, 'Nabila', 'Putri', NULL, NULL),
(106, '::1', 'nauli', '$2y$10$f8Me.IXdrChoT2LVwWeAJO2hyTpfDPNCrxzwv719FvGGWsf0BCenK', '2024285@siswa.com', NULL, NULL, NULL, NULL, NULL, NULL, NULL, 1763912130, NULL, 1, 'Nauli', 'Putri', NULL, NULL),
(107, '::1', 'savannah', '$2y$10$Tf81O3qNBoqW6qJ.45XaDOtu71eiuabJpbOqT82bFuTu89m0KmANO', '2024286@siswa.com', NULL, NULL, NULL, NULL, NULL, NULL, NULL, 1763912130, NULL, 1, 'Savannah', 'Ulya', NULL, NULL),
(108, '::1', 'keela', '$2y$10$PVfl8qouWgoKdH1AYoWZqu8cVWFFylqq0d4q7NJWmECBTTKxzL5Oy', '2024287@siswa.com', NULL, NULL, NULL, NULL, NULL, NULL, NULL, 1763912130, NULL, 1, 'Shakeela', 'Handoko', NULL, NULL),
(109, '::1', 'athaya', '$2y$10$MrHtBs6gX9po1NW.lm1lfeT9A5EJLWokkU77x.iidNWgNH4k0fT4a', '2024288@siswa.com', NULL, NULL, NULL, NULL, NULL, NULL, NULL, 1763990255, 1764043612, 1, 'Athaya', 'Panjaitan', NULL, NULL),
(110, '::1', 'farrah', '$2y$10$c.N.xgf1Owsplm09KD6mXurp5/RYmahTTk0ATpSjbEnmCpRacaogK', '2024289@siswa.com', NULL, NULL, NULL, NULL, NULL, NULL, NULL, 1763990256, 1764043612, 1, 'Farrah', 'Haura', NULL, NULL),
(111, '::1', 'hanif', '$2y$10$I43toqii2UUd1RXwlirm6uPaByTmz1kF8K6Q5j98TibVKRM/w7TeG', '2024290@siswa.com', NULL, NULL, NULL, NULL, NULL, NULL, NULL, 1763990256, 1764043788, 1, 'Hanif', 'Andhika', NULL, NULL),
(112, '::1', 'nadia', '$2y$10$K9/oauv6yIpIArdz1KAfweAXeRaxQRi4ZhWjZ8UWdg2BiRCCUrIki', '2024291@siswa.com', NULL, NULL, NULL, NULL, NULL, NULL, NULL, 1763990256, 1764043632, 1, 'Nadia', 'Khairunnisa', NULL, NULL),
(113, '::1', 'ragita', '$2y$10$i6cIBVXFpAjHzsb8VLz7We/qa1wseDznGJJJRb6iPD45TohF92pfi', '2024292@siswa.com', NULL, NULL, NULL, NULL, NULL, NULL, NULL, 1763990256, 1764043734, 1, 'Ragita', 'Zahra', NULL, NULL),
(115, '::1', 'syazwina', '$2y$10$CJK4AstUDh7ADxiKcvjDv.GMlOnZhjdqTPNCXIsYitQ67ztU05y6y', '2024294@siswa.com', NULL, NULL, NULL, NULL, NULL, NULL, NULL, 1763990256, 1764043615, 1, 'Syazwina', 'Radisti', NULL, NULL),
(116, '::1', 'rizka', '$2y$10$cQg21gjS8TiZr47geZ8dt.eCGHsDmwDmeIETdrAwm2Vs5BflWp4Jy', '2024293@siswa.com', NULL, NULL, NULL, NULL, NULL, NULL, NULL, 1764043780, 1764044105, 1, 'Rizka', 'Alifia', NULL, NULL);

-- --------------------------------------------------------

--
-- Table structure for table `users_groups`
--

CREATE TABLE `users_groups` (
  `id` int(10) UNSIGNED NOT NULL,
  `user_id` int(10) UNSIGNED NOT NULL,
  `group_id` mediumint(8) UNSIGNED NOT NULL
) ENGINE=InnoDB DEFAULT CHARSET=utf8mb4 COLLATE=utf8mb4_general_ci ROW_FORMAT=DYNAMIC;

--
-- Dumping data for table `users_groups`
--

INSERT INTO `users_groups` (`id`, `user_id`, `group_id`) VALUES
(1, 1, 1),
(22, 22, 2),
(23, 23, 3),
(24, 24, 3),
(25, 25, 3),
(26, 26, 3),
(27, 27, 3),
(28, 28, 3),
(29, 29, 3),
(30, 30, 3),
(31, 31, 3),
(32, 32, 3),
(33, 33, 3),
(34, 34, 3),
(35, 35, 3),
(36, 36, 3),
(37, 37, 3),
(38, 38, 3),
(39, 39, 3),
(40, 40, 3),
(41, 41, 3),
(42, 42, 3),
(43, 43, 3),
(44, 44, 3),
(45, 45, 3),
(46, 46, 3),
(47, 47, 3),
(48, 48, 3),
(49, 49, 3),
(50, 50, 3),
(51, 51, 3),
(52, 52, 3),
(53, 53, 3),
(54, 54, 3),
(55, 55, 3),
(56, 56, 3),
(57, 57, 3),
(58, 58, 3),
(59, 59, 3),
(60, 60, 3),
(61, 61, 3),
(62, 62, 3),
(63, 63, 3),
(64, 64, 3),
(66, 66, 3),
(67, 67, 3),
(68, 68, 3),
(69, 69, 3),
(70, 70, 3),
(71, 71, 3),
(72, 72, 3),
(73, 73, 3),
(74, 74, 3),
(75, 75, 3),
(76, 76, 3),
(77, 77, 3),
(78, 78, 3),
(79, 79, 3),
(80, 80, 3),
(81, 81, 3),
(82, 82, 3),
(83, 83, 3),
(84, 84, 3),
(85, 85, 3),
(86, 86, 3),
(87, 87, 3),
(88, 88, 3),
(89, 89, 3),
(90, 90, 3),
(91, 91, 3),
(92, 92, 3),
(93, 93, 3),
(94, 94, 3),
(95, 95, 3),
(96, 96, 3),
(97, 97, 3),
(98, 98, 3),
(99, 99, 3),
(100, 100, 3),
(101, 101, 3),
(102, 102, 3),
(103, 103, 3),
(104, 104, 3),
(105, 105, 3),
(106, 106, 3),
(107, 107, 3),
(108, 108, 3),
(109, 109, 3),
(110, 110, 3),
(111, 111, 3),
(112, 112, 3),
(113, 113, 3),
(115, 115, 3),
(116, 116, 3);

-- --------------------------------------------------------

--
-- Table structure for table `users_profile`
--

CREATE TABLE `users_profile` (
  `id_user` int(11) NOT NULL,
  `nama_lengkap` mediumtext NOT NULL,
  `jabatan` mediumtext DEFAULT NULL,
  `level_access` int(11) NOT NULL DEFAULT 0,
  `foto` mediumtext DEFAULT NULL
) ENGINE=InnoDB DEFAULT CHARSET=utf8mb4 COLLATE=utf8mb4_general_ci ROW_FORMAT=DYNAMIC;

--
-- Indexes for dumped tables
--

--
-- Indexes for table `api_setting`
--
ALTER TABLE `api_setting`
  ADD PRIMARY KEY (`id`) USING BTREE;

--
-- Indexes for table `api_token`
--
ALTER TABLE `api_token`
  ADD PRIMARY KEY (`id_api`) USING BTREE;

--
-- Indexes for table `buku_induk`
--
ALTER TABLE `buku_induk`
  ADD PRIMARY KEY (`id_siswa`) USING BTREE;

--
-- Indexes for table `bulan`
--
ALTER TABLE `bulan`
  ADD PRIMARY KEY (`id_bln`) USING BTREE;

--
-- Indexes for table `cbt_bank_soal`
--
ALTER TABLE `cbt_bank_soal`
  ADD PRIMARY KEY (`id_bank`) USING BTREE,
  ADD UNIQUE KEY `kode_bank_soal` (`bank_kode`(100));

--
-- Indexes for table `cbt_durasi_siswa`
--
ALTER TABLE `cbt_durasi_siswa`
  ADD PRIMARY KEY (`id_durasi`) USING BTREE,
  ADD KEY `Cbt_index_id_durasi` (`id_durasi`) USING BTREE COMMENT 'id durasi',
  ADD KEY `id_siswa` (`id_siswa`) USING BTREE;

--
-- Indexes for table `cbt_jadwal`
--
ALTER TABLE `cbt_jadwal`
  ADD PRIMARY KEY (`id_jadwal`) USING BTREE,
  ADD UNIQUE KEY `idjawal_relation` (`id_jadwal`) USING BTREE,
  ADD UNIQUE KEY `id_bank_soal` (`id_bank`) USING BTREE,
  ADD KEY `idx_jns_fc` (`id_jenis`) USING BTREE;

--
-- Indexes for table `cbt_jenis`
--
ALTER TABLE `cbt_jenis`
  ADD PRIMARY KEY (`id_jenis`) USING BTREE,
  ADD UNIQUE KEY `idx_jns` (`id_jenis`) USING BTREE;

--
-- Indexes for table `cbt_kelas_ruang`
--
ALTER TABLE `cbt_kelas_ruang`
  ADD PRIMARY KEY (`id_kelas_ruang`) USING BTREE;

--
-- Indexes for table `cbt_kop_absensi`
--
ALTER TABLE `cbt_kop_absensi`
  ADD PRIMARY KEY (`id_kop`) USING BTREE;

--
-- Indexes for table `cbt_kop_berita`
--
ALTER TABLE `cbt_kop_berita`
  ADD PRIMARY KEY (`id_kop`) USING BTREE;

--
-- Indexes for table `cbt_kop_kartu`
--
ALTER TABLE `cbt_kop_kartu`
  ADD PRIMARY KEY (`id_set_kartu`) USING BTREE;

--
-- Indexes for table `cbt_nilai`
--
ALTER TABLE `cbt_nilai`
  ADD PRIMARY KEY (`id_nilai`) USING BTREE,
  ADD UNIQUE KEY `id_nilai_idx` (`id_nilai`) USING BTREE;

--
-- Indexes for table `cbt_nomor_peserta`
--
ALTER TABLE `cbt_nomor_peserta`
  ADD PRIMARY KEY (`id_nomor`) USING BTREE;

--
-- Indexes for table `cbt_pengawas`
--
ALTER TABLE `cbt_pengawas`
  ADD PRIMARY KEY (`id_pengawas`) USING BTREE;

--
-- Indexes for table `cbt_rekap`
--
ALTER TABLE `cbt_rekap`
  ADD PRIMARY KEY (`id_rekap`) USING BTREE;

--
-- Indexes for table `cbt_rekap_nilai`
--
ALTER TABLE `cbt_rekap_nilai`
  ADD PRIMARY KEY (`id_rekap_nilai`) USING BTREE;

--
-- Indexes for table `cbt_ruang`
--
ALTER TABLE `cbt_ruang`
  ADD PRIMARY KEY (`id_ruang`) USING BTREE;

--
-- Indexes for table `cbt_sesi`
--
ALTER TABLE `cbt_sesi`
  ADD PRIMARY KEY (`id_sesi`) USING BTREE;

--
-- Indexes for table `cbt_sesi_siswa`
--
ALTER TABLE `cbt_sesi_siswa`
  ADD PRIMARY KEY (`siswa_id`) USING BTREE;

--
-- Indexes for table `cbt_soal`
--
ALTER TABLE `cbt_soal`
  ADD PRIMARY KEY (`id_soal`) USING BTREE,
  ADD UNIQUE KEY `id_soal_idx` (`id_soal`) USING BTREE,
  ADD KEY `id_bank_idx` (`bank_id`) USING BTREE;

--
-- Indexes for table `cbt_soal_siswa`
--
ALTER TABLE `cbt_soal_siswa`
  ADD PRIMARY KEY (`id_soal_siswa`) USING BTREE,
  ADD UNIQUE KEY `is_soal_siswa` (`id_soal_siswa`) USING BTREE,
  ADD KEY `id_siswa` (`id_siswa`) USING BTREE,
  ADD KEY `id_jadwal` (`id_jadwal`) USING BTREE,
  ADD KEY `id_soal_fc` (`id_soal`) USING BTREE,
  ADD KEY `id_bank_fc` (`id_bank`) USING BTREE;

--
-- Indexes for table `cbt_token`
--
ALTER TABLE `cbt_token`
  ADD PRIMARY KEY (`id_token`) USING BTREE;

--
-- Indexes for table `groups`
--
ALTER TABLE `groups`
  ADD PRIMARY KEY (`id`) USING BTREE;

--
-- Indexes for table `hari`
--
ALTER TABLE `hari`
  ADD PRIMARY KEY (`id_hri`) USING BTREE;

--
-- Indexes for table `jabatan_guru`
--
ALTER TABLE `jabatan_guru`
  ADD PRIMARY KEY (`id_jabatan_guru`) USING BTREE;

--
-- Indexes for table `kelas_catatan_mapel`
--
ALTER TABLE `kelas_catatan_mapel`
  ADD PRIMARY KEY (`id_catatan`) USING BTREE;

--
-- Indexes for table `kelas_catatan_wali`
--
ALTER TABLE `kelas_catatan_wali`
  ADD PRIMARY KEY (`id_catatan`) USING BTREE;

--
-- Indexes for table `kelas_ekstra`
--
ALTER TABLE `kelas_ekstra`
  ADD PRIMARY KEY (`id_kelas_ekstra`) USING BTREE;

--
-- Indexes for table `kelas_jadwal_kbm`
--
ALTER TABLE `kelas_jadwal_kbm`
  ADD PRIMARY KEY (`id_kbm`) USING BTREE;

--
-- Indexes for table `kelas_jadwal_mapel`
--
ALTER TABLE `kelas_jadwal_mapel`
  ADD PRIMARY KEY (`id_jadwal`) USING BTREE;

--
-- Indexes for table `kelas_jadwal_materi`
--
ALTER TABLE `kelas_jadwal_materi`
  ADD PRIMARY KEY (`id_kjm`) USING BTREE;

--
-- Indexes for table `kelas_materi`
--
ALTER TABLE `kelas_materi`
  ADD PRIMARY KEY (`id_materi`) USING BTREE;

--
-- Indexes for table `kelas_siswa`
--
ALTER TABLE `kelas_siswa`
  ADD PRIMARY KEY (`id_kelas_siswa`) USING BTREE,
  ADD UNIQUE KEY `id_kelas_siswa_idx` (`id_kelas_siswa`) USING BTREE,
  ADD KEY `id_siswa_idx` (`id_siswa`) USING BTREE,
  ADD KEY `Id_kelas` (`id_kelas`) USING BTREE;

--
-- Indexes for table `kelas_struktur`
--
ALTER TABLE `kelas_struktur`
  ADD PRIMARY KEY (`id_kelas`) USING BTREE;

--
-- Indexes for table `level_guru`
--
ALTER TABLE `level_guru`
  ADD PRIMARY KEY (`id_level`) USING BTREE;

--
-- Indexes for table `level_kelas`
--
ALTER TABLE `level_kelas`
  ADD PRIMARY KEY (`id_level`) USING BTREE,
  ADD KEY `index_id_level` (`id_level`) USING BTREE;

--
-- Indexes for table `log`
--
ALTER TABLE `log`
  ADD PRIMARY KEY (`id_log`) USING BTREE;

--
-- Indexes for table `login_attempts`
--
ALTER TABLE `login_attempts`
  ADD PRIMARY KEY (`id`) USING BTREE;

--
-- Indexes for table `log_materi`
--
ALTER TABLE `log_materi`
  ADD PRIMARY KEY (`id_log`) USING BTREE;

--
-- Indexes for table `log_ujian`
--
ALTER TABLE `log_ujian`
  ADD PRIMARY KEY (`id_log`) USING BTREE;

--
-- Indexes for table `master_ekstra`
--
ALTER TABLE `master_ekstra`
  ADD PRIMARY KEY (`id_ekstra`) USING BTREE;

--
-- Indexes for table `master_guru`
--
ALTER TABLE `master_guru`
  ADD PRIMARY KEY (`id_guru`) USING BTREE;

--
-- Indexes for table `master_hari_efektif`
--
ALTER TABLE `master_hari_efektif`
  ADD PRIMARY KEY (`id_hari_efektif`) USING BTREE;

--
-- Indexes for table `master_jurusan`
--
ALTER TABLE `master_jurusan`
  ADD PRIMARY KEY (`id_jurusan`) USING BTREE;

--
-- Indexes for table `master_kelas`
--
ALTER TABLE `master_kelas`
  ADD PRIMARY KEY (`id_kelas`) USING BTREE,
  ADD KEY `index_level_Id` (`level_id`) USING BTREE;

--
-- Indexes for table `master_kelompok_mapel`
--
ALTER TABLE `master_kelompok_mapel`
  ADD PRIMARY KEY (`id_kel_mapel`) USING BTREE;

--
-- Indexes for table `master_mapel`
--
ALTER TABLE `master_mapel`
  ADD PRIMARY KEY (`id_mapel`) USING BTREE;

--
-- Indexes for table `master_siswa`
--
ALTER TABLE `master_siswa`
  ADD PRIMARY KEY (`id_siswa`,`uid`,`nisn`,`nis`) USING BTREE,
  ADD UNIQUE KEY `Id_siswa_idx` (`id_siswa`) USING BTREE,
  ADD UNIQUE KEY `uid_idx` (`uid`) USING BTREE,
  ADD UNIQUE KEY `nisn` (`nisn`) USING BTREE;

--
-- Indexes for table `master_smt`
--
ALTER TABLE `master_smt`
  ADD PRIMARY KEY (`id_smt`) USING BTREE;

--
-- Indexes for table `master_tp`
--
ALTER TABLE `master_tp`
  ADD PRIMARY KEY (`id_tp`) USING BTREE;

--
-- Indexes for table `post`
--
ALTER TABLE `post`
  ADD PRIMARY KEY (`id_post`) USING BTREE;

--
-- Indexes for table `post_comments`
--
ALTER TABLE `post_comments`
  ADD PRIMARY KEY (`id_comment`) USING BTREE;

--
-- Indexes for table `post_reply`
--
ALTER TABLE `post_reply`
  ADD PRIMARY KEY (`id_reply`) USING BTREE;

--
-- Indexes for table `rapor_admin_setting`
--
ALTER TABLE `rapor_admin_setting`
  ADD PRIMARY KEY (`id_setting`) USING BTREE;

--
-- Indexes for table `rapor_catatan_wali`
--
ALTER TABLE `rapor_catatan_wali`
  ADD PRIMARY KEY (`id_catatan_wali`) USING BTREE;

--
-- Indexes for table `rapor_data_catatan`
--
ALTER TABLE `rapor_data_catatan`
  ADD PRIMARY KEY (`id_catatan`) USING BTREE;

--
-- Indexes for table `rapor_data_fisik`
--
ALTER TABLE `rapor_data_fisik`
  ADD PRIMARY KEY (`id_fisik`) USING BTREE;

--
-- Indexes for table `rapor_data_sikap`
--
ALTER TABLE `rapor_data_sikap`
  ADD PRIMARY KEY (`id_sikap`) USING BTREE;

--
-- Indexes for table `rapor_fisik`
--
ALTER TABLE `rapor_fisik`
  ADD PRIMARY KEY (`id_fisik`) USING BTREE;

--
-- Indexes for table `rapor_kikd`
--
ALTER TABLE `rapor_kikd`
  ADD PRIMARY KEY (`id_kikd`) USING BTREE;

--
-- Indexes for table `rapor_kkm`
--
ALTER TABLE `rapor_kkm`
  ADD PRIMARY KEY (`id_kkm`) USING BTREE;

--
-- Indexes for table `rapor_naik`
--
ALTER TABLE `rapor_naik`
  ADD PRIMARY KEY (`id_naik`) USING BTREE;

--
-- Indexes for table `rapor_nilai_akhir`
--
ALTER TABLE `rapor_nilai_akhir`
  ADD PRIMARY KEY (`id_nilai_akhir`) USING BTREE;

--
-- Indexes for table `rapor_nilai_ekstra`
--
ALTER TABLE `rapor_nilai_ekstra`
  ADD PRIMARY KEY (`id_nilai_ekstra`) USING BTREE;

--
-- Indexes for table `rapor_nilai_harian`
--
ALTER TABLE `rapor_nilai_harian`
  ADD PRIMARY KEY (`id_nilai_harian`) USING BTREE;

--
-- Indexes for table `rapor_nilai_pts`
--
ALTER TABLE `rapor_nilai_pts`
  ADD PRIMARY KEY (`id_nilai_pts`) USING BTREE;

--
-- Indexes for table `rapor_nilai_sikap`
--
ALTER TABLE `rapor_nilai_sikap`
  ADD PRIMARY KEY (`id_nilai_sikap`) USING BTREE;

--
-- Indexes for table `rapor_prestasi`
--
ALTER TABLE `rapor_prestasi`
  ADD PRIMARY KEY (`id_ranking`) USING BTREE;

--
-- Indexes for table `running_text`
--
ALTER TABLE `running_text`
  ADD PRIMARY KEY (`id_text`) USING BTREE;

--
-- Indexes for table `setting`
--
ALTER TABLE `setting`
  ADD PRIMARY KEY (`id_setting`) USING BTREE;

--
-- Indexes for table `users`
--
ALTER TABLE `users`
  ADD PRIMARY KEY (`id`) USING BTREE,
  ADD UNIQUE KEY `id_user` (`id`) USING BTREE,
  ADD UNIQUE KEY `username_idx` (`username`) USING BTREE;

--
-- Indexes for table `users_groups`
--
ALTER TABLE `users_groups`
  ADD PRIMARY KEY (`id`) USING BTREE,
  ADD UNIQUE KEY `uc_users_groups` (`user_id`,`group_id`) USING BTREE,
  ADD KEY `fk_users_groups_users1_idx` (`user_id`) USING BTREE,
  ADD KEY `fk_users_groups_groups1_idx` (`group_id`) USING BTREE;

--
-- Indexes for table `users_profile`
--
ALTER TABLE `users_profile`
  ADD PRIMARY KEY (`id_user`) USING BTREE;

--
-- AUTO_INCREMENT for dumped tables
--

--
-- AUTO_INCREMENT for table `api_setting`
--
ALTER TABLE `api_setting`
  MODIFY `id` int(11) NOT NULL AUTO_INCREMENT;

--
-- AUTO_INCREMENT for table `api_token`
--
ALTER TABLE `api_token`
  MODIFY `id_api` int(11) NOT NULL AUTO_INCREMENT;

--
-- AUTO_INCREMENT for table `buku_induk`
--
ALTER TABLE `buku_induk`
  MODIFY `id_siswa` int(11) NOT NULL AUTO_INCREMENT, AUTO_INCREMENT=99;

--
-- AUTO_INCREMENT for table `bulan`
--
ALTER TABLE `bulan`
  MODIFY `id_bln` int(11) NOT NULL AUTO_INCREMENT, AUTO_INCREMENT=13;

--
-- AUTO_INCREMENT for table `cbt_bank_soal`
--
ALTER TABLE `cbt_bank_soal`
  MODIFY `id_bank` int(11) NOT NULL AUTO_INCREMENT, AUTO_INCREMENT=7;

--
-- AUTO_INCREMENT for table `cbt_jadwal`
--
ALTER TABLE `cbt_jadwal`
  MODIFY `id_jadwal` int(11) NOT NULL AUTO_INCREMENT, AUTO_INCREMENT=7;

--
-- AUTO_INCREMENT for table `cbt_jenis`
--
ALTER TABLE `cbt_jenis`
  MODIFY `id_jenis` int(11) NOT NULL AUTO_INCREMENT, AUTO_INCREMENT=8;

--
-- AUTO_INCREMENT for table `cbt_rekap`
--
ALTER TABLE `cbt_rekap`
  MODIFY `id_rekap` int(11) NOT NULL AUTO_INCREMENT, AUTO_INCREMENT=3;

--
-- AUTO_INCREMENT for table `cbt_rekap_nilai`
--
ALTER TABLE `cbt_rekap_nilai`
  MODIFY `id_rekap_nilai` int(11) NOT NULL AUTO_INCREMENT, AUTO_INCREMENT=48;

--
-- AUTO_INCREMENT for table `cbt_ruang`
--
ALTER TABLE `cbt_ruang`
  MODIFY `id_ruang` int(11) NOT NULL AUTO_INCREMENT, AUTO_INCREMENT=6;

--
-- AUTO_INCREMENT for table `cbt_sesi`
--
ALTER TABLE `cbt_sesi`
  MODIFY `id_sesi` int(11) NOT NULL AUTO_INCREMENT, AUTO_INCREMENT=4;

--
-- AUTO_INCREMENT for table `cbt_soal`
--
ALTER TABLE `cbt_soal`
  MODIFY `id_soal` int(11) NOT NULL AUTO_INCREMENT, AUTO_INCREMENT=54;

--
-- AUTO_INCREMENT for table `cbt_token`
--
ALTER TABLE `cbt_token`
  MODIFY `id_token` int(11) NOT NULL AUTO_INCREMENT, AUTO_INCREMENT=2;

--
-- AUTO_INCREMENT for table `groups`
--
ALTER TABLE `groups`
  MODIFY `id` mediumint(8) UNSIGNED NOT NULL AUTO_INCREMENT, AUTO_INCREMENT=4;

--
-- AUTO_INCREMENT for table `hari`
--
ALTER TABLE `hari`
  MODIFY `id_hri` int(11) NOT NULL AUTO_INCREMENT, AUTO_INCREMENT=8;

--
-- AUTO_INCREMENT for table `kelas_catatan_mapel`
--
ALTER TABLE `kelas_catatan_mapel`
  MODIFY `id_catatan` int(11) NOT NULL AUTO_INCREMENT;

--
-- AUTO_INCREMENT for table `kelas_catatan_wali`
--
ALTER TABLE `kelas_catatan_wali`
  MODIFY `id_catatan` int(11) NOT NULL AUTO_INCREMENT;

--
-- AUTO_INCREMENT for table `kelas_materi`
--
ALTER TABLE `kelas_materi`
  MODIFY `id_materi` int(11) NOT NULL AUTO_INCREMENT;

--
-- AUTO_INCREMENT for table `kelas_struktur`
--
ALTER TABLE `kelas_struktur`
  MODIFY `id_kelas` int(11) NOT NULL AUTO_INCREMENT;

--
-- AUTO_INCREMENT for table `level_guru`
--
ALTER TABLE `level_guru`
  MODIFY `id_level` int(11) NOT NULL AUTO_INCREMENT, AUTO_INCREMENT=7;

--
-- AUTO_INCREMENT for table `log`
--
ALTER TABLE `log`
  MODIFY `id_log` int(11) NOT NULL AUTO_INCREMENT, AUTO_INCREMENT=163;

--
-- AUTO_INCREMENT for table `login_attempts`
--
ALTER TABLE `login_attempts`
  MODIFY `id` int(10) UNSIGNED NOT NULL AUTO_INCREMENT, AUTO_INCREMENT=37;

--
-- AUTO_INCREMENT for table `log_ujian`
--
ALTER TABLE `log_ujian`
  MODIFY `id_log` int(11) NOT NULL AUTO_INCREMENT, AUTO_INCREMENT=98063;

--
-- AUTO_INCREMENT for table `master_ekstra`
--
ALTER TABLE `master_ekstra`
  MODIFY `id_ekstra` int(11) NOT NULL AUTO_INCREMENT, AUTO_INCREMENT=8;

--
-- AUTO_INCREMENT for table `master_guru`
--
ALTER TABLE `master_guru`
  MODIFY `id_guru` int(11) NOT NULL AUTO_INCREMENT, AUTO_INCREMENT=2;

--
-- AUTO_INCREMENT for table `master_hari_efektif`
--
ALTER TABLE `master_hari_efektif`
  MODIFY `id_hari_efektif` int(11) NOT NULL AUTO_INCREMENT;

--
-- AUTO_INCREMENT for table `master_jurusan`
--
ALTER TABLE `master_jurusan`
  MODIFY `id_jurusan` int(11) NOT NULL AUTO_INCREMENT, AUTO_INCREMENT=12;

--
-- AUTO_INCREMENT for table `master_kelas`
--
ALTER TABLE `master_kelas`
  MODIFY `id_kelas` int(11) NOT NULL AUTO_INCREMENT, AUTO_INCREMENT=8;

--
-- AUTO_INCREMENT for table `master_kelompok_mapel`
--
ALTER TABLE `master_kelompok_mapel`
  MODIFY `id_kel_mapel` int(11) NOT NULL AUTO_INCREMENT, AUTO_INCREMENT=7;

--
-- AUTO_INCREMENT for table `master_mapel`
--
ALTER TABLE `master_mapel`
  MODIFY `id_mapel` int(11) NOT NULL AUTO_INCREMENT, AUTO_INCREMENT=43;

--
-- AUTO_INCREMENT for table `master_siswa`
--
ALTER TABLE `master_siswa`
  MODIFY `id_siswa` int(11) NOT NULL AUTO_INCREMENT, AUTO_INCREMENT=99;

--
-- AUTO_INCREMENT for table `master_smt`
--
ALTER TABLE `master_smt`
  MODIFY `id_smt` int(11) NOT NULL AUTO_INCREMENT, AUTO_INCREMENT=3;

--
-- AUTO_INCREMENT for table `master_tp`
--
ALTER TABLE `master_tp`
  MODIFY `id_tp` int(11) NOT NULL AUTO_INCREMENT, AUTO_INCREMENT=6;

--
-- AUTO_INCREMENT for table `post`
--
ALTER TABLE `post`
  MODIFY `id_post` int(11) NOT NULL AUTO_INCREMENT;

--
-- AUTO_INCREMENT for table `post_comments`
--
ALTER TABLE `post_comments`
  MODIFY `id_comment` int(11) NOT NULL AUTO_INCREMENT;

--
-- AUTO_INCREMENT for table `post_reply`
--
ALTER TABLE `post_reply`
  MODIFY `id_reply` int(11) NOT NULL AUTO_INCREMENT;

--
-- AUTO_INCREMENT for table `rapor_admin_setting`
--
ALTER TABLE `rapor_admin_setting`
  MODIFY `id_setting` int(11) NOT NULL AUTO_INCREMENT;

--
-- AUTO_INCREMENT for table `rapor_catatan_wali`
--
ALTER TABLE `rapor_catatan_wali`
  MODIFY `id_catatan_wali` int(11) NOT NULL AUTO_INCREMENT;

--
-- AUTO_INCREMENT for table `rapor_data_catatan`
--
ALTER TABLE `rapor_data_catatan`
  MODIFY `id_catatan` int(11) NOT NULL AUTO_INCREMENT;

--
-- AUTO_INCREMENT for table `rapor_data_fisik`
--
ALTER TABLE `rapor_data_fisik`
  MODIFY `id_fisik` int(11) NOT NULL AUTO_INCREMENT;

--
-- AUTO_INCREMENT for table `rapor_data_sikap`
--
ALTER TABLE `rapor_data_sikap`
  MODIFY `id_sikap` int(11) NOT NULL AUTO_INCREMENT;

--
-- AUTO_INCREMENT for table `rapor_fisik`
--
ALTER TABLE `rapor_fisik`
  MODIFY `id_fisik` int(11) NOT NULL AUTO_INCREMENT;

--
-- AUTO_INCREMENT for table `rapor_kikd`
--
ALTER TABLE `rapor_kikd`
  MODIFY `id_kikd` int(11) NOT NULL AUTO_INCREMENT;

--
-- AUTO_INCREMENT for table `rapor_kkm`
--
ALTER TABLE `rapor_kkm`
  MODIFY `id_kkm` int(11) NOT NULL AUTO_INCREMENT;

--
-- AUTO_INCREMENT for table `rapor_nilai_akhir`
--
ALTER TABLE `rapor_nilai_akhir`
  MODIFY `id_nilai_akhir` int(11) NOT NULL AUTO_INCREMENT;

--
-- AUTO_INCREMENT for table `rapor_nilai_ekstra`
--
ALTER TABLE `rapor_nilai_ekstra`
  MODIFY `id_nilai_ekstra` int(11) NOT NULL AUTO_INCREMENT;

--
-- AUTO_INCREMENT for table `rapor_nilai_harian`
--
ALTER TABLE `rapor_nilai_harian`
  MODIFY `id_nilai_harian` int(11) NOT NULL AUTO_INCREMENT;

--
-- AUTO_INCREMENT for table `rapor_nilai_pts`
--
ALTER TABLE `rapor_nilai_pts`
  MODIFY `id_nilai_pts` int(11) NOT NULL AUTO_INCREMENT;

--
-- AUTO_INCREMENT for table `rapor_nilai_sikap`
--
ALTER TABLE `rapor_nilai_sikap`
  MODIFY `id_nilai_sikap` int(11) NOT NULL AUTO_INCREMENT;

--
-- AUTO_INCREMENT for table `rapor_prestasi`
--
ALTER TABLE `rapor_prestasi`
  MODIFY `id_ranking` int(11) NOT NULL AUTO_INCREMENT;

--
-- AUTO_INCREMENT for table `running_text`
--
ALTER TABLE `running_text`
  MODIFY `id_text` int(11) NOT NULL AUTO_INCREMENT;

--
-- AUTO_INCREMENT for table `setting`
--
ALTER TABLE `setting`
  MODIFY `id_setting` int(11) NOT NULL AUTO_INCREMENT, AUTO_INCREMENT=2;

--
-- AUTO_INCREMENT for table `users`
--
ALTER TABLE `users`
  MODIFY `id` int(10) UNSIGNED NOT NULL AUTO_INCREMENT, AUTO_INCREMENT=117;

--
-- AUTO_INCREMENT for table `users_groups`
--
ALTER TABLE `users_groups`
  MODIFY `id` int(10) UNSIGNED NOT NULL AUTO_INCREMENT, AUTO_INCREMENT=117;

--
-- AUTO_INCREMENT for table `users_profile`
--
ALTER TABLE `users_profile`
  MODIFY `id_user` int(11) NOT NULL AUTO_INCREMENT;

--
-- Constraints for dumped tables
--

--
-- Constraints for table `cbt_jadwal`
--
ALTER TABLE `cbt_jadwal`
  ADD CONSTRAINT `id_bank_soal` FOREIGN KEY (`id_bank`) REFERENCES `cbt_bank_soal` (`id_bank`),
  ADD CONSTRAINT `id_jns_idx_ifc` FOREIGN KEY (`id_jenis`) REFERENCES `cbt_jenis` (`id_jenis`);

--
-- Constraints for table `cbt_soal_siswa`
--
ALTER TABLE `cbt_soal_siswa`
  ADD CONSTRAINT `Id_siswa_fc` FOREIGN KEY (`id_siswa`) REFERENCES `master_siswa` (`id_siswa`),
  ADD CONSTRAINT `id_bank_fc` FOREIGN KEY (`id_bank`) REFERENCES `cbt_bank_soal` (`id_bank`),
  ADD CONSTRAINT `id_jadwal_fc` FOREIGN KEY (`id_jadwal`) REFERENCES `cbt_jadwal` (`id_jadwal`),
  ADD CONSTRAINT `id_soal_fc` FOREIGN KEY (`id_soal`) REFERENCES `cbt_soal` (`id_soal`);

--
-- Constraints for table `master_kelas`
--
ALTER TABLE `master_kelas`
  ADD CONSTRAINT `key_id_cek` FOREIGN KEY (`level_id`) REFERENCES `level_kelas` (`id_level`);
COMMIT;

/*!40101 SET CHARACTER_SET_CLIENT=@OLD_CHARACTER_SET_CLIENT */;
/*!40101 SET CHARACTER_SET_RESULTS=@OLD_CHARACTER_SET_RESULTS */;
/*!40101 SET COLLATION_CONNECTION=@OLD_COLLATION_CONNECTION */;
